# Object Export From Tinkercad Server 2015

mtllib obj.mtl

o obj_0
v -5.7275 		-65.7625 		11.345
v -7.7075 		-63.1675 		11.215
v -7.3925 		-65.8775 		10.78
v -7.2475 		-65.6975 		10.23
v -7.1575 		-65.48 		9.98
v -7.1125 		-65.2325 		9.88
v -7.2325 		-63.7625 		9.885
v -7.2775 		-63.5975 		9.925
v -7.4875 		-63.28 		10.3675
v -7.6175 		-63.1775 		10.795
v -6.1675 		-63.0525 		14.06
v -7.9225 		-63.1925 		13.915
v -5.5675 		-65.6625 		10.625
v -5.9525 		-63.0225 		11.355
v -5.4925 		-65.5525 		10.375
v -5.4275 		-65.4175 		10.18
v -5.3575 		-65.0925 		10.02
v -5.4775 		-63.6175 		10.025
v -5.5275 		-63.4575 		10.065
v -5.6875 		-63.1825 		10.385
v -5.8625 		-63.0325 		10.935
v -7.6975 		-65.9375 		13.905
v -5.9425 		-65.7925 		14.1
v -7.5425 		-65.2925 		15.285
v -5.7875 		-65.1475 		15.43
v -5.9075 		-63.6725 		15.435
v -7.6625 		-63.8175 		15.29
v -5.8775 		-65.78 		12.465
v -7.6175 		-65.7475 		14.905
v -7.5575 		-65.4575 		15.24
v -7.7025 		-63.6575 		15.25
v -7.7575 		-63.5075 		15.12
v -7.8375 		-63.3275 		14.785
v -7.8975 		-63.2175 		14.345
v -7.6625 		-65.9275 		12.55
v -7.8875 		-63.1875 		12.56
v -7.8412 		-63.8031 		12.6438
v -7.7725 		-64.7025 		12.73
v -7.7225 		-65.1625 		12.55
v -7.7275 		-65.1625 		12.555
v -5.9225 		-65.7725 		14.48
v -5.8625 		-65.6025 		15.05
v -5.8025 		-65.3125 		15.38
v -5.9525 		-63.5125 		15.39
v -6.03 		-63.2975 		15.16
v -6.1075 		-63.1325 		14.795
v -6.1425 		-63.0725 		14.49
v -5.9475 		-65.7925 		13.595
v -6.1725 		-63.0475 		13.605
v -7.7025 		-65.9375 		13.455
v -7.8025 		-64.6525 		13.33
v -7.8225 		-64.4875 		13.415
v -7.8325 		-64.3325 		13.415
v -7.8375 		-64.2625 		13.42
v -7.8475 		-64.1825 		13.42
v -7.8575 		-64.0375 		13.42
v -7.7575 		-65.2125 		13.325
v -7.7625 		-65.1925 		13.325
v -7.7575 		-65.2475 		13.32
v -7.8675 		-63.8675 		13.34
v -6.06 		-63.035 		12.025
v -7.7975 		-63.8475 		12.21
v -7.8425 		-63.1825 		12.11
v -7.7625 		-64.1875 		12.12
v -7.7525 		-64.2825 		12.12
v -7.7375 		-64.475 		12.125
v -7.7325 		-64.6325 		12.2
v -7.6875 		-65.1825 		12.195
v -7.6875 		-65.2125 		12.195
v -7.6825 		-65.2325 		12.195
v -7.5975 		-64.68 		12.9425
v -7.6375 		-64.6325 		13.345
v -7.5475 		-64.6075 		12.21
v -7.5925 		-64.2175 		12.135
v -7.6475 		-63.8275 		12.22
v -7.5625 		-64.4375 		12.13
v -7.7325 		-63.7875 		13.11
v -7.7025 		-63.7825 		12.785
v -7.7425 		-63.8525 		13.355
v -7.6975 		-64.2425 		13.43
v -7.6675 		-64.4675 		13.43
v -7.6525 		-65.1775 		12.205
v -7.6475 		-65.2275 		12.205
v -7.6875 		-65.1825 		13.35
v -7.6825 		-65.2325 		13.35
v -6.6312 		-43.8638 		11.6875
v -8.3775 		-41.1275 		11.265
v -8.2725 		-43.8575 		10.835
v -8.1275 		-43.6875 		10.28
v -7.9975 		-43.4025 		9.96
v -7.9675 		-43.2375 		9.92
v -7.9825 		-41.7575 		9.925
v -8.0175 		-41.5925 		9.965
v -8.0775 		-41.4375 		10.09
v -8.19 		-41.2575 		10.4125
v -8.2975 		-41.1475 		10.84
v -6.7575 		-41.1225 		14.065
v -8.5175 		-41.1375 		13.975
v -6.4375 		-43.7725 		10.625
v -6.6175 		-41.1125 		11.355
v -6.3275 		-43.6025 		10.2725
v -6.2375 		-43.3825 		10.055
v -6.2075 		-43.2175 		10.01
v -6.2225 		-41.7375 		10.015
v -6.2525 		-41.5725 		10.06
v -6.3125 		-41.4225 		10.18
v -6.425 		-41.2425 		10.5075
v -6.5375 		-41.1325 		10.935
v -8.4925 		-43.8875 		13.965
v -6.725 		-43.8725 		14.1075
v -8.2525 		-43.2525 		15.34
v -6.4875 		-43.2375 		15.43
v -6.5025 		-41.7575 		15.435
v -8.2675 		-41.7775 		15.34
v -6.7275 		-43.8675 		12.7
v -8.4175 		-43.8025 		14.7
v -8.3225 		-43.5725 		15.165
v -8.2975 		-41.6125 		15.3
v -8.37 		-41.3925 		15.07
v -8.4625 		-41.1925 		14.5525
v -8.5237 		-41.7513 		12.8588
v -8.5087 		-41.7513 		12.5437
v -8.5125 		-42.6525 		12.855
v -6.6925 		-43.8525 		14.485
v -6.6075 		-43.6875 		15.055
v -6.5175 		-43.4025 		15.385
v -6.5325 		-41.5925 		15.39
v -6.6075 		-41.3725 		15.1625
v -6.6825 		-41.2075 		14.8
v -6.765 		-41.1175 		13.045
v -8.5075 		-43.8875 		13.51
v -8.5375 		-41.1375 		13.52
v -8.5225 		-42.4775 		13.45
v -8.5225 		-42.6025 		13.385
v -8.5275 		-42.2825 		13.475
v -8.5275 		-41.9825 		13.48
v -8.5175 		-43.1425 		13.385
v -8.5175 		-43.1975 		13.38
v -8.5325 		-41.8175 		13.4
v -8.4625 		-43.8825 		12.155
v -8.4875 		-41.8025 		12.265
v -8.4875 		-41.1325 		12.165
v -8.4825 		-42.1425 		12.175
v -8.4775 		-42.1925 		12.175
v -8.4775 		-42.2375 		12.175
v -8.4775 		-42.4175 		12.175
v -8.4825 		-42.5875 		12.255
v -8.4775 		-43.1575 		12.25
v -8.4775 		-43.1375 		12.255
v -8.4775 		-43.1925 		12.25
v -8.3225 		-42.6425 		12.83
v -8.3575 		-42.5925 		13.4
v -8.2925 		-42.5775 		12.26
v -8.3225 		-41.9575 		12.185
v -8.3125 		-42.1825 		12.185
v -8.3375 		-41.7925 		12.27
v -8.3925 		-41.7475 		13.165
v -8.3725 		-41.7425 		12.84
v -8.4025 		-41.8075 		13.41
v -8.3975 		-41.9775 		13.485
v -8.4375 		-43.1375 		12.26
v -8.4375 		-43.1875 		12.26
v -8.4425 		-43.1375 		13.41
v -8.4375 		-43.1925 		13.405
v -6.6275 		-12.8625 		11.1
v -8.4175 		-10.1275 		11.085
v -8.3375 		-12.8575 		10.67
v -8.2525 		-12.7425 		10.235
v -8.1625 		-12.5625 		9.905
v -8.1125 		-12.4075 		9.78
v -8.0825 		-12.2425 		9.74
v -8.0925 		-10.7625 		9.73
v -8.1275 		-10.5975 		9.775
v -8.225 		-10.355 		10.0638
v -8.3575 		-10.1475 		10.66
v -6.6525 		-10.1025 		13.8
v -8.4175 		-10.1175 		13.8
v -6.5175 		-12.7775 		10.37
v -6.6525 		-10.1125 		11.085
v -6.4275 		-12.6125 		10.01
v -6.3425 		-12.3925 		9.785
v -6.3175 		-12.2275 		9.74
v -6.3275 		-10.7475 		9.735
v -6.4125 		-10.4325 		9.9
v -6.5375 		-10.1975 		10.36
v -6.5925 		-10.1325 		10.66
v -8.3975 		-12.8675 		13.81
v -6.6175 		-12.8525 		13.91
v -8.0875 		-12.2225 		15.165
v -6.3225 		-12.2075 		15.165
v -6.3325 		-10.7275 		15.16
v -8.0975 		-10.7425 		15.155
v -6.7 		-12.8575 		12.68
v -6.6825 		-12.86 		11.775
v -8.2875 		-12.7775 		14.535
v -8.1975 		-12.6075 		14.895
v -8.1325 		-10.5775 		15.115
v -8.2425 		-10.2975 		14.79
v -8.3625 		-10.1325 		14.225
v -8.4825 		-10.7375 		12.6888
v -8.47 		-11.6375 		12.94
v -6.5225 		-12.7625 		14.54
v -6.4275 		-12.595 		14.8975
v -6.3475 		-12.3725 		15.12
v -6.3625 		-10.5675 		15.115
v -6.4775 		-10.2825 		14.79
v -6.5975 		-10.1225 		14.225
v -6.7062 		-10.1037 		13.01
v -8.4375 		-12.8675 		13.355
v -8.4525 		-11.5825 		13.225
v -8.4525 		-11.2625 		13.31
v -8.4525 		-11.1125 		13.31
v -8.4575 		-10.9675 		13.31
v -8.4525 		-12.1275 		13.225
v -8.4525 		-12.1775 		13.22
v -8.4625 		-10.7975 		13.23
v -6.705 		-10.1075 		11.765
v -8.4625 		-12.8725 		12
v -8.4775 		-10.7925 		12.095
v -8.4825 		-10.1225 		11.99
v -8.4775 		-10.9575 		12.01
v -8.4725 		-11.1325 		12.01
v -8.4725 		-11.2275 		12.01
v -8.4725 		-11.4075 		12.01
v -8.4725 		-11.5775 		12.09
v -8.4675 		-12.1275 		12.095
v -8.4675 		-12.1825 		12.09
v -8.4775 		-11.635 		12.43
v -8.2825 		-11.6275 		12.655
v -8.2875 		-11.5775 		13.225
v -8.2825 		-11.5675 		12.09
v -8.3175 		-10.9475 		12.01
v -8.3025 		-11.1725 		12.01
v -8.3275 		-10.7825 		12.095
v -8.3325 		-10.7275 		12.99
v -8.3325 		-10.7275 		12.665
v -8.3325 		-10.7875 		13.23
v -8.3225 		-10.9575 		13.315
v -8.3125 		-11.1825 		13.31
v -8.4325 		-12.1275 		12.1
v -8.4325 		-12.1775 		12.095
v -8.3725 		-12.1175 		13.245
v -8.3725 		-12.1725 		13.24
v -6.7175 		12.0375 		11.1
v -8.4775 		14.7925 		11.085
v -8.4275 		12.0625 		10.67
v -8.3375 		12.1725 		10.235
v -8.2475 		12.3575 		9.905
v -8.1925 		12.5075 		9.78
v -8.1625 		12.6725 		9.74
v -8.1575 		14.1525 		9.73
v -8.2425 		14.4725 		9.9
v -8.3325 		14.655 		10.2275
v -8.4175 		14.7725 		10.66
v -6.7125 		14.7975 		13.8
v -8.4775 		14.8025 		13.8
v -6.7125 		14.7875 		11.085
v -6.5425 		12.2225 		10.11
v -6.4275 		12.5025 		9.785
v -6.3975 		12.6675 		9.74
v -6.3925 		14.1475 		9.735
v -6.4775 		14.4675 		9.9
v -6.5675 		14.65 		10.23
v -6.6525 		14.7675 		10.66
v -8.4875 		12.0525 		13.81
v -6.7125 		12.0475 		13.86
v -8.1675 		12.6925 		15.165
v -6.4025 		12.6875 		15.165
v -6.3975 		14.1675 		15.16
v -8.1625 		14.1725 		15.155
v -6.7875 		12.045 		12.68
v -8.3725 		12.1425 		14.535
v -8.1975 		12.5275 		15.12
v -8.1925 		14.3375 		15.115
v -8.2475 		14.4875 		14.99
v -8.3375 		14.6725 		14.66
v -8.4225 		14.7825 		14.225
v -8.5475 		12.0475 		12.905
v -8.5475 		14.1825 		12.6888
v -8.5525 		13.2825 		12.45
v -8.545 		13.2825 		12.94
v -6.6625 		12.0725 		14.235
v -6.5475 		12.2375 		14.8
v -6.4575 		12.4475 		15.0575
v -6.4275 		14.3325 		15.115
v -6.4775 		14.4875 		14.99
v -6.5725 		14.6675 		14.66
v -6.6575 		14.7775 		14.225
v -6.7656 		14.795 		12.3875
v -8.5275 		12.0525 		13.355
v -8.53 		14.8025 		13.12
v -8.5275 		13.3375 		13.225
v -8.5225 		13.6575 		13.31
v -8.5225 		13.7275 		13.31
v -8.5225 		13.8075 		13.31
v -8.525 		13.9875 		13.295
v -8.5325 		12.7925 		13.225
v -8.5325 		12.7425 		13.22
v -8.5275 		14.1225 		13.23
v -8.5325 		12.7225 		13.15
v -8.5375 		12.7225 		13.145
v -8.5475 		12.0475 		12
v -8.5475 		14.1275 		12.095
v -8.5475 		14.7975 		12.215
v -8.5425 		13.9625 		12.01
v -8.5425 		13.6925 		12.01
v -8.5475 		13.5125 		12.01
v -8.5475 		13.3425 		12.09
v -8.5475 		12.7925 		12.095
v -8.5475 		12.7375 		12.09
v -8.3575 		13.2875 		12.655
v -8.3625 		13.3425 		13.225
v -8.3575 		13.3475 		12.09
v -8.3875 		13.9675 		12.01
v -8.3925 		14.1375 		12.095
v -8.3625 		13.5175 		12.01
v -8.4025 		14.1875 		12.99
v -8.3975 		14.1925 		12.665
v -8.3975 		14.1325 		13.23
v -8.3925 		13.9625 		13.315
v -8.5125 		12.7925 		12.1
v -8.5125 		12.7425 		12.095
v -8.4525 		12.7975 		13.245
v -8.4525 		12.7475 		13.24
v -7.3925 		-48.8625 		18.065
v -7.6125 		-51.6025 		17.825
v -7.7075 		-51.5575 		17.53
v -7.8025 		-51.4075 		17.165
v -7.8325 		-51.2025 		16.915
v -7.8225 		-51.0425 		16.855
v -7.7925 		-49.5675 		16.765
v -7.7825 		-49.3175 		16.8725
v -7.69 		-49.04 		17.255
v -7.5525 		-48.9025 		17.67
v -4.5325 		-48.8375 		19.58
v -6.0725 		-48.7525 		20.435
v -6.1675 		-51.6425 		16.675
v -5.8525 		-48.9475 		17.21
v -6.2375 		-51.5525 		16.415
v -6.285 		-51.36 		16.13
v -6.2825 		-51.1275 		15.995
v -6.2475 		-49.6525 		15.91
v -6.2325 		-49.3225 		16.08
v -6.1825 		-49.1825 		16.275
v -6.0075 		-48.9875 		16.81
v -6.1375 		-51.4975 		20.595
v -5.1825 		-50.8225 		21.585
v -3.6425 		-50.9075 		20.73
v -3.6075 		-49.4325 		20.645
v -5.1525 		-49.3475 		21.5
v -5.3175 		-51.6325 		18.59
v -5.14 		-48.88 		18.625
v -5.77 		-51.6775 		17.6788
v -5.4975 		-51.2825 		21.36
v -5.2325 		-50.9875 		21.575
v -5.1925 		-49.1825 		21.47
v -5.4425 		-48.9075 		21.225
v -5.8175 		-48.7575 		20.78
v -6.7637 		-49.4169 		19.3962
v -6.7075 		-50.3075 		19.585
v -4.3375 		-51.5475 		20.08
v -3.9575 		-51.3675 		20.505
v -3.6925 		-51.0725 		20.72
v -3.6525 		-49.2675 		20.61
v -3.7525 		-49.1175 		20.52
v -3.99 		-48.945 		20.265
v -6.3925 		-51.5125 		20.22
v -6.4325 		-50.2375 		20.035
v -6.3825 		-50.0625 		20.1
v -6.3725 		-49.8425 		20.085
v -6.3725 		-49.7625 		20.085
v -6.3675 		-49.6175 		20.075
v -6.4425 		-50.8025 		20.065
v -6.4475 		-50.8125 		20.065
v -6.4425 		-50.7775 		20.065
v -6.4475 		-50.8275 		20.065
v -6.4825 		-50.7625 		20.005
v -6.4825 		-50.7625 		20
v -6.4075 		-49.4525 		20
v -6.4975 		-50.7625 		19.98
v -7.0725 		-51.5675 		19.05
v -6.9775 		-49.4825 		19.015
v -7.0075 		-48.8225 		18.885
v -7.0175 		-49.6575 		18.95
v -7.0275 		-49.9275 		18.965
v -7.0325 		-50.1025 		18.975
v -6.9975 		-50.2675 		19.055
v -7.0125 		-50.8375 		19.09
v -7.0075 		-50.8175 		19.09
v -7.0125 		-50.8725 		19.09
v -6.9775 		-50.8875 		19.15
v -6.9775 		-50.8875 		19.16
v -6.9625 		-50.7975 		19.175
v -6.9575 		-50.7975 		19.185
v -6.9275 		-50.7925 		19.24
v -6.8725 		-50.7825 		19.34
v -6.2825 		-50.2375 		19.96
v -6.635 		-50.3175 		19.3175
v -6.8325 		-50.2725 		18.96
v -6.8825 		-49.6525 		18.875
v -6.8775 		-49.8775 		18.88
v -6.8425 		-49.4825 		18.94
v -6.4125 		-49.3975 		19.72
v -6.5725 		-49.4075 		19.44
v -6.2925 		-49.4475 		19.94
v -6.2475 		-49.8425 		20.02
v -6.2475 		-50.0675 		20.025
v -6.9725 		-50.8175 		19.075
v -6.9775 		-50.8725 		19.075
v -6.3675 		-50.7775 		20.045
v -6.3675 		-50.8275 		20.045
v -5.0925 		43.4 		11.7725
v -6.5425 		46.2575 		11.145
v -6.5375 		43.5275 		10.695
v -6.2675 		43.6875 		10.185
v -6.1475 		43.8175 		10.015
v -6.0025 		44.1275 		9.88
v -5.9175 		45.6025 		9.91
v -5.9475 		45.7725 		9.945
v -6.1225 		46.0625 		10.235
v -6.2475 		46.1675 		10.47
v -5.5725 		46.1375 		14.225
v -7.2675 		46.2525 		13.755
v -4.7025 		43.4775 		10.89
v -4.8475 		46.1425 		11.615
v -4.4475 		43.7025 		10.485
v -4.3575 		43.8525 		10.38
v -4.3075 		44.0175 		10.35
v -4.2175 		45.4925 		10.38
v -4.3225 		45.8175 		10.525
v -4.5475 		46.0525 		10.94
v -4.7425 		46.1325 		11.3675
v -7.4325 		43.5025 		13.705
v -5.745 		43.3925 		14.225
v -7.4525 		44.1175 		15.11
v -5.7525 		44.0025 		15.58
v -5.6675 		45.4825 		15.605
v -7.3625 		45.5925 		15.135
v -7.5175 		43.5825 		14.44
v -7.5125 		43.74 		14.8125
v -7.3725 		45.7575 		15.09
v -7.3675 		46.105 		14.6225
v -7.3275 		46.2225 		14.185
v -7.0738 		45.6425 		12.6563
v -6.9925 		45.6388 		12.3525
v -7.1125 		44.7425 		12.57
v -5.8175 		43.4675 		14.91
v -5.815 		43.63 		15.2825
v -5.7825 		43.8425 		15.525
v -5.6725 		45.6475 		15.56
v -5.6775 		45.9375 		15.225
v -5.6275 		46.1125 		14.655
v -5.4112 		46.1437 		13.45
v -7.3525 		43.5075 		13.26
v -7.2475 		44.7925 		13.155
v -7.2575 		44.9575 		13.245
v -7.2475 		45.1125 		13.25
v -7.2425 		45.1825 		13.25
v -7.2375 		45.2625 		13.25
v -7.2275 		45.4075 		13.255
v -7.2825 		44.2325 		13.145
v -7.2775 		44.2475 		13.145
v -7.2825 		44.1975 		13.14
v -7.2025 		45.5775 		13.18
v -5.38 		43.4025 		12.6325
v -7.0125 		43.5125 		11.945
v -6.905 		45.445 		12.01
v -6.9175 		45.5925 		12.085
v -6.8475 		46.2575 		11.995
v -6.9125 		45.2525 		11.995
v -6.9175 		45.1975 		11.99
v -6.9175 		45.1525 		11.99
v -6.9275 		44.9775 		11.985
v -6.9625 		44.8075 		12.06
v -6.9975 		44.2375 		12.05
v -6.9975 		44.2575 		12.05
v -6.9975 		44.2225 		12.045
v -6.9975 		44.2025 		12.045
v -7.0175 		44.1825 		12.115
v -7.0225 		44.1825 		12.12
v -6.9325 		44.7375 		12.655
v -7.0875 		44.7875 		13.205
v -6.7775 		44.8025 		12.11
v -6.7525 		45.1975 		12.035
v -6.7675 		45.5925 		12.12
v -6.7525 		44.9725 		12.035
v -6.9675 		45.64 		12.8275
v -7.0775 		45.5775 		13.22
v -7.1025 		45.4075 		13.295
v -7.1075 		44.9575 		13.285
v -6.9625 		44.2575 		12.065
v -6.9625 		44.2025 		12.06
v -7.2125 		44.2525 		13.185
v -7.2125 		44.1975 		13.18
v 4.8125 		44.8825 		11.63
v 6.8475 		42.3925 		11.045
v 6.3275 		45.0925 		10.76
v 6.0825 		44.9125 		10.24
v 5.955 		44.6975 		10.005
v 5.9025 		44.4525 		9.91
v 6.0925 		42.9875 		9.85
v 6.1525 		42.8275 		9.875
v 6.3875 		42.5575 		10.145
v 6.6725 		42.4075 		10.65
v 5.9025 		42.1475 		14.13
v 7.5875 		42.3825 		13.655
v 5.1625 		42.1575 		11.52
v 4.3975 		44.6775 		10.72
v 4.3025 		44.5425 		10.535
v 4.2225 		44.2175 		10.385
v 4.4075 		42.7475 		10.325
v 4.4725 		42.5925 		10.35
v 4.7025 		42.3225 		10.625
v 4.9175 		42.2 		10.9875
v 7.2325 		45.1075 		13.765
v 5.5675 		44.8725 		14.34
v 7.3825 		44.4325 		15.13
v 5.6975 		44.1975 		15.605
v 5.8875 		42.7325 		15.545
v 7.5725 		42.9675 		15.07
v 5.335 		44.8862 		13.2438
v 7.3375 		45.0075 		14.49
v 7.3675 		44.8275 		14.855
v 7.6075 		42.8075 		15.015
v 7.6525 		42.6025 		14.7675
v 7.6675 		42.4475 		14.39
v 7.0475 		45.1225 		12.875
v 7.2687 		43.0075 		12.5913
v 7.145 		43.9025 		12.5925
v 7.1075 		44.4625 		12.74
v 7.1025 		44.4625 		12.735
v 5.6525 		44.7725 		14.97
v 5.6925 		44.5225 		15.435
v 5.9575 		42.4275 		15.35
v 5.9825 		42.2125 		14.865
v 5.685 		42.1587 		13.135
v 7.1525 		45.1175 		13.315
v 7.2875 		43.8425 		13.14
v 7.3475 		43.5275 		13.215
v 7.3575 		43.4525 		13.21
v 7.3675 		43.3725 		13.21
v 7.3825 		43.2325 		13.205
v 7.2125 		44.4175 		13.16
v 7.2125 		44.3975 		13.16
v 7.2175 		44.3825 		13.16
v 7.2075 		44.4325 		13.16
v 7.3875 		43.0625 		13.12
v 7.1925 		44.4525 		13.09
v 7.1875 		44.4525 		13.085
v 6.8025 		45.1225 		12.005
v 7.0975 		43.0625 		12.02
v 7.1525 		42.3975 		11.895
v 7.0275 		43.3975 		11.95
v 7.0225 		43.4475 		11.955
v 7.0175 		43.4925 		11.955
v 6.9925 		43.6725 		11.96
v 6.9975 		43.8375 		12.045
v 6.9275 		44.3875 		12.07
v 6.9225 		44.4175 		12.065
v 6.9175 		44.4375 		12.065
v 7.0525 		43.8675 		12.955
v 7.1275 		43.8125 		13.19
v 6.9175 		43.865 		12.4875
v 6.8175 		43.8075 		12.095
v 6.8625 		43.4175 		12
v 6.9525 		43.0325 		12.06
v 6.8225 		43.6375 		12.01
v 7.2125 		42.9825 		12.92
v 7.1225 		42.9775 		12.605
v 7.2675 		43.0375 		13.155
v 7.2225 		43.4275 		13.25
v 6.8925 		44.3775 		12.085
v 6.8875 		44.4275 		12.085
v 7.1475 		44.3675 		13.2
v 7.1425 		44.4175 		13.2
v 5.9625 		-48.9825 		17.315
v 7.4425 		-51.7825 		18.135
v 7.6625 		-49.0525 		17.775
v 7.8325 		-49.2125 		17.225
v 7.8825 		-49.4925 		16.88
v 7.8725 		-49.6575 		16.825
v 7.8425 		-51.1325 		16.805
v 7.8425 		-51.2975 		16.85
v 7.8225 		-51.4525 		16.985
v 7.74 		-51.64 		17.3125
v 7.6025 		-51.7575 		17.73
v 4.5825 		-51.7375 		19.645
v 6.1225 		-51.7875 		20.5
v 5.9025 		-51.7325 		17.275
v 6.2525 		-49.1125 		16.4925
v 6.3275 		-49.2925 		16.16
v 6.3425 		-49.4425 		16.02
v 6.3325 		-49.6075 		15.965
v 6.2975 		-51.0875 		15.945
v 6.3025 		-51.2525 		15.995
v 6.2825 		-51.4075 		16.125
v 6.195 		-51.5925 		16.4575
v 6.0575 		-51.7075 		16.875
v 6.1875 		-49.0375 		20.545
v 4.6125 		-48.9875 		19.7275
v 5.2325 		-49.6675 		21.565
v 3.6925 		-49.6225 		20.705
v 3.6575 		-51.0975 		20.685
v 5.2025 		-51.1475 		21.54
v 5.0175 		-48.9875 		19.1175
v 5.6775 		-48.9875 		17.9325
v 5.7275 		-49.1225 		21.125
v 5.3925 		-49.3525 		21.46
v 5.2425 		-51.3125 		21.515
v 5.5825 		-51.65 		21.185
v 5.8675 		-51.7675 		20.845
v 6.9075 		-49.0375 		19.395
v 6.7363 		-51.17 		19.5738
v 6.8913 		-51.1688 		19.2987
v 6.7575 		-50.2675 		19.585
v 6.8925 		-49.7025 		19.385
v 4.1875 		-49.0725 		20.265
v 3.8525 		-49.3025 		20.605
v 3.7025 		-51.2625 		20.66
v 3.9525 		-51.5525 		20.425
v 4.3225 		-51.7175 		19.99
v 5.0137 		-51.7375 		18.98
v 6.4425 		-49.0375 		20.17
v 6.4825 		-50.3225 		20.04
v 6.4275 		-50.6425 		20.11
v 6.4225 		-50.7175 		20.11
v 6.4225 		-50.7975 		20.11
v 6.4175 		-50.9375 		20.105
v 6.4925 		-49.7525 		20.045
v 6.4975 		-49.7425 		20.045
v 6.4925 		-49.7775 		20.045
v 6.4975 		-49.7275 		20.045
v 6.4575 		-51.1075 		20.035
v 5.6175 		-51.7375 		17.8925
v 7.1225 		-49.0375 		18.995
v 7.0275 		-51.1175 		19.055
v 7.0575 		-51.7875 		18.955
v 7.0675 		-50.9475 		18.985
v 7.0725 		-50.7775 		18.985
v 7.0775 		-50.7275 		18.985
v 7.0775 		-50.6775 		18.985
v 7.0825 		-50.5025 		18.985
v 7.0475 		-50.3325 		19.06
v 7.0625 		-49.7625 		19.065
v 7.0575 		-49.7825 		19.07
v 7.0625 		-49.7275 		19.065
v 7.0275 		-49.7075 		19.13
v 7.0275 		-49.7075 		19.135
v 6.94 		-50.275 		19.265
v 7.0175 		-49.7075 		19.145
v 6.8925 		-49.7025 		19.38
v 6.9825 		-49.7075 		19.215
v 6.6075 		-50.2725 		19.46
v 6.3325 		-50.3225 		19.96
v 6.8825 		-50.3325 		18.965
v 6.9275 		-50.7275 		18.9
v 6.8925 		-51.1225 		18.98
v 6.4625 		-51.1725 		19.765
v 6.6225 		-51.1725 		19.48
v 6.3425 		-51.1125 		19.975
v 6.2975 		-50.4925 		20.035
v 6.9225 		-49.7025 		19.31
v 7.0225 		-49.7825 		19.055
v 7.0275 		-49.7275 		19.055
v 6.4175 		-49.7825 		20.025
v 6.4175 		-49.7325 		20.025
v 6.7287 		14.4913 		11.4375
v 8.4625 		11.7375 		11.085
v 8.4075 		14.4675 		10.67
v 8.2325 		14.1725 		9.905
v 8.1775 		14.0225 		9.78
v 8.1475 		13.8575 		9.74
v 8.1425 		12.3775 		9.73
v 8.1725 		12.2125 		9.775
v 8.3175 		11.8775 		10.2275
v 8.4025 		11.7625 		10.66
v 6.6975 		11.7325 		13.8
v 8.4625 		11.7275 		13.8
v 6.5875 		14.4075 		10.37
v 6.6975 		11.7425 		11.085
v 6.5275 		14.3075 		10.11
v 6.4125 		14.0275 		9.785
v 6.3825 		13.8625 		9.74
v 6.3775 		12.3825 		9.735
v 6.4075 		12.2175 		9.775
v 6.49 		11.9975 		10
v 6.5825 		11.8275 		10.36
v 6.6375 		11.7625 		10.66
v 8.4675 		14.4775 		13.81
v 6.6975 		14.4825 		13.86
v 8.1525 		13.8375 		15.165
v 6.3875 		13.8425 		15.165
v 6.3825 		12.3625 		15.16
v 8.1475 		12.3575 		15.155
v 6.77 		14.485 		12.68
v 6.765 		11.735 		12.67
v 8.3575 		14.3925 		14.535
v 8.265 		14.2225 		14.895
v 8.1825 		14.0025 		15.12
v 8.1775 		12.1925 		15.115
v 8.3225 		11.8575 		14.66
v 8.4075 		11.7475 		14.225
v 8.5325 		12.3475 		12.6888
v 8.535 		12.3513 		12.3737
v 8.5325 		13.2475 		12.665
v 6.5925 		14.3925 		14.54
v 6.5275 		14.2925 		14.8
v 6.4425 		14.0825 		15.0575
v 6.4125 		12.1975 		15.115
v 6.5225 		11.9125 		14.79
v 6.6425 		11.7525 		14.225
v 8.5125 		14.4775 		13.355
v 8.515 		11.73 		13.12
v 8.51 		13.05 		13.295
v 8.5125 		13.1925 		13.225
v 8.5075 		12.78 		13.31
v 8.5075 		12.5425 		13.295
v 8.5175 		13.7375 		13.225
v 8.5175 		13.7875 		13.22
v 8.5125 		12.4075 		13.23
v 8.5325 		14.4825 		12
v 8.5275 		12.4025 		12.095
v 8.5275 		11.7325 		11.99
v 8.5275 		12.5675 		12.01
v 8.5275 		12.8425 		12.01
v 8.5275 		13.0325 		12.015
v 8.5325 		13.1875 		12.09
v 8.5325 		13.7375 		12.095
v 8.5325 		13.7925 		12.09
v 8.5325 		13.7175 		12.19
v 8.5325 		13.7175 		12.205
v 8.5375 		13.7175 		12.265
v 8.5375 		13.7125 		12.375
v 8.3425 		13.2425 		12.655
v 8.3475 		13.1875 		13.225
v 8.3425 		13.1825 		12.09
v 8.3675 		12.5625 		12.01
v 8.3775 		12.3925 		12.095
v 8.3475 		13.0125 		12.01
v 8.3825 		12.3425 		12.8275
v 8.3825 		12.4025 		13.23
v 8.3775 		12.5675 		13.315
v 8.3525 		13.0225 		13.31
v 8.4975 		13.7375 		12.1
v 8.4975 		13.7875 		12.095
v 8.4375 		13.7325 		13.245
v 8.4375 		13.7825 		13.24
v 6.8625 		-10.2925 		11.1
v 8.3525 		-13.2025 		11.085
v 8.5575 		-10.4825 		10.67
v 8.4275 		-10.6325 		10.105
v 8.32 		-10.83 		9.8425
v 8.2425 		-11.0625 		9.74
v 8.0975 		-12.5325 		9.73
v 8.1475 		-12.8625 		9.9
v 8.2475 		-13.1075 		10.355
v 6.5975 		-13.0425 		13.8
v 8.3525 		-13.2125 		13.8
v 6.5975 		-13.0325 		11.085
v 6.6675 		-10.4575 		10.11
v 6.5975 		-10.5825 		9.91
v 6.4825 		-10.8925 		9.74
v 6.3425 		-12.3625 		9.735
v 6.3725 		-12.61 		9.8375
v 6.4375 		-12.8275 		10.1
v 6.4925 		-12.9325 		10.36
v 8.6225 		-10.4775 		13.81
v 6.8575 		-10.305 		13.86
v 8.2425 		-11.0825 		15.165
v 6.4875 		-10.9125 		15.165
v 6.3425 		-12.3825 		15.16
v 8.1025 		-12.5575 		15.155
v 6.915 		-10.3025 		11.775
v 8.5025 		-10.5525 		14.535
v 8.3925 		-10.71 		14.895
v 8.2875 		-10.9225 		15.12
v 8.1125 		-12.7225 		15.115
v 8.1975 		-13.0175 		14.79
v 8.2975 		-13.1875 		14.225
v 8.48 		-12.6025 		12.6888
v 8.5675 		-11.7075 		12.69
v 6.7425 		-10.3825 		14.54
v 6.5975 		-10.6025 		14.995
v 6.3575 		-12.5525 		15.115
v 6.4425 		-12.8425 		14.79
v 6.5425 		-13.0175 		14.225
v 6.9025 		-10.3075 		13.36
v 6.6494 		-13.0437 		12.3875
v 8.6625 		-10.4775 		13.355
v 8.5425 		-11.7575 		13.225
v 8.5075 		-12.0775 		13.31
v 8.5025 		-12.1475 		13.31
v 8.4925 		-12.2275 		13.31
v 8.475 		-12.405 		13.295
v 8.5975 		-11.1925 		13.225
v 8.5975 		-11.1825 		13.22
v 8.5975 		-11.2175 		13.225
v 8.6025 		-11.1675 		13.22
v 8.4675 		-12.5425 		13.23
v 8.6825 		-10.4775 		12
v 8.4825 		-12.5475 		12.095
v 8.4175 		-13.2125 		11.99
v 8.4975 		-12.3825 		12.01
v 8.5175 		-12.2075 		12.01
v 8.5225 		-12.1575 		12.01
v 8.5225 		-12.1125 		12.01
v 8.5425 		-11.9325 		12.01
v 8.5575 		-11.7675 		12.09
v 8.6175 		-11.1975 		12.09
v 8.6125 		-11.2175 		12.095
v 8.6175 		-11.1675 		12.09
v 8.6125 		-11.2375 		12.19
v 8.57 		-11.7088 		12.3863
v 8.6125 		-11.2375 		12.205
v 8.6125 		-11.2425 		12.265
v 8.6175 		-11.2425 		12.375
v 8.3775 		-11.6975 		12.655
v 8.3775 		-11.7475 		13.225
v 8.3675 		-11.7575 		12.09
v 8.3375 		-12.3775 		12.01
v 8.3525 		-12.1475 		12.01
v 8.3325 		-12.5425 		12.095
v 8.3325 		-12.5925 		12.99
v 8.3325 		-12.5975 		12.665
v 8.3375 		-12.5375 		13.23
v 8.3475 		-12.3675 		13.315
v 8.3575 		-12.1425 		13.31
v 8.5775 		-11.2175 		12.1
v 8.5825 		-11.1625 		12.095
v 8.5175 		-11.2175 		13.245
v 8.5225 		-11.1625 		13.24
v 8.5675 		-11.1925 		13.23
v 6.7525 		-41.2725 		11.345
v 8.45 		-41.45 		10.9663
v 8.2375 		-44.1825 		11.215
v 8.3225 		-41.5125 		10.485
v 8.2325 		-41.6075 		10.23
v 8.105 		-41.805 		9.98
v 8.0175 		-42.0375 		9.88
v 7.8725 		-43.5125 		9.885
v 7.8925 		-43.6775 		9.925
v 7.9375 		-43.8375 		10.045
v 8.0375 		-44.0275 		10.3675
v 8.1475 		-44.1525 		10.795
v 6.7025 		-44.0175 		14.06
v 8.4525 		-44.1925 		13.915
v 6.4825 		-44.0075 		11.355
v 6.4825 		-41.4375 		10.375
v 6.3925 		-41.5625 		10.18
v 6.2675 		-41.8675 		10.02
v 6.1225 		-43.3425 		10.025
v 6.1375 		-43.5075 		10.065
v 6.1875 		-43.6675 		10.19
v 6.2875 		-43.8575 		10.51
v 6.3925 		-43.9825 		10.935
v 8.7175 		-41.4525 		13.905
v 6.965 		-41.2825 		14.1
v 8.4525 		-42.0625 		15.285
v 6.6975 		-41.8875 		15.43
v 6.5575 		-43.3625 		15.435
v 8.3075 		-43.5325 		15.29
v 6.965 		-41.2825 		13.3675
v 6.895 		-41.2813 		12.3525
v 8.6575 		-41.5275 		14.645
v 8.4925 		-41.8975 		15.24
v 8.3175 		-43.6975 		15.25
v 8.3475 		-43.8575 		15.12
v 8.3925 		-44.045 		14.785
v 8.4325 		-44.1675 		14.345
v 8.4913 		-43.5788 		12.8025
v 8.47 		-43.5775 		12.485
v 8.5725 		-42.6825 		12.73
v 6.9425 		-41.2975 		14.48
v 6.8575 		-41.4525 		15.05
v 6.7425 		-41.7275 		15.38
v 6.5675 		-43.5275 		15.39
v 6.5925 		-43.6875 		15.26
v 6.6425 		-43.875 		14.9275
v 6.6825 		-43.9925 		14.49
v 8.7225 		-41.4575 		13.455
v 8.5975 		-42.7375 		13.33
v 8.5825 		-42.9025 		13.415
v 8.5625 		-43.1275 		13.42
v 8.5525 		-43.2075 		13.42
v 8.5375 		-43.3475 		13.42
v 8.6525 		-42.1675 		13.325
v 8.6475 		-42.1775 		13.325
v 8.6475 		-42.1925 		13.325
v 8.6525 		-42.1425 		13.32
v 8.5175 		-43.5175 		13.34
v 6.5925 		-44.0175 		12.025
v 8.6375 		-41.4525 		12.1
v 8.4475 		-43.5275 		12.21
v 8.3725 		-44.1925 		12.11
v 8.4525 		-43.3575 		12.125
v 8.4725 		-43.1875 		12.12
v 8.4775 		-43.1325 		12.12
v 8.4825 		-43.0875 		12.12
v 8.4975 		-42.9125 		12.12
v 8.5225 		-42.7425 		12.2
v 8.5775 		-42.1925 		12.195
v 8.5825 		-42.1425 		12.195
v 8.5975 		-42.1225 		12.36
v 8.3825 		-42.6725 		12.78
v 8.4275 		-42.7225 		13.345
v 8.3325 		-42.7325 		12.21
v 8.2975 		-43.3525 		12.135
v 8.3075 		-43.1275 		12.135
v 8.2975 		-43.5175 		12.22
v 8.3675 		-43.5725 		13.11
v 8.3425 		-43.5725 		12.785
v 8.3925 		-43.5125 		13.355
v 8.4175 		-43.1175 		13.43
v 8.4275 		-42.8925 		13.43
v 8.5687 		-42.115 		12.9712
v 8.5375 		-42.1925 		12.205
v 8.5425 		-42.1425 		12.205
v 8.5725 		-42.1925 		13.35
v 8.5775 		-42.1425 		13.35
v 8.6225 		-42.1425 		13.33
v 5.9225 		-63.3275 		11.345
v 7.6225 		-63.505 		10.9663
v 7.4075 		-66.2375 		11.215
v 7.4925 		-63.5675 		10.485
v 7.4025 		-63.6625 		10.23
v 7.275 		-63.86 		9.98
v 7.1875 		-64.0925 		9.88
v 7.0475 		-65.5675 		9.885
v 7.0625 		-65.7325 		9.925
v 7.1075 		-65.8925 		10.045
v 7.2075 		-66.0825 		10.3675
v 7.3175 		-66.2075 		10.795
v 5.8725 		-66.0775 		14.06
v 7.6225 		-66.2475 		13.915
v 5.6575 		-66.0625 		11.355
v 5.6525 		-63.4925 		10.375
v 5.525 		-63.69 		10.12
v 5.4375 		-63.9225 		10.02
v 5.2925 		-65.3975 		10.025
v 5.3125 		-65.5625 		10.065
v 5.39 		-65.79 		10.2875
v 5.4925 		-65.9675 		10.635
v 5.5675 		-66.0375 		10.935
v 7.8925 		-63.5075 		13.905
v 6.1375 		-63.3375 		14.1
v 7.6225 		-64.1175 		15.285
v 5.8725 		-63.9425 		15.43
v 5.7275 		-65.4175 		15.435
v 7.4775 		-65.5875 		15.29
v 6.1025 		-63.3375 		12.69
v 5.85 		-66.0775 		12.925
v 7.7775 		-63.6825 		14.905
v 7.6675 		-63.9525 		15.24
v 7.4925 		-65.7525 		15.25
v 7.5175 		-65.9125 		15.12
v 7.5625 		-66.1 		14.785
v 7.6025 		-66.2225 		14.345
v 7.8825 		-63.5125 		13
v 7.6625 		-65.6338 		12.8025
v 7.6413 		-65.6325 		12.485
v 7.7475 		-64.7375 		12.755
v 7.8131 		-64.1725 		12.9388
v 7.7625 		-64.7375 		13.005
v 6.1125 		-63.3525 		14.48
v 6.0275 		-63.5075 		15.05
v 5.9125 		-63.7825 		15.38
v 5.7375 		-65.5825 		15.39
v 5.7625 		-65.7425 		15.26
v 5.8125 		-65.93 		14.9275
v 5.8525 		-66.0475 		14.49
v 7.8975 		-63.5125 		13.455
v 7.7675 		-64.7925 		13.33
v 7.7525 		-64.9575 		13.415
v 7.7325 		-65.1825 		13.42
v 7.7225 		-65.2625 		13.42
v 7.705 		-65.4375 		13.405
v 7.8225 		-64.2325 		13.325
v 7.8175 		-64.2475 		13.325
v 7.8225 		-64.1975 		13.32
v 7.6925 		-65.5725 		13.34
v 7.8075 		-63.5075 		12.1
v 7.6175 		-65.5825 		12.21
v 7.5425 		-66.2475 		12.11
v 7.6475 		-65.1875 		12.12
v 7.6525 		-65.1425 		12.12
v 7.6675 		-64.9675 		12.12
v 7.6925 		-64.7975 		12.2
v 7.7475 		-64.2475 		12.195
v 7.7525 		-64.1975 		12.195
v 7.7525 		-64.2675 		12.295
v 7.7575 		-64.2725 		12.31
v 7.7625 		-64.2725 		12.37
v 7.7725 		-64.2775 		12.48
v 7.5525 		-64.7275 		12.78
v 7.6025 		-64.7825 		13.345
v 7.5025 		-64.7875 		12.21
v 7.4675 		-65.4075 		12.135
v 7.4675 		-65.5775 		12.22
v 7.4875 		-64.9575 		12.13
v 7.525 		-65.6275 		12.9475
v 7.5625 		-65.5675 		13.355
v 7.5875 		-65.1725 		13.43
v 7.5975 		-64.9475 		13.43
v 7.7125 		-64.2475 		12.205
v 7.7175 		-64.1975 		12.205
v 7.7425 		-64.2475 		13.35
v 7.7475 		-64.1975 		13.35
v 11.1075 		2.0075 		7.845
v 11.1425 		-2.6875 		8.18
v 27.7525 		3.6975 		9.535
v 27.7525 		7.2675 		9.295
v 10.8525 		2.1725 		6.985
v 11.0275 		2.2925 		7.455
v 27.7525 		7.4375 		8.965
v 27.7525 		7.3625 		8.645
v 10.6275 		-1.6575 		5.715
v 10.7025 		1.8775 		6.43
v 27.7525 		7.1875 		8.35
v 27.7525 		3.8275 		8.07
v 70.4725 		28.0525 		12.53
v 70.4725 		30.5825 		12.385
v 53.7475 		21.0775 		11.26
v 53.7375 		18.2375 		11.46
v 53.7525 		21.1775 		10.94
v 70.4725 		30.6575 		12.155
v 53.7525 		17.7725 		10.28
v 53.7525 		21.0375 		10.415
v 70.4725 		30.5525 		11.75
v 70.4725 		27.3375 		11.645
v 32.5425 		8.9875 		9.735
v 32.5425 		5.6875 		9.985
v 51.8025 		17.0225 		11.38
v 51.7925 		19.8875 		11.155
v 32.5325 		9.1325 		9.345
v 51.7825 		19.9875 		10.805
v 32.5125 		5.3875 		8.625
v 32.5175 		8.7175 		8.775
v 51.7675 		19.6325 		10.23
v 51.7675 		16.3725 		10.08
v 53.4425 		-5.8025 		9.2
v 53.4425 		-6.2025 		8.94
v 54.0675 		-6.2025 		8.875
v 54.1175 		-5.8025 		9.135
v 54.6725 		-6.2025 		8.695
v 54.7675 		-5.8025 		8.94
v 55.2225 		-6.2025 		8.4
v 55.3675 		-5.8025 		8.62
v 55.7075 		-6.2025 		8.005
v 55.8875 		-5.8025 		8.19
v 56.0975 		-6.2025 		7.52
v 56.3225 		-5.8025 		7.665
v 56.3925 		-6.2025 		6.97
v 56.6375 		-5.8025 		7.07
v 56.5725 		-6.2025 		6.37
v 56.8375 		-5.8025 		6.415
v 56.6375 		-6.2025 		5.745
v 56.8975 		-5.8025 		5.745
v 56.5725 		-6.2025 		5.125
v 56.8375 		-5.8025 		5.07
v 56.3925 		-6.2025 		4.525
v 56.6375 		-5.8025 		4.425
v 56.0975 		-6.2025 		3.975
v 56.3225 		-5.8025 		3.825
v 55.7075 		-6.2025 		3.49
v 55.8875 		-5.8025 		3.305
v 55.2225 		-6.2025 		3.095
v 55.3675 		-5.8025 		2.875
v 54.6725 		-6.2025 		2.8
v 54.7675 		-5.8025 		2.555
v 54.0675 		-6.2025 		2.615
v 54.1175 		-5.8025 		2.36
v 53.4425 		-6.2025 		2.555
v 53.4425 		-5.8025 		2.29
v 52.8275 		-6.2025 		2.615
v 52.7725 		-5.8025 		2.36
v 52.2275 		-6.2025 		2.8
v 52.1225 		-5.8025 		2.555
v 51.6725 		-6.2025 		3.095
v 51.5225 		-5.8025 		2.875
v 51.1925 		-6.2025 		3.49
v 51.0025 		-5.8025 		3.305
v 50.7925 		-6.2025 		3.975
v 50.5775 		-5.8025 		3.825
v 50.4975 		-6.2025 		4.525
v 50.2575 		-5.8025 		4.425
v 50.3175 		-6.2025 		5.125
v 50.0575 		-5.8025 		5.07
v 50.2575 		-6.2025 		5.745
v 50.3175 		-6.2025 		6.37
v 50.0575 		-5.8025 		6.415
v 50.4975 		-6.2025 		6.97
v 50.2575 		-5.8025 		7.07
v 50.7925 		-6.2025 		7.52
v 50.5775 		-5.8025 		7.665
v 51.1925 		-6.2025 		8.005
v 51.0025 		-5.8025 		8.19
v 51.6725 		-6.2025 		8.4
v 51.5225 		-5.8025 		8.62
v 52.2275 		-6.2025 		8.695
v 52.1225 		-5.8025 		8.94
v 52.7725 		-5.8025 		9.135
v 53.4425 		-0.9525 		9.02
v 53.4425 		-3.3725 		9.17
v 54.1175 		-3.3725 		9.105
v 54.0825 		-0.9525 		8.96
v 54.7625 		-3.3725 		8.91
v 54.7025 		-0.9525 		8.775
v 55.3525 		-3.3725 		8.595
v 55.2625 		-0.9525 		8.47
v 55.8725 		-3.3725 		8.17
v 55.7675 		-0.9525 		8.06
v 56.2975 		-3.3725 		7.65
v 56.1675 		-0.9525 		7.565
v 56.6075 		-3.3725 		7.055
v 56.4725 		-0.9525 		7
v 56.8075 		-3.3725 		6.415
v 56.6625 		-0.9525 		6.385
v 56.8725 		-3.3725 		5.745
v 56.7225 		-0.9525 		5.745
v 56.8075 		-3.3725 		5.08
v 56.6625 		-0.9525 		5.105
v 56.6075 		-3.3725 		4.435
v 56.4725 		-0.9525 		4.495
v 56.2975 		-3.3725 		3.845
v 56.1675 		-0.9525 		3.925
v 55.8725 		-3.3725 		3.325
v 55.7675 		-0.9525 		3.43
v 55.3525 		-3.3725 		2.9
v 55.2625 		-0.9525 		3.025
v 54.7625 		-3.3725 		2.58
v 54.7025 		-0.9525 		2.72
v 54.1175 		-3.3725 		2.385
v 54.0825 		-0.9525 		2.535
v 53.4425 		-3.3725 		2.32
v 53.4425 		-0.9525 		2.47
v 52.7825 		-3.3725 		2.385
v 52.8075 		-0.9525 		2.535
v 52.1325 		-3.3725 		2.58
v 52.1925 		-0.9525 		2.72
v 51.5425 		-3.3725 		2.9
v 51.6275 		-0.9525 		3.025
v 51.0275 		-3.3725 		3.325
v 51.1325 		-0.9525 		3.43
v 50.6025 		-3.3725 		3.845
v 50.7225 		-0.9525 		3.925
v 50.2825 		-3.3725 		4.435
v 50.4225 		-0.9525 		4.495
v 50.0925 		-3.3725 		5.08
v 50.2375 		-0.9525 		5.105
v 50.0925 		-3.3725 		6.415
v 50.2375 		-0.9525 		6.385
v 50.2825 		-3.3725 		7.055
v 50.4225 		-0.9525 		7
v 50.6025 		-3.3725 		7.65
v 50.7225 		-0.9525 		7.565
v 51.0275 		-3.3725 		8.17
v 51.1325 		-0.9525 		8.06
v 51.5425 		-3.3725 		8.595
v 51.6275 		-0.9525 		8.47
v 52.1325 		-3.3725 		8.91
v 52.1925 		-0.9525 		8.775
v 52.7825 		-3.3725 		9.105
v 52.8075 		-0.9525 		8.96
v 53.4525 		2.3025 		8.52
v 53.9875 		2.3025 		8.47
v 54.5075 		2.3025 		8.31
v 54.9875 		2.3025 		8.055
v 55.4125 		2.3025 		7.71
v 55.7575 		2.3025 		7.29
v 56.0125 		2.3025 		6.81
v 56.1675 		2.3025 		6.29
v 56.2275 		2.3025 		5.745
v 56.1675 		2.3025 		5.205
v 56.0125 		2.3025 		4.685
v 55.7575 		2.3025 		4.205
v 55.4125 		2.3025 		3.785
v 54.9875 		2.3025 		3.44
v 54.5075 		2.3025 		3.185
v 53.9875 		2.3025 		3.025
v 53.4525 		2.3025 		2.97
v 52.9025 		2.3025 		3.025
v 52.3825 		2.3025 		3.185
v 51.9075 		2.3025 		3.44
v 51.4875 		2.3025 		3.785
v 51.1425 		2.3025 		4.205
v 50.8825 		2.3025 		4.685
v 50.7225 		2.3025 		5.205
v 50.7225 		2.3025 		6.29
v 50.8825 		2.3025 		6.81
v 51.1425 		2.3025 		7.29
v 51.4875 		2.3025 		7.71
v 51.9075 		2.3025 		8.055
v 52.3825 		2.3025 		8.31
v 52.9025 		2.3025 		8.47
v 52.1 		3.5525 		7.3875
v 52.1575 		-0.2375 		7.68
v 51.2325 		-0.2375 		6.4175
v 51.1225 		-0.2375 		5.745
v 51.3175 		3.5525 		5.745
v 54.7425 		-0.2375 		7.68
v 54.2675 		3.5525 		7.72
v 55.56 		3.5525 		5.9525
v 55.7775 		-0.2375 		5.745
v 51.415 		3.5525 		5.13
v 51.2975 		-0.2375 		4.855
v 55.4825 		3.5525 		5.13
v 55.2225 		3.5525 		4.56
v 55.235 		-0.2375 		4.2775
v 53.4425 		3.5525 		3.615
v 53.22 		-0.2375 		3.4425
v 52.8325 		3.5525 		7.78
v 52.9975 		-0.2375 		8.03
v 51.415 		3.5525 		6.3625
v 54.6325 		3.5525 		7.52
v 55.235 		-0.2375 		7.215
v 55.7325 		-0.2375 		5.29
v 52.4475 		3.5525 		3.8725
v 52.1575 		-0.2375 		3.81
v 53.0325 		3.5525 		3.655
v 53.4425 		3.5525 		7.88
v 53.6725 		-0.2375 		8.0525
v 51.6725 		3.5525 		6.93
v 51.5125 		-0.2375 		7.04
v 55.0875 		3.5525 		7.0925
v 51.655 		-0.2375 		4.2775
v 54.7925 		3.5525 		4.105
v 54.7425 		-0.2375 		3.81
v 55.4225 		3.5525 		6.565
v 51.805 		3.5525 		4.4
v 54.1225 		-0.2375 		3.53
v 54.2675 		3.5525 		3.775
v 55.5925 		-0.2375 		6.635
v 55.565 		-0.2375 		5.9525
v 54.7975 		-0.2375 		4.1
v 51.8025 		-0.2375 		7.0975
v 55.325 		-0.2375 		6.75
v 53.4425 		-0.2375 		3.605
v 52.8325 		-0.2375 		7.785
v 55.5425 		-0.2375 		5.33
v 54.2675 		-0.2375 		3.77
v 51.3075 		-0.2375 		5.745
v 54.45 		-0.2375 		7.625
v 53.8675 		-0.2375 		7.845
v 51.4725 		-0.2375 		4.93
v 53.0325 		-0.2375 		3.65
v 53.4425 		-0.2375 		7.885
v 55.325 		-0.2375 		4.745
v 52.2625 		-0.2375 		7.525
v 52.4475 		-0.2375 		3.8675
v 51.4725 		-0.2375 		6.565
v 54.9625 		-0.2375 		7.26
v 51.8025 		-0.2375 		4.3975
v 51.9125 		6.0175 		6.775
v 54.9875 		6.0175 		6.775
v 54.9875 		6.0175 		4.72
v 51.8275 		6.0175 		4.88
v 52.1375 		6.0175 		4.44
v 53.98 		6.0175 		3.9825
v 52.4175 		6.0175 		7.285
v 55.2625 		6.0175 		6.105
v 54.7525 		6.0175 		7.055
v 52.9125 		6.0175 		7.5075
v 55.2975 		6.0175 		5.745
v 54.4725 		6.0175 		4.21
v 51.61 		6.0175 		5.565
v 53.98 		6.0175 		7.5075
v 53.265 		6.0175 		3.9125
v 55.2075 		6.0175 		5.2125
v 53.4425 		6.0175 		7.595
v 51.685 		6.0175 		6.28
v 54.4725 		6.0175 		7.285
v 52.7375 		6.0175 		4.035
v 52.5725 		8.7825 		4.875
v 52.2375 		8.7825 		5.505
v 53.4425 		8.7825 		6.98
v 53.4425 		8.7825 		4.51
v 53.2075 		8.7825 		6.955
v 54.6825 		8.7825 		5.745
v 54.6575 		8.7825 		5.985
v 54.5875 		8.7825 		5.275
v 52.2375 		8.7825 		5.985
v 54.2275 		8.7825 		6.6975
v 52.865 		8.7825 		4.6625
v 53.2075 		8.7825 		4.535
v 53.9175 		8.7825 		6.885
v 52.7575 		8.7825 		6.775
v 54.1375 		8.7825 		4.72
v 54.53 		8.7825 		6.325
v 54.3425 		8.7825 		6.345
v 52.6225 		8.7825 		5.0675
v 53.9525 		8.7825 		4.805
v 52.3825 		8.7825 		5.64
v 52.4525 		8.7825 		5.335
v 53.6575 		8.7825 		6.8
v 53.3425 		8.7825 		4.6825
v 53.3425 		8.7825 		6.81
v 54.47 		8.7825 		5.435
v 52.9425 		8.7825 		6.69
v 54.51 		8.7825 		5.85
v 53.6575 		8.7825 		4.695
v 52.4225 		8.7825 		6.055
v 54.0475 		8.7825 		6.64
v 53.0325 		8.7825 		4.755
v 54.275 		8.7825 		5.0675
v 52.6225 		8.7825 		6.425
v 52.3925 		7.5975 		5.955
v 53.9525 		7.5975 		6.69
v 54.0475 		7.5975 		4.855
v 52.5575 		7.5975 		6.345
v 54.47 		7.5975 		6.055
v 54.275 		7.5975 		5.0675
v 54.275 		7.5975 		6.425
v 52.4225 		7.5975 		5.435
v 52.77 		7.5975 		4.92
v 53.55 		7.5975 		4.6825
v 54.5025 		7.5975 		5.535
v 52.9425 		7.5975 		6.69
v 53.2425 		7.5975 		6.8
v 53.0325 		7.5975 		4.755
v 53.6575 		7.5975 		6.8
v 52.6175 		7.5975 		6.19
v 54.3475 		7.5975 		5.4725
v 54.045 		7.5975 		6.4725
v 52.5125 		7.5975 		5.8375
v 53.72 		7.5975 		6.6475
v 53.355 		7.5975 		4.81
v 52.7225 		7.5975 		5.15
v 53.89 		7.5975 		4.9175
v 53.005 		7.5975 		4.9175
v 52.8525 		7.5975 		6.4725
v 54.175 		7.5975 		5.15
v 54.3875 		7.5975 		5.8375
v 52.5475 		7.5975 		5.4725
v 54.275 		7.5975 		6.19
v 53.355 		7.5975 		6.6825
v 53.4425 		12.1825 		5.745
v 55.4275 		2.2975 		7.07
v 55.1325 		2.2975 		7.43
v 53.9175 		2.2975 		3.41
v 51.1175 		2.2975 		6.21
v 55.7875 		2.2975 		6.21
v 51.945 		2.2975 		7.5775
v 51.4725 		2.2975 		7.07
v 52.9825 		2.2975 		3.41
v 55.7875 		2.2975 		5.28
v 52.5375 		2.2975 		7.945
v 52.1225 		2.2975 		3.765
v 55.4275 		2.2975 		4.425
v 53.4525 		2.2975 		8.125
v 52.9825 		2.2975 		8.08
v 51.4725 		2.2975 		4.425
v 54.3625 		2.2975 		7.945
v 53.9175 		2.2975 		8.08
v 54.7675 		2.2975 		3.765
v 55.1325 		2.2975 		4.065
v 51.1175 		2.2975 		5.28
v 56.0375 		-0.2475 		6.26
v 55.8875 		-0.2475 		6.755
v 51.5825 		-0.2475 		7.615
v 52.4425 		-0.2475 		3.31
v 52.9375 		-0.2475 		3.155
v 56.0375 		-0.2475 		5.23
v 56.0875 		-0.2475 		5.745
v 52.9375 		-0.2475 		8.335
v 52.4425 		-0.2475 		8.185
v 51.5825 		-0.2475 		3.88
v 51.9825 		-0.2475 		3.55
v 55.6475 		-0.2475 		4.28
v 51.0125 		-0.2475 		4.735
v 51.2525 		-0.2475 		4.28
v 54.4575 		-0.2475 		8.185
v 53.9625 		-0.2475 		8.335
v 54.9175 		-0.2475 		3.55
v 55.3175 		-0.2475 		3.88
v 50.8625 		-0.2475 		5.23
v 55.3175 		-0.2475 		7.615
v 54.9175 		-0.2475 		7.94
v 53.9625 		-0.2475 		3.155
v 54.4575 		-0.2475 		3.31
v 51.0125 		-0.2475 		6.755
v 50.8625 		-0.2475 		6.26
v 55.6475 		-0.2475 		7.215
v 51.2525 		-0.2475 		7.215
v 53.4525 		-0.2475 		8.385
v 51.39 		-0.2575 		5.5425
v 52.33 		-6.2025 		7.845
v 52.76 		-6.2025 		3.4725
v 55.815 		-6.2025 		5.9775
v 51.61 		-6.2025 		7.255
v 53.4425 		-6.2025 		3.36
v 55.4375 		-6.2025 		7.075
v 51.2375 		-6.2025 		6.66
v 54.7775 		-6.2025 		7.735
v 51.085 		-6.2025 		5.5125
v 54.955 		-6.2025 		3.9075
v 51.2375 		-6.2025 		4.83
v 55.4375 		-6.2025 		4.42
v 51.94 		-6.2025 		3.9075
v 55.7925 		-6.2025 		5.28
v 53.2125 		-6.2025 		8.1125
v 52.5375 		-3.4925 		7.955
v 52.5375 		-3.4925 		3.54
v 55.7925 		-3.4925 		6.21
v 51.7575 		-3.4925 		7.435
v 53.4425 		-3.4925 		3.36
v 55.4375 		-3.4925 		7.075
v 55.6525 		-3.4925 		6.66
v 51.2375 		-3.4925 		6.66
v 54.7775 		-3.4925 		7.735
v 55.1325 		-3.4925 		7.435
v 54.3625 		-3.4925 		3.54
v 51.0625 		-3.4925 		5.745
v 53.9175 		-3.4925 		8.09
v 54.7775 		-3.4925 		3.76
v 51.2375 		-3.4925 		4.83
v 55.6525 		-3.4925 		4.83
v 55.4375 		-3.4925 		4.42
v 51.7575 		-3.4925 		4.055
v 55.815 		-3.4925 		5.5125
v 53.4425 		-3.4925 		8.135
v 52.0875 		13.4125 		10.49
v 52.0875 		15.8075 		11.065
v 52.0875 		15.8075 		10.235
v 52.0875 		13.4125 		8.47
v 54.9875 		15.8075 		11.065
v 54.9875 		15.8075 		10.235
v 54.9875 		5.0425 		10.35
v 54.3025 		-4.1475 		8.2
v 54.3025 		-2.5957 		8.035
v 54.9875 		5.0425 		7.025
v 52.7825 		-4.1475 		8.2
v 52.7825 		-2.5957 		8.035
v 54.9875 		13.4125 		8.47
v 54.9875 		13.4125 		10.49
v 52.0875 		5.0425 		10.35
v 52.0875 		5.0425 		7.025
v 54.9875 		11.0675 		10.67
v 54.9875 		11.0675 		8.195
v 52.0875 		11.0675 		10.67
v 52.0875 		11.0675 		8.195
v 29.6225 		-16.5375 		5.545
v 29.2225 		-16.5375 		5.425
v 28.0725 		-16.5375 		4.27
v 27.93 		-16.5375 		3.6625
v 28.2725 		-16.5375 		2.27
v 30.4625 		-16.5375 		5.545
v 29.2225 		-16.5375 		1.48
v 31.685 		-16.5375 		4.8
v 30.0425 		-16.5375 		1.32
v 31.2275 		-16.5375 		1.68
v 31.045 		-16.5375 		5.3275
v 28.01 		-16.5375 		2.835
v 30.4625 		-16.5375 		1.36
v 31.5525 		-16.5375 		1.945
v 32.0175 		-16.5375 		4.27
v 28.6975 		-16.5375 		5.095
v 32.1575 		-16.5375 		3.6625
v 32.1375 		-16.5375 		3.035
v 28.5375 		-16.5375 		1.945
v 27.99 		-20.3525 		3.6575
v 28.2125 		-20.3425 		2.475
v 29.6225 		-16.5375 		1.36
v 32.0175 		-16.5375 		2.635
v 81.2625 		36.6325 		16.335
v 81.2275 		36.7875 		16.335
v 80.8625 		35.6675 		16.335
v 80.8275 		34.9575 		16.335
v 81.2475 		34.6425 		16.335
v 81.3275 		34.8475 		16.335
v 70.6525 		30.8825 		11.885
v 70.6525 		30.9225 		12.54
v 70.6525 		30.9925 		12.305
v 0.6275 		78.0625 		21.94
v 1.3175 		72.9475 		21.875
v 0.0025 		78.0625 		22.005
v 81.4175 		34.6525 		16.335
v 81.4675 		34.5225 		16.335
v 81.2475 		35.6675 		16.335
v 0.9175 		74.0125 		29.21
v 0.5325 		81.0275 		29.17
v 0.0025 		81.0275 		29.215
v 81.3625 		38.8075 		16.335
v 81.2975 		38.4875 		16.335
v 81.4325 		34.5275 		16.335
v 81.4225 		38.7475 		16.335
v 80.9875 		36.7875 		16.335
v 32.3275 		9.1325 		9.32
v 32.3275 		8.9875 		9.725
v 32.3275 		9.0675 		8.99
v 32.3275 		8.9175 		8.74
v 27.9775 		7.7475 		8.71
v 27.9775 		7.5675 		8.41
v 27.9775 		7.8275 		9.04
v 51.9825 		20.1425 		11.175
v 51.9825 		20.2475 		10.815
v 51.9825 		20.0875 		10.23
v 53.5725 		17.8275 		10.21
v 53.5725 		21.3125 		10.885
v 53.5625 		21.2075 		11.21
v 81.4225 		38.7925 		16.335
v 81.4375 		38.8225 		16.335
v 27.9775 		7.6475 		9.38
v 51.9825 		17.2025 		11.405
v 51.9825 		16.7475 		10.075
v 53.5625 		13.7175 		9.995
v 53.5725 		21.1675 		10.345
v 0.9025 		74.4125 		29.525
v 0.0025 		81.2725 		29.54
v 0.5275 		81.2725 		29.49
v 10.8175 		2.5425 		7.24
v 10.8975 		2.2525 		7.64
v 10.6375 		2.4175 		6.755
v 10.4825 		2.1175 		6.19
v 1.3325 		73.0675 		21.675
v 0.6225 		78.3025 		21.745
v 0.0025 		78.3025 		21.81
v 30.0425 		-25.9025 		6.91
v 30.0425 		-26.2975 		6.645
v 30.6675 		-26.2975 		6.585
v 30.7125 		-25.9025 		6.84
v 31.2675 		-26.2975 		6.4
v 31.3625 		-25.9025 		6.645
v 31.8175 		-26.2975 		6.105
v 31.9575 		-25.9025 		6.325
v 32.3025 		-26.2975 		5.71
v 32.4825 		-25.9025 		5.895
v 32.6975 		-26.2975 		5.225
v 32.9125 		-25.9025 		5.375
v 32.9925 		-26.2975 		4.675
v 33.2325 		-25.9025 		4.775
v 33.1675 		-26.2975 		4.075
v 33.4325 		-25.9025 		4.13
v 33.2325 		-26.2975 		3.455
v 33.4975 		-25.9025 		3.455
v 33.4325 		-25.9025 		2.78
v 32.9925 		-26.2975 		2.23
v 33.2325 		-25.9025 		2.13
v 32.6975 		-26.2975 		1.68
v 32.9125 		-25.9025 		1.535
v 32.3025 		-26.2975 		1.195
v 32.4825 		-25.9025 		1.01
v 31.8175 		-26.2975 		0.8
v 31.9575 		-25.9025 		0.58
v 31.2675 		-26.2975 		0.505
v 31.3625 		-25.9025 		0.26
v 30.6675 		-26.2975 		0.325
v 30.7125 		-25.9025 		0.065
v 30.0425 		-26.2975 		0.26
v 30.0425 		-25.9025 		0
v 29.4225 		-26.2975 		0.325
v 29.3625 		-25.9025 		0.065
v 28.8225 		-26.2975 		0.505
v 28.7225 		-25.9025 		0.26
v 28.2725 		-26.2975 		0.8
v 28.1175 		-25.9025 		0.58
v 27.7825 		-26.2975 		1.195
v 27.6025 		-25.9025 		1.01
v 27.3875 		-26.2975 		1.68
v 27.1725 		-25.9025 		1.535
v 27.0925 		-26.2975 		2.23
v 26.8525 		-25.9025 		2.13
v 26.9125 		-26.2975 		2.83
v 26.6525 		-25.9025 		2.78
v 26.8525 		-26.2975 		3.455
v 26.9125 		-26.2975 		4.075
v 26.6525 		-25.9025 		4.13
v 27.0925 		-26.2975 		4.675
v 26.8525 		-25.9025 		4.775
v 27.3875 		-26.2975 		5.225
v 27.1725 		-25.9025 		5.375
v 27.7825 		-26.2975 		5.71
v 27.6025 		-25.9025 		5.895
v 28.2725 		-26.2975 		6.105
v 28.1175 		-25.9025 		6.325
v 28.8225 		-26.2975 		6.4
v 28.7225 		-25.9025 		6.645
v 29.4225 		-26.2975 		6.585
v 29.3625 		-25.9025 		6.84
v 30.0425 		-21.0425 		6.73
v 30.0425 		-23.4725 		6.88
v 30.7075 		-23.4725 		6.815
v 30.6775 		-21.0425 		6.665
v 31.3525 		-23.4725 		6.62
v 31.2975 		-21.0425 		6.48
v 31.9475 		-23.4725 		6.3
v 31.8575 		-21.0425 		6.175
v 32.4675 		-23.4725 		5.875
v 32.3525 		-21.0425 		5.77
v 32.8925 		-23.4725 		5.355
v 32.7675 		-21.0425 		5.275
v 33.2025 		-23.4725 		4.765
v 33.0675 		-21.0425 		4.705
v 33.3975 		-23.4725 		4.12
v 33.2575 		-21.0425 		4.095
v 33.4625 		-23.4725 		3.455
v 33.3125 		-21.0425 		3.455
v 33.3975 		-23.4725 		2.785
v 33.2575 		-21.0425 		2.815
v 33.2025 		-23.4725 		2.145
v 33.0675 		-21.0425 		2.2
v 32.8925 		-23.4725 		1.55
v 32.7675 		-21.0425 		1.635
v 32.4675 		-23.4725 		1.03
v 32.3525 		-21.0425 		1.14
v 31.9475 		-23.4725 		0.605
v 31.8575 		-21.0425 		0.73
v 31.3525 		-23.4725 		0.29
v 31.2975 		-21.0425 		0.425
v 30.7075 		-23.4725 		0.095
v 30.6775 		-21.0425 		0.24
v 30.0425 		-23.4725 		0.03
v 30.0425 		-21.0425 		0.18
v 29.3775 		-23.4725 		0.095
v 29.3975 		-21.0425 		0.24
v 28.7325 		-23.4725 		0.29
v 28.7925 		-21.0425 		0.425
v 28.1425 		-23.4725 		0.605
v 28.2175 		-21.0425 		0.73
v 27.6175 		-23.4725 		1.03
v 27.7225 		-21.0425 		1.14
v 27.1925 		-23.4725 		1.55
v 27.3175 		-21.0425 		1.635
v 26.8825 		-23.4725 		2.145
v 27.0175 		-21.0425 		2.2
v 26.6875 		-23.4725 		2.785
v 26.8275 		-21.0425 		2.815
v 26.6875 		-23.4725 		4.12
v 26.8275 		-21.0425 		4.095
v 26.8825 		-23.4725 		4.765
v 27.0175 		-21.0425 		4.705
v 27.1925 		-23.4725 		5.355
v 27.3175 		-21.0425 		5.275
v 27.6175 		-23.4725 		5.875
v 27.7225 		-21.0425 		5.77
v 28.1425 		-23.4725 		6.3
v 28.2175 		-21.0425 		6.175
v 28.7325 		-23.4725 		6.62
v 28.7925 		-21.0425 		6.48
v 29.3775 		-23.4725 		6.815
v 29.3975 		-21.0425 		6.665
v 30.0425 		-17.7925 		6.23
v 30.5825 		-17.7925 		6.175
v 31.1025 		-17.7925 		6.015
v 31.5875 		-17.7925 		5.76
v 32.0075 		-17.7925 		5.415
v 32.3475 		-17.7925 		4.995
v 32.6075 		-17.7925 		4.515
v 32.7675 		-17.7925 		3.995
v 32.7675 		-17.7925 		2.91
v 32.6075 		-17.7925 		2.39
v 32.3475 		-17.7925 		1.91
v 32.0075 		-17.7925 		1.49
v 31.5875 		-17.7925 		1.145
v 31.1025 		-17.7925 		0.89
v 30.5825 		-17.7925 		0.73
v 30.0425 		-17.7925 		0.68
v 29.4975 		-17.7925 		0.73
v 28.9825 		-17.7925 		0.89
v 28.5025 		-17.7925 		1.145
v 28.0775 		-17.7925 		1.49
v 27.7375 		-17.7925 		1.91
v 27.4825 		-17.7925 		2.39
v 27.3175 		-17.7925 		2.91
v 27.3175 		-17.7925 		3.995
v 27.4825 		-17.7925 		4.515
v 27.7375 		-17.7925 		4.995
v 28.0775 		-17.7925 		5.415
v 28.5025 		-17.7925 		5.76
v 28.9825 		-17.7925 		6.015
v 29.4975 		-17.7925 		6.175
v 28.9525 		-20.3275 		5.4975
v 27.7125 		-20.3275 		3.455
v 27.8875 		-20.3275 		2.565
v 30.715 		-20.3275 		5.67
v 30.0425 		-20.3275 		5.78
v 31.8325 		-20.3275 		1.985
v 32.1875 		-20.3275 		2.565
v 30.4975 		-20.3275 		1.17
v 29.5875 		-20.3275 		5.735
v 27.8875 		-20.3275 		4.345
v 32.3225 		-20.3275 		3
v 31.9775 		-20.3275 		4.745
v 31.6875 		-20.3275 		5.1
v 28.3975 		-20.3275 		1.81
v 31.3325 		-20.3275 		1.52
v 28.9525 		-20.3275 		1.4125
v 29.5875 		-20.3275 		1.17
v 32.255 		-20.3275 		4.1275
v 28.1075 		-20.3275 		2.16
v 28.3975 		-20.3275 		5.1
v 32.3725 		-20.3275 		3.455
v 31.5575 		-20.3275 		1.94
v 27.9425 		-20.3275 		3.035
v 30.6625 		-20.3275 		5.49
v 30.2525 		-20.3275 		1.335
v 29.8325 		-20.3275 		5.5725
v 32.1425 		-20.3275 		3.035
v 30.8625 		-20.3275 		1.475
v 29.04 		-20.3275 		5.3325
v 32.1625 		-20.3275 		3.6625
v 28.0675 		-20.3275 		2.635
v 31.92 		-20.3275 		2.45
v 31.3925 		-20.3275 		5.1
v 28.0675 		-20.3275 		4.27
v 28.8575 		-20.3275 		1.675
v 28.4 		-20.3275 		4.8025
v 31.92 		-20.3275 		4.455
v 27.9425 		-20.3275 		3.87
v 28.4 		-20.3275 		2.1025
v 28.6175 		-14.0775 		4.62
v 31.7525 		-14.0775 		4.16
v 31.5825 		-14.0775 		4.48
v 28.4175 		-14.0775 		2.585
v 31.21 		-14.0775 		4.875
v 29.0175 		-14.0775 		1.915
v 30.5775 		-14.0775 		1.6925
v 31.0675 		-14.0775 		1.915
v 29.0175 		-14.0775 		4.99
v 29.3325 		-14.0775 		5.165
v 31.8725 		-14.0775 		3.635
v 30.4075 		-14.0775 		5.27
v 28.7325 		-14.0775 		2.145
v 30.0425 		-14.0775 		1.6
v 29.8625 		-14.0775 		5.2875
v 31.8025 		-14.0775 		2.92
v 30.7475 		-14.0775 		5.165
v 29.5075 		-14.0775 		1.6925
v 28.28 		-14.0775 		3.9875
v 28.21 		-14.0775 		3.275
v 31.5825 		-14.0775 		2.425
v 28.8975 		-11.3125 		2.98
v 29.1675 		-11.3125 		4.325
v 29.9225 		-11.3125 		4.6775
v 29.1675 		-11.3125 		2.58
v 29.5725 		-11.3125 		4.595
v 30.5125 		-11.3125 		2.315
v 30.2825 		-11.3125 		4.665
v 30.0425 		-11.3125 		2.22
v 31.2525 		-11.3125 		3.215
v 30.6225 		-11.3125 		4.5375
v 29.8025 		-11.3125 		2.245
v 28.8275 		-11.3125 		3.695
v 31.0675 		-11.3125 		2.77
v 30.9125 		-11.3125 		4.325
v 29.3575 		-11.3125 		2.425
v 30.8225 		-11.3125 		2.5025
v 31.0675 		-11.3125 		4.14
v 28.8975 		-11.3125 		3.925
v 31.215 		-11.3125 		3.81
v 30.8675 		-11.3125 		4.1325
v 29.2825 		-11.3125 		2.695
v 29.7275 		-11.3125 		4.475
v 31.1075 		-11.3125 		3.56
v 30.6425 		-11.3125 		2.56
v 30.145 		-11.3125 		4.5175
v 31.0375 		-11.3125 		3.865
v 29.1025 		-11.3125 		2.95
v 31.0675 		-11.3125 		3.145
v 28.9775 		-11.3125 		3.56
v 28.9925 		-11.3125 		3.245
v 30.4525 		-11.3125 		4.445
v 29.8275 		-11.3125 		2.4
v 30.145 		-11.3125 		2.39
v 30.4525 		-11.3125 		2.46
v 30.6425 		-11.3125 		4.345
v 29.5375 		-11.3125 		2.51
v 30.8675 		-11.3125 		2.775
v 29.1025 		-11.3125 		3.9575
v 29.365 		-11.3125 		4.28
v 28.9925 		-12.4975 		3.665
v 29.2175 		-12.4975 		2.775
v 30.7225 		-12.4975 		4.28
v 30.4525 		-12.4975 		4.445
v 29.7275 		-12.4975 		2.43
v 29.2825 		-12.4975 		4.215
v 31.0675 		-12.4975 		3.765
v 30.9325 		-12.4975 		2.855
v 30.35 		-12.4975 		2.43
v 30.6425 		-12.4975 		2.56
v 29.0525 		-12.4975 		3.045
v 28.9775 		-12.4975 		3.35
v 30.0425 		-12.4975 		4.53
v 30.0425 		-12.4975 		2.38
v 31.0975 		-12.4975 		3.245
v 29.8525 		-12.4975 		4.38
v 30.98 		-12.4975 		3.3625
v 30.5675 		-12.4975 		4.24
v 29.105 		-12.4975 		3.3625
v 29.4475 		-12.4975 		2.725
v 30.2225 		-12.4975 		4.38
v 30.6375 		-12.4975 		2.725
v 29.7675 		-12.4975 		2.5525
v 29.3175 		-12.4975 		4.05
v 30.8325 		-12.4975 		3.98
v 29.1425 		-12.4975 		3.7275
v 30.8725 		-12.4975 		3.01
v 29.2125 		-12.4975 		3.01
v 29.6 		-12.4975 		4.2825
v 30.1325 		-12.4975 		2.5175
v 30.94 		-12.4975 		3.7275
v 30.0425 		-7.9125 		3.455
v 32.0225 		-17.7925 		4.775
v 31.7225 		-17.7925 		5.135
v 30.9575 		-17.7925 		1.255
v 27.8425 		-17.7925 		4.365
v 27.7125 		-17.7925 		3.92
v 32.3825 		-17.7925 		3.92
v 32.2475 		-17.7925 		4.365
v 28.3625 		-17.7925 		5.135
v 29.5825 		-17.7925 		1.12
v 32.3825 		-17.7925 		2.99
v 28.7225 		-17.7925 		5.435
v 28.7225 		-17.7925 		1.475
v 31.8725 		-17.7925 		1.95
v 29.5825 		-17.7925 		5.79
v 28.0675 		-17.7925 		2.13
v 28.3625 		-17.7925 		1.77
v 30.5075 		-17.7925 		5.79
v 27.7125 		-17.7925 		2.99
v 31.3625 		-17.7925 		5.435
v 32.6325 		-20.3425 		3.97
v 32.4775 		-20.3425 		4.465
v 28.5725 		-20.3425 		5.65
v 28.1725 		-20.3425 		5.32
v 29.0325 		-20.3425 		1.015
v 29.5275 		-20.3425 		0.865
v 32.6325 		-20.3425 		2.94
v 32.6825 		-20.3425 		3.455
v 29.5275 		-20.3425 		6.045
v 28.1725 		-20.3425 		1.585
v 28.5725 		-20.3425 		1.26
v 32.2425 		-20.3425 		1.985
v 27.6075 		-20.3425 		2.445
v 27.8475 		-20.3425 		1.985
v 30.5625 		-20.3425 		6.045
v 31.5125 		-20.3425 		1.26
v 31.9125 		-20.3425 		1.585
v 27.4525 		-20.3425 		2.94
v 31.9125 		-20.3425 		5.32
v 31.5125 		-20.3425 		5.65
v 31.0575 		-20.3425 		1.015
v 27.6075 		-20.3425 		4.465
v 27.4525 		-20.3425 		3.97
v 32.2425 		-20.3425 		4.92
v 27.8475 		-20.3425 		4.92
v 30.0475 		-20.3425 		0.81
v 30.0475 		-20.3425 		6.095
v 28.5375 		-26.2975 		5.2925
v 28.9225 		-26.2975 		1.355
v 32.4325 		-26.2975 		3.455
v 28.0525 		-26.2975 		4.78
v 29.81 		-26.2975 		1.0875
v 32.1375 		-26.2975 		4.575
v 31.5475 		-26.2975 		5.2925
v 30.7325 		-26.2975 		1.1775
v 27.6525 		-26.2975 		3.455
v 30.7325 		-26.2975 		5.725
v 31.5475 		-26.2975 		1.615
v 28.0525 		-26.2975 		2.125
v 32.1375 		-26.2975 		2.3325
v 32.3825 		-26.2975 		2.99
v 30.0425 		-26.2975 		5.84
v 28.7175 		-23.5925 		5.44
v 29.1275 		-23.5925 		5.66
v 28.7175 		-23.5925 		1.465
v 32.4325 		-23.5925 		3.455
v 28.0525 		-23.5925 		4.78
v 29.5775 		-23.5925 		1.11
v 32.2475 		-23.5925 		4.37
v 27.7025 		-23.5925 		3.92
v 31.7275 		-23.5925 		5.145
v 30.5075 		-23.5925 		1.11
v 27.6525 		-23.5925 		3.455
v 30.9575 		-23.5925 		5.66
v 31.3675 		-23.5925 		1.465
v 28.0525 		-23.5925 		2.125
v 27.8375 		-23.5925 		2.54
v 32.2475 		-23.5925 		2.54
v 32.0275 		-23.5925 		2.125
v 30.0425 		-23.5925 		5.84
v 28.6875 		-6.6775 		8.195
v 28.6875 		3.1925 		9.53
v 28.6875 		3.1925 		7.84
v 28.6875 		-6.6775 		5.495
v 31.5875 		3.1925 		9.53
v 31.5875 		3.1925 		7.84
v 31.5875 		-15.0475 		8.285
v 30.9025 		-24.2525 		5.905
v 30.9025 		-23.1614 		5.78
v 31.5875 		-15.0475 		4.73
v 29.3775 		-24.2525 		5.905
v 29.3775 		-23.1614 		5.78
v 31.5875 		-6.6775 		5.495
v 31.5875 		-6.6775 		8.195
v 28.6875 		-15.0475 		8.285
v 28.6875 		-15.0475 		4.73
v 31.5875 		-9.0275 		8.375
v 31.5875 		-9.0275 		5.36
v 28.6875 		-9.0275 		8.375
v 28.6875 		-9.0275 		5.36
v 0.2925 		87.0975 		43.71
v 0.6275 		78.7225 		23.555
v 1.2625 		70.5925 		23.675
v 11.2375 		76.0525 		17.08
v 10.3625 		80.4475 		17.605
v 23.0125 		83.9425 		18.245
v 23.0375 		82.2125 		18.04
v 10.3425 		80.4875 		18.05
v 10.2825 		80.5225 		18.56
v 22.9875 		84.1375 		18.755
v 23.0075 		84.0475 		18.495
v 11.2425 		76.1225 		18.4
v 23.0225 		82.4375 		18.7
v 3.0625 		72.0775 		16.45
v 1.9775 		78.1075 		17.175
v 10.1175 		80.3625 		17.59
v 10.9775 		76.0425 		17.07
v 1.8675 		78.1075 		18.405
v 10.0425 		80.4375 		18.53
v 3.0725 		72.0325 		18.18
v 10.9825 		76.1025 		18.375
v -0.0362 		83.2875 		18.0012
v 0.2525 		82.4525 		16.8
v 0.0025 		82.4525 		16.695
v 0.4275 		83.2875 		18.16
v 0.6225 		82.4525 		17.355
v 0.6475 		83.2875 		18.45
v 0.7625 		83.2875 		18.82
v 0.77 		83.2875 		19.125
v 0.84 		82.4525 		19.6025
v 0.6475 		83.2875 		19.6
v 0.5475 		83.2875 		19.755
v 0.6225 		82.4525 		20.55
v 0.4275 		83.2875 		19.885
v 0.4875 		82.4525 		20.83
v 0.2525 		82.4525 		21.1025
v 0.0025 		83.2875 		20.06
v 0.0025 		82.4525 		21.21
v 0.0025 		6.9075 		2.565
v 0.0025 		29.5775 		3.765
v 1.6275 		29.5775 		3.935
v 1.6275 		6.9075 		2.735
v 3.1975 		29.5775 		4.435
v 4.6275 		12.3225 		4.27
v 4.6425 		29.5775 		5.25
v 5.2925 		13.4325 		5.09
v 5.9125 		29.5775 		6.345
v 6.1225 		13.9175 		6.195
v 6.9525 		29.5775 		7.68
v 6.9525 		12.8325 		7.545
v 7.7225 		29.5775 		9.205
v 7.7225 		9.2425 		9.08
v 8.1975 		29.5775 		10.855
v 8.1975 		9.2425 		10.745
v 8.3125 		22.5875 		12.005
v 8.3025 		22.4325 		11.93
v 8.3125 		23.1325 		12.005
v 8.3575 		23.0775 		12.54
v 8.3325 		22.6475 		12.26
v 8.3625 		23.0775 		12.54
v 8.3325 		23.9725 		12.26
v 8.3575 		24.5125 		12.54
v 8.3625 		24.5125 		12.545
v 8.3225 		24.5325 		12.115
v 8.3325 		25.4075 		12.245
v 8.3575 		25.8625 		12.54
v 8.3475 		25.4125 		12.695
v 8.3625 		26.7625 		12.555
v 8.3625 		28.5675 		12.565
v 8.3625 		28.0875 		12.565
v 8.3475 		28.0875 		12.435
v 8.3525 		28.5675 		12.48
v 8.3625 		29.5775 		12.57
v 8.3625 		29.4675 		12.57
v 8.3575 		29.4675 		12.565
v 8.3325 		29.4625 		12.265
v 8.3075 		16.9675 		11.92
v 8.3075 		16.7775 		11.92
v 8.3025 		18.0875 		11.92
v 8.3025 		18.0575 		11.92
v 8.3075 		17.8625 		11.925
v 8.3075 		16.9825 		11.925
v 8.3025 		19.4925 		11.92
v 8.3025 		18.3125 		11.92
v 8.3125 		17.1375 		12
v 8.3075 		16.7125 		11.92
v 8.3075 		16.5175 		11.925
v 8.3025 		19.2375 		11.925
v 8.3125 		19.0675 		12.005
v 8.3025 		19.6875 		11.92
v 8.3325 		19.0275 		12.205
v 8.3075 		18.3225 		11.925
v 8.3025 		21.0925 		11.92
v 8.3025 		20.8425 		11.92
v 8.3075 		10.18 		11.9225
v 8.3125 		16.3525 		12.005
v 8.3025 		21.9525 		11.9325
v 8.3125 		21.8025 		12.005
v 8.3025 		20.6475 		11.925
v 8.3325 		21.7575 		12.21
v 8.3025 		21.1075 		11.925
v 8.3125 		18.4775 		12
v 8.3125 		20.4775 		12.005
v 8.3325 		18.5425 		12.245
v 8.3125 		17.6925 		12.005
v 8.3075 		9.7225 		11.925
v 8.3375 		10.4025 		12.245
v 8.3325 		10.3825 		12.18
v 8.3175 		10.3425 		12
v 8.3325 		20.4275 		12.21
v 8.3025 		19.6975 		11.925
v 8.3125 		19.8575 		12
v 8.3125 		21.2625 		12
v 8.3375 		17.1975 		12.245
v 8.3175 		9.5575 		12.005
v 8.3325 		21.3225 		12.245
v 8.3175 		21.2775 		12.08
v 8.3325 		19.9175 		12.245
v 8.3225 		17.1625 		12.115
v 8.3375 		18.5425 		12.255
v 8.3375 		19.9175 		12.255
v 8.3375 		9.5025 		12.25
v 8.3625 		9.2425 		12.475
v 8.3625 		20.4175 		12.525
v 8.3488 		19.9175 		12.6625
v 8.3625 		19.0125 		12.52
v 8.3488 		18.545 		12.6613
v 8.3625 		17.6475 		12.515
v 8.355 		17.1988 		12.5913
v 8.3625 		21.7525 		12.54
v 8.3025 		26.2775 		11.92
v 8.3025 		26.0825 		11.925
v 8.3025 		25.1825 		11.92
v 8.3025 		26.5275 		11.92
v 8.3025 		27.6525 		11.92
v 8.3025 		26.5375 		11.925
v 8.3075 		25.9125 		12.005
v 8.2975 		29.0325 		11.92
v 8.3075 		29.4025 		12.005
v 8.3275 		29.4625 		12.245
v 8.3025 		24.7275 		11.925
v 8.3025 		23.7425 		11.92
v 8.3025 		27.6125 		11.92
v 8.3025 		27.8575 		11.92
v 8.3025 		27.3975 		11.9325
v 8.3075 		27.2425 		12.005
v 8.2975 		28.9925 		11.92
v 8.3025 		28.7925 		11.925
v 8.3075 		26.6975 		12.005
v 8.3025 		23.3025 		11.925
v 8.3025 		22.4175 		11.92
v 8.3075 		28.6225 		12.005
v 8.3075 		25.3475 		12.005
v 8.3075 		28.0225 		12.005
v 8.3325 		28.0825 		12.245
v 8.3075 		28.0325 		12.02
v 8.3075 		23.9125 		12.005
v 8.3075 		24.5575 		12.005
v 8.3325 		28.0825 		12.265
v 8.3525 		9.5025 		12.55
v 8.3275 		16.3025 		12.83
v 8.3588 		16.3025 		12.5356
v 8.1975 		9.2425 		14.21
v 8.2975 		10.3575 		13.145
v 8.2925 		16.6975 		13.235
v 8.2925 		10.1875 		13.23
v 8.2925 		9.9675 		13.235
v 8.2925 		9.9025 		13.235
v 8.2925 		9.7425 		13.235
v 8.2975 		9.5725 		13.15
v 8.2925 		16.9825 		13.23
v 8.1975 		29.5775 		14.29
v 8.3525 		9.5025 		12.585
v 8.3275 		9.5075 		12.83
v 8.3025 		16.3675 		13.15
v 8.2975 		17.0925 		13.175
v 8.2975 		23.6025 		13.23
v 8.2975 		23.4725 		13.23
v 8.2925 		20.8175 		13.23
v 8.2925 		19.7025 		13.23
v 8.2975 		25.1925 		13.23
v 8.2925 		19.4175 		13.235
v 8.2925 		18.0425 		13.235
v 8.3025 		17.7175 		13.15
v 8.3025 		20.4875 		13.15
v 8.2975 		26.1025 		13.23
v 8.3025 		17.1525 		13.145
v 8.3225 		17.6475 		12.9
v 8.3475 		17.6475 		12.63
v 8.3025 		25.9325 		13.15
v 8.2975 		24.715 		13.215
v 8.33 		25.87 		12.8675
v 8.2925 		18.3325 		13.23
v 8.3025 		23.9325 		13.145
v 8.2975 		26.5425 		13.23
v 8.2975 		19.7475 		13.21
v 8.3275 		20.4275 		12.9
v 8.3225 		23.97 		12.95
v 8.3025 		24.5775 		13.15
v 8.3025 		18.4975 		13.145
v 8.295 		21.96 		13.215
v 8.2925 		21.1075 		13.23
v 8.3025 		19.0875 		13.15
v 8.3075 		27.2575 		13.15
v 8.2975 		26.5925 		13.205
v 8.3275 		27.1925 		12.9
v 8.295 		22.245 		13.23
v 8.2975 		22.4325 		13.23
v 8.2975 		23.3125 		13.23
v 8.3025 		27.3575 		13.2
v 8.2975 		27.4225 		13.23
v 8.3325 		19.0275 		12.835
v 8.3025 		22.5975 		13.145
v 8.3025 		23.1425 		13.15
v 8.2975 		27.8775 		13.23
v 8.3 		28.77 		13.215
v 8.3025 		25.3575 		13.145
v 8.3075 		28.0425 		13.145
v 8.2975 		29.2575 		13.23
v 8.3025 		21.8225 		13.15
v 8.3025 		21.2725 		13.145
v 8.3075 		29.4225 		13.145
v 8.3075 		26.7175 		13.145
v 8.3025 		19.8675 		13.145
v 8.3275 		29.4775 		12.895
v 8.3375 		21.3275 		12.78
v 8.3075 		28.6325 		13.15
v 8.3175 		19.8975 		13
v 8.3375 		28.0975 		12.785
v 8.3275 		24.5175 		12.9
v 8.3575 		20.4175 		12.54
v 8.3325 		23.0825 		12.835
v 8.3525 		25.8675 		12.645
v 8.3537 		27.1875 		12.5137
v 8.3575 		28.5675 		12.57
v 8.3575 		21.7525 		12.54
v 8.3575 		19.0125 		12.54
v 8.3575 		28.0875 		12.565
v 8.3425 		29.4675 		12.785
v 7.7225 		29.5775 		15.94
v 6.9525 		29.5775 		17.465
v 5.9125 		29.5775 		18.8
v 4.6425 		29.5775 		19.895
v 3.1975 		29.5775 		20.71
v 1.6275 		29.5775 		21.215
v 0.0025 		29.5775 		21.38
v 0.0025 		45.8375 		7.885
v 1.3775 		45.8375 		8.015
v 2.7075 		45.8375 		8.405
v 3.9325 		45.8375 		9.035
v 5.0075 		45.8375 		9.885
v 5.8875 		45.8375 		10.92
v 6.5425 		45.8375 		12.095
v 7.23 		40.87 		12.2625
v 7.3 		41.1925 		12.64
v 7.1675 		41.2275 		12.19
v 7.1238 		42.5475 		12.6025
v 7.0375 		42.5475 		12.32
v 7.0544 		43.8575 		12.9125
v 7.3475 		39.2325 		11.98
v 7.4775 		38.1475 		11.965
v 7.3225 		39.4575 		11.98
v 7.2775 		40.0325 		12.065
v 7.3675 		39.0675 		11.98
v 7.4625 		38.2625 		11.97
v 7.5175 		37.8175 		11.965
v 7.3225 		39.6325 		12.065
v 7.3775 		39.0075 		11.98
v 7.5625 		37.6425 		12.045
v 7.6175 		37.015 		11.98
v 7.3875 		39.6825 		12.3
v 7.3825 		39.6825 		12.295
v 7.2325 		40.2025 		11.985
v 7.4175 		38.8425 		12.055
v 7.4675 		38.4325 		12.05
v 7.5775 		37.6375 		12.09
v 7.1975 		40.4925 		11.985
v 7.5775 		37.6275 		12.1
v 7.6475 		36.7175 		11.96
v 7.4325 		39.6875 		12.52
v 7.5237 		38.485 		12.34
v 6.8825 		42.9725 		12.01
v 6.8075 		43.8925 		12.145
v 6.9125 		42.7725 		12.005
v 6.9675 		43.4525 		12.47
v 7.0225 		41.8725 		12
v 7.0675 		41.5425 		11.995
v 7.0975 		41.3675 		12.02
v 7.1775 		40.6575 		11.99
v 6.9575 		42.6025 		12.085
v 7.0275 		42.0475 		12.08
v 7.0488 		43.4525 		12.7275
v 7.1275 		41.2575 		12.075
v 7.1825 		40.8225 		12.07
v 7.1113 		42.0975 		12.375
v 8.1225 		31.5325 		11.945
v 8.2175 		30.4725 		11.93
v 8.2325 		30.3175 		11.93
v 8.1025 		31.7575 		11.95
v 8.1025 		31.7825 		11.96
v 8.0575 		32.3475 		12.045
v 8.0975 		31.9225 		12.035
v 8.2525 		30.0925 		11.93
v 8.1125 		31.9875 		12.26
v 8.0975 		31.9325 		12.075
v 8.2775 		29.9225 		12.01
v 7.9075 		33.9275 		11.955
v 8.0175 		32.72 		11.96
v 8.0375 		32.5125 		11.96
v 8.1438 		31.9875 		12.6075
v 8.3025 		29.8725 		12.255
v 8.0125 		32.8025 		11.96
v 8.1325 		31.4625 		11.945
v 7.9975 		32.9675 		11.965
v 8.1125 		32.2925 		12.59
v 8.1425 		31.3075 		11.945
v 7.9275 		33.7625 		12.035
v 8.1675 		31.1375 		12.03
v 7.9875 		33.1375 		12.045
v 8.2075 		30.7075 		12.02
v 8.0213 		33.2 		12.4812
v 7.9863 		33.7075 		12.5738
v 8.245 		30.7725 		12.515
v 8.0575 		33.2025 		12.8775
v 8.3325 		29.8725 		12.575
v 8.2375 		31.0925 		12.725
v 7.8825 		34.2225 		11.955
v 8.3375 		29.8725 		12.61
v 7.6925 		36.3625 		12.04
v 7.7425 		35.7025 		11.955
v 7.6675 		36.5225 		11.965
v 7.7375 		35.8675 		12.04
v 7.7175 		36.3125 		12.27
v 7.7825 		35.2475 		11.955
v 7.7875 		35.2275 		11.965
v 7.8675 		34.3825 		11.955
v 7.6675 		36.5275 		11.96
v 7.8775 		34.2275 		11.955
v 7.8075 		35.0775 		12.035
v 7.8625 		34.3975 		11.965
v 7.8575 		34.5175 		12.03
v 7.6325 		37.5925 		12.595
v 7.6025 		37.5825 		12.285
v 7.6125 		37.5925 		12.375
v 7.6175 		37.1475 		12.045
v 7.6025 		37.5925 		12.28
v 7.6813 		37.2175 		12.7525
v 7.5375 		38.7825 		12.74
v 7.4775 		38.795 		12.2475
v 7.6825 		37.6525 		13.165
v 7.7275 		37.1575 		13.17
v 7.6725 		37.8175 		13.255
v 7.0825 		45.8375 		14.705
v 7.7525 		36.9875 		13.255
v 7.7925 		36.5425 		13.255
v 7.8863 		35.5012 		13.245
v 7.6425 		38.1575 		13.255
v 7.6325 		38.2675 		13.255
v 7.9075 		35.2625 		13.245
v 7.8625 		35.74 		13.2325
v 7.7975 		36.3675 		13.165
v 7.9625 		34.5575 		13.165
v 7.9125 		35.0875 		13.16
v 7.8425 		35.8725 		13.165
v 7.8688 		35.0275 		12.6113
v 7.6125 		38.4425 		13.17
v 7.5675 		39.0175 		13.26
v 7.7975 		35.9325 		12.735
v 7.5725 		38.8525 		13.175
v 7.5625 		39.0925 		13.26
v 7.8975 		34.6125 		12.49
v 7.7475 		36.3125 		12.5512
v 7.5275 		39.4425 		13.26
v 7.8325 		35.0425 		12.22
v 7.9775 		34.4575 		13.21
v 7.7725 		35.9325 		12.485
v 7.8575 		34.5525 		12.04
v 7.5125 		39.5625 		13.22
v 7.5025 		39.6325 		13.18
v 7.3425 		41.4375 		13.27
v 7.4175 		40.6575 		13.265
v 7.4125 		40.6725 		13.26
v 7.3475 		41.4275 		13.27
v 7.3225 		41.6825 		13.27
v 7.3925 		40.8275 		13.185
v 7.2025 		42.9975 		13.28
v 7.1925 		43.0875 		13.28
v 7.4575 		40.2125 		13.265
v 7.4625 		40.0425 		13.18
v 7.3525 		41.2625 		13.185
v 7.2075 		42.9375 		13.28
v 7.1575 		43.3975 		13.2
v 7.1025 		44.0775 		13.285
v 7.3025 		41.8725 		13.275
v 7.2225 		42.7725 		13.275
v 7.3325 		40.8825 		12.665
v 7.2775 		42.0475 		13.19
v 7.2275 		42.6075 		13.195
v 7.0675 		44.4425 		13.285
v 7.4725 		39.6925 		12.93
v 7.4037 		39.9775 		12.5388
v 7.0325 		44.7025 		13.205
v 7.1075 		43.9025 		13.2
v 7.0325 		44.7025 		13.2
v 6.9475 		45.8375 		13.375
v 8.3175 		29.8775 		12.815
v 8.145 		32.305 		12.945
v 8.2475 		30.3375 		13.24
v 8.1675 		31.4825 		13.255
v 8.1625 		31.5475 		13.255
v 8.265 		30.0925 		13.2275
v 8.1575 		31.6325 		13.255
v 8.1475 		31.7675 		13.255
v 8.2475 		30.3425 		13.24
v 8.2325 		30.5525 		13.235
v 8.0975 		32.5325 		13.26
v 8.2825 		29.9425 		13.15
v 8.2275 		30.7275 		13.155
v 8.1975 		31.1575 		13.16
v 8.1175 		32.3575 		13.175
v 8.0775 		32.8075 		13.26
v 6.9475 		45.8375 		16.04
v 8.1475 		31.9425 		13.165
v 7.9925 		34.1625 		13.255
v 8.0675 		32.9775 		13.26
v 8.0075 		33.9475 		13.245
v 7.9875 		34.2275 		13.245
v 7.9775 		34.3875 		13.245
v 8.0675 		33.1425 		13.175
v 8.0275 		33.7725 		13.16
v 7.9775 		34.4525 		13.22
v 6.5425 		45.8375 		17.325
v 5.8875 		45.8375 		18.5
v 5.0075 		45.8375 		19.535
v 3.9325 		45.8375 		20.385
v 2.7075 		45.8375 		21.015
v 1.7025 		45.8375 		21.405
v 0.0025 		45.8375 		21.535
v 0.0025 		-19.0425 		1.6
v 0.0025 		-17.0575 		1.78
v 1.6275 		-17.6875 		1.955
v 1.6275 		-19.6225 		1.79
v 7.7225 		-23.8025 		8.925
v 7.7225 		-23.5825 		8.845
v 8.1975 		-21.9925 		10.54
v 8.1975 		-23.2075 		10.695
v 8.3125 		-22.2175 		11.93
v 8.3075 		-22.2325 		11.92
v 8.3175 		-22.0625 		12
v 8.3375 		-22.0025 		12.245
v 8.3325 		-22.0175 		12.19
v 8.3588 		-22.0025 		12.5488
v 8.1975 		-19.3575 		14.06
v 8.2825 		-20.1825 		13.15
v 8.2775 		-20.0125 		13.235
v 7.7225 		-18.3375 		15.75
v 7.7225 		-20.0775 		16.145
v 6.9525 		-17.5125 		17.315
v 6.9525 		-19.3075 		17.78
v 5.9125 		-16.8675 		18.68
v 5.9125 		-18.7175 		19.21
v 4.6425 		-16.3875 		19.805
v 4.6425 		-18.2925 		20.385
v 3.1975 		-16.0475 		20.64
v 3.1975 		-18.0025 		21.255
v 1.6275 		-15.8175 		21.15
v 1.6275 		-17.8275 		21.795
v 0.0025 		-15.6775 		21.325
v 0.0025 		-17.7275 		21.975
v 0.0025 		-72.7475 		4.7
v 1.2425 		-72.7475 		4.865
v 2.4425 		-72.7475 		5.36
v 3.5525 		-72.7475 		6.17
v 3.3525 		-74.7075 		6.485
v 4.5225 		-72.7475 		7.255
v 5.3175 		-72.7475 		8.575
v 5.9075 		-72.7475 		10.085
v 6.2725 		-72.7475 		11.72
v 6.3975 		-72.7475 		13.415
v 6.3075 		-73.2125 		13.345
v 6.3025 		-73.2675 		13.375
v 6.1175 		-74.0575 		12.81
v 5.9925 		-74.5225 		12.225
v 6.0925 		-74.0225 		12.345
v 6.0475 		-74.4625 		12.795
v 5.9625 		-74.6825 		12.15
v 5.9575 		-74.6875 		12.145
v 6.0875 		-74.0025 		12.24
v 6.1675 		-74.0025 		13.32
v 6.3125 		-72.7475 		12.265
v 6.3175 		-72.7625 		12.355
v 6.19 		-73.385 		12.145
v 6.2225 		-73.2225 		12.22
v 6.1375 		-73.6825 		12.15
v 6.2787 		-73.1625 		12.8
v 6.1125 		-73.8375 		12.155
v 5.9175 		-74.7075 		14.855
v 6.035 		-74.655 		13.4275
v 6.2725 		-72.7475 		15.12
v 6.265 		-73.4225 		13.4375
v 6.1875 		-73.8225 		13.45
v 6.0675 		-74.5175 		13.35
v 6.1625 		-73.9975 		13.37
v 6.1625 		-74.0025 		13.33
v 5.9075 		-72.7475 		16.755
v 5.5825 		-74.7075 		16.385
v 5.3175 		-72.7475 		18.265
v 5.0175 		-74.7075 		17.79
v 4.5225 		-72.7475 		19.09
v 4.2675 		-74.7075 		19.03
v 3.5525 		-72.7475 		20.67
v 2.4425 		-72.7475 		21.565
v 2.3075 		-74.7075 		20.795
v 2.4775 		-74.7075 		20.67
v 1.2425 		-72.7475 		22.06
v 1.1725 		-74.7075 		21.345
v 0.0025 		-72.7475 		22.23
v 0.0025 		-74.7075 		21.505
v 0.0025 		-87.2175 		9.66
v 0.0025 		-85.7825 		8.605
v 0.6275 		-85.7825 		8.665
v 1.2325 		-85.7825 		8.835
v 0.8725 		-87.2175 		9.815
v 1.7925 		-85.7825 		9.12
v 1.2675 		-87.2175 		10
v 2.2875 		-85.7825 		9.505
v 1.6125 		-87.2175 		10.255
v 2.6875 		-85.7825 		9.97
v 1.8975 		-87.2175 		10.56
v 2.9875 		-85.7825 		10.495
v 2.1125 		-87.2175 		10.915
v 3.1725 		-85.7825 		11.075
v 2.2425 		-87.2175 		11.295
v 3.2325 		-85.7825 		11.675
v 2.2875 		-87.2175 		11.685
v 3.1725 		-85.7825 		12.27
v 2.9875 		-85.7825 		12.845
v 2.005 		-87.2175 		12.6375
v 2.6875 		-85.7825 		13.375
v 2.2875 		-85.7825 		13.84
v 1.6125 		-87.2175 		13.12
v 1.2675 		-87.2175 		13.375
v 1.2325 		-85.7825 		14.505
v 0.6275 		-85.7825 		14.68
v 0.0025 		-85.7825 		14.74
v 0.0025 		-87.2175 		13.715
v 0.0025 		-81.6175 		6.88
v 0.0025 		-77.4475 		5.695
v 1.0625 		-77.4475 		5.83
v 0.8475 		-81.6175 		6.98
v 2.0925 		-77.4475 		6.215
v 1.6625 		-81.6175 		7.275
v 3.0375 		-77.4475 		6.84
v 2.4175 		-81.6175 		7.76
v 3.8675 		-77.4475 		7.685
v 3.0775 		-81.6175 		8.405
v 4.5475 		-77.4475 		8.715
v 3.6175 		-81.6175 		9.195
v 5.0525 		-77.4475 		9.89
v 4.0225 		-81.6175 		10.095
v 5.3675 		-77.4475 		11.16
v 4.2675 		-81.6175 		11.075
v 5.1325 		-78.6475 		12.17
v 5.1875 		-78.4325 		12.16
v 5.3575 		-77.8075 		12.25
v 5.3625 		-77.8325 		12.35
v 5.2375 		-78.2675 		12.235
v 5.2225 		-78.3275 		12.21
v 5.1225 		-78.7075 		12.17
v 4.8975 		-79.5675 		12.2
v 5.0725 		-78.8825 		12.185
v 4.9175 		-79.4875 		12.24
v 4.7375 		-80.1775 		12.22
v 5.0375 		-79.0375 		12.27
v 4.3525 		-81.6175 		12.085
v 5.3975 		-77.6425 		12.16
v 5.4175 		-77.5525 		12.155
v 5.4425 		-77.4475 		12.15
v 4.2675 		-81.6175 		13.1
v 4.2875 		-81.6175 		12.92
v 4.3075 		-81.6175 		12.655
v 4.3525 		-81.5625 		12.275
v 4.4025 		-81.3975 		12.185
v 4.3175 		-81.6175 		12.515
v 4.6644 		-80.3106 		12.7012
v 4.525 		-80.7225 		12.98
v 4.6275 		-80.3125 		13.18
v 4.5375 		-80.9175 		12.1825
v 4.4825 		-81.1225 		12.17
v 4.7125 		-80.2625 		12.27
v 4.5675 		-80.7925 		12.24
v 4.4675 		-81.1825 		12.17
v 4.9975 		-79.0925 		12.765
v 5.0025 		-78.8575 		13.49
v 5.0025 		-78.8575 		13.495
v 4.8375 		-79.4725 		13.39
v 5.3675 		-77.4475 		13.805
v 4.9625 		-79.0225 		13.42
v 4.9675 		-79.0825 		13.175
v 4.9625 		-79.0625 		13.235
v 5.1275 		-78.4125 		13.475
v 5.1775 		-78.2475 		13.385
v 5.3025 		-77.7875 		13.395
v 5.3275 		-77.7275 		13.425
v 5.2375 		-78.1975 		12.845
v 5.255 		-78.2 		12.5625
v 4.2625 		-81.6075 		13.145
v 4.0225 		-81.6175 		14.08
v 4.2375 		-81.3825 		13.515
v 4.2075 		-81.5475 		13.435
v 4.3825 		-80.9375 		13.49
v 4.3825 		-80.9325 		13.485
v 5.0525 		-77.4475 		15.08
v 4.6375 		-80.0775 		13.505
v 4.6275 		-80.1425 		13.475
v 4.7125 		-79.8525 		13.495
v 4.7225 		-79.8125 		13.49
v 4.7675 		-79.6725 		13.485
v 4.4525 		-80.7725 		13.395
v 4.6075 		-80.2425 		13.425
v 4.5475 		-77.4475 		16.25
v 3.6175 		-81.6175 		14.955
v 3.8675 		-77.4475 		17.28
v 3.0375 		-77.4475 		18.125
v 2.4175 		-81.6175 		16.115
v 2.0925 		-77.4475 		18.75
v 0.0025 		-59.5275 		3.58
v 0.0025 		-42.1425 		1.715
v 1.6275 		-42.1425 		1.91
v 1.5625 		-59.5275 		3.775
v 3.1975 		-44.8075 		3.98
v 3.0675 		-59.5275 		4.34
v 4.6425 		-46.5825 		4.925
v 4.4575 		-59.5275 		5.26
v 5.9125 		-46.4975 		6.195
v 5.6725 		-59.5275 		6.495
v 6.9525 		-44.4475 		7.745
v 6.6725 		-59.5275 		8.005
v 7.7225 		-40.6625 		9.515
v 7.4125 		-59.5275 		9.725
v 8.1975 		-40.4975 		11.43
v 7.8725 		-59.5275 		11.595
v 8.1425 		-51.7825 		13.265
v 8.1575 		-50.8975 		13.26
v 8.1625 		-50.7325 		13.26
v 8.1425 		-51.9325 		13.27
v 8.1625 		-50.6725 		13.26
v 8.1425 		-52.0025 		13.27
v 8.2625 		-45.1175 		13.235
v 8.1175 		-53.1725 		13.28
v 8.1425 		-51.6125 		13.18
v 8.0975 		-54.4725 		13.29
v 8.1575 		-50.9325 		13.24
v 8.0775 		-55.6275 		13.3
v 8.0775 		-55.4975 		13.295
v 8.1225 		-51.5575 		12.94
v 8.1475 		-51.0625 		13.175
v 8.0925 		-54.6925 		13.29
v 8.0975 		-54.5525 		13.29
v 8.3625 		-40.4975 		13.42
v 8.0775 		-55.7225 		13.3
v 8.2625 		-45.0925 		13.235
v 8.0775 		-55.3325 		13.21
v 8.0825 		-54.8625 		13.21
v 8.0525 		-56.9725 		13.31
v 8.0525 		-57.0625 		13.31
v 8.0325 		-58.1025 		13.32
v 8.0475 		-57.1925 		13.31
v 8.0375 		-55.2775 		12.7025
v 8.0388 		-54.9275 		12.66
v 8.0325 		-57.9375 		13.235
v 8.0125 		-57.8775 		12.99
v 8.0475 		-57.2625 		13.28
v 7.9875 		-55.3425 		12.085
v 7.9925 		-54.8725 		12.08
v 8.0325 		-58.2175 		13.32
v 8.2125 		-47.9025 		13.245
v 8.2375 		-46.5075 		13.24
v 8.2625 		-45.1525 		13.235
v 7.9775 		-55.5075 		12.005
v 7.9925 		-54.7075 		12
v 8.2125 		-47.8775 		13.245
v 8.1225 		-53.0925 		13.28
v 8.1375 		-52.0625 		13.27
v 7.9725 		-55.7325 		12.005
v 8.2175 		-47.6775 		13.24
v 8.2325 		-46.7225 		13.24
v 7.9525 		-56.9825 		12.02
v 7.9275 		-58.3375 		12.03
v 8.2125 		-47.5125 		13.155
v 8.1225 		-52.9475 		13.275
v 8.1375 		-52.2275 		13.27
v 8.1975 		-47.4625 		12.935
v 8.2325 		-46.7325 		13.235
v 8.0325 		-58.3275 		13.32
v 8.0125 		-59.4025 		13.33
v 8.0125 		-59.3025 		13.33
v 8.0425 		-57.3625 		13.23
v 8.1175 		-52.7825 		13.19
v 8.1275 		-52.3925 		13.185
v 8.1875 		-49.3425 		13.245
v 8.2125 		-47.9225 		13.245
v 7.9725 		-55.7525 		12.005
v 7.9525 		-56.7575 		12.02
v 8.0825 		-52.7225 		12.71
v 8.1875 		-49.2925 		13.245
v 8.2075 		-48.1225 		13.245
v 7.9675 		-55.9575 		12.01
v 8.1925 		-49.1275 		13.245
v 7.9275 		-58.3725 		12.03
v 7.9225 		-58.5625 		12.03
v 7.9125 		-59.3075 		12.035
v 7.9675 		-55.9675 		12.01
v 8.2675 		-44.8925 		13.235
v 8.1875 		-48.9525 		13.16
v 7.9725 		-56.1225 		12.095
v 7.9575 		-56.7325 		12.03
v 8.0525 		-52.7275 		12.305
v 8.1075 		-52.4425 		12.985
v 8.0275 		-58.5525 		13.32
v 8.0275 		-58.4225 		13.32
v 8.1675 		-48.9025 		12.915
v 8.2075 		-48.1375 		13.24
v 8.2225 		-46.8975 		13.16
v 8.2375 		-46.4975 		13.24
v 8.2575 		-45.3425 		13.235
v 8.1075 		-52.4525 		12.945
v 8.0975 		-54.3875 		13.29
v 8.1175 		-53.3975 		13.28
v 8.2425 		-46.2825 		13.235
v 8.2575 		-45.3675 		13.225
v 8.0575 		-56.8775 		13.31
v 8.0725 		-55.9425 		13.3
v 8.2475 		-45.5075 		13.155
v 8.1025 		-54.2475 		13.285
v 7.9275 		-58.7275 		12.115
v 8.0575 		-56.7475 		13.305
v 8.0575 		-56.6725 		13.27
v 8.0625 		-56.1125 		13.22
v 8.1075 		-53.5625 		13.195
v 8.0075 		-59.1275 		13.245
v 8.0175 		-58.7175 		13.24
v 8.0525 		-56.5825 		13.225
v 8.0475 		-56.1575 		13.045
v 8.1625 		-50.6125 		13.255
v 8.1875 		-49.3975 		13.245
v 8.1675 		-50.4475 		13.255
v 8.1825 		-49.5725 		13.245
v 8.0975 		-54.0825 		13.2
v 8.0188 		-56.18 		12.6725
v 8.1725 		-49.7425 		13.165
v 7.9525 		-57.0075 		12.02
v 7.9275 		-58.3025 		12.03
v 7.9475 		-57.2075 		12.02
v 7.9325 		-58.1125 		12.03
v 8.1625 		-50.2825 		13.17
v 8.06 		-54.03 		12.7225
v 8.06 		-53.6275 		12.6288
v 7.9525 		-57.3725 		12.105
v 8.1225 		-50.2275 		12.665
v 7.9775 		-58.7775 		12.765
v 8.0325 		-53.6325 		12.315
v 7.9425 		-57.9475 		12.11
v 7.9175 		-59.1425 		12.12
v 8.1975 		-48.2925 		13.16
v 8.1275 		-51.1225 		12.935
v 7.9625 		-56.5925 		12.095
v 8.0375 		-56.5225 		12.98
v 8.1275 		-49.7975 		12.6025
v 7.9962 		-57.4275 		12.6875
v 8.2375 		-46.1175 		13.15
v 8.0325 		-53.6225 		12.305
v 8.2325 		-46.0975 		13.065
v 8.2175 		-46.0625 		12.915
v 8.1775 		-48.3475 		12.93
v 8.1925 		-48.3225 		13.06
v 8.2625 		-44.7275 		13.15
v 8.0275 		-59.5275 		13.53
v 8.2175 		-46.0525 		12.91
v 8.2325 		-45.5525 		12.975
v 8.1275 		-49.7975 		12.585
v 8.1775 		-48.3575 		12.92
v 8.1925 		-47.4525 		12.915
v 7.9825 		-57.8775 		12.615
v 8.1975 		-46.0625 		12.62
v 7.9625 		-59.0775 		12.62
v 8.0838 		-51.1325 		12.3575
v 8.0525 		-52.4525 		12.27
v 7.9075 		-59.5275 		12.035
v 8.0225 		-53.5975 		12.16
v 8.1525 		-45.3525 		11.945
v 8.1375 		-46.2875 		11.945
v 8.1325 		-46.4475 		11.945
v 8.1475 		-46.1175 		12.03
v 8.1325 		-46.5125 		11.945
v 8.1575 		-45.5175 		12.03
v 8.1075 		-47.8675 		11.945
v 8.1075 		-47.9125 		11.945
v 8.1075 		-47.9575 		11.95
v 8.1025 		-48.1375 		11.95
v 8.0875 		-49.1325 		11.9525
v 8.0825 		-49.3375 		11.95
v 8.1325 		-46.5925 		11.945
v 8.0975 		-48.9625 		12.035
v 8.0825 		-49.3625 		11.95
v 8.1175 		-48.9125 		12.265
v 8.0575 		-50.6825 		11.96
v 8.0375 		-52.0075 		11.975
v 8.1275 		-46.7325 		11.95
v 8.1125 		-47.6875 		11.945
v 8.1325 		-46.7925 		11.98
v 8.165 		-44.8725 		11.9575
v 8.0175 		-53.1825 		11.985
v 7.9925 		-54.4825 		11.995
v 8.0575 		-50.6975 		11.96
v 8.2 		-45.5775 		12.5575
v 8.0575 		-50.9075 		11.965
v 8.0425 		-51.7925 		11.975
v 8.0125 		-53.4075 		11.985
v 8.0425 		-51.7825 		11.975
v 8.0125 		-53.4075 		11.99
v 7.9925 		-54.4725 		11.995
v 8.0575 		-51.0725 		12.05
v 8.0525 		-51.6175 		12.055
v 8.1225 		-47.5225 		12.03
v 8.1075 		-48.3025 		12.035
v 8.1175 		-48.9025 		12.275
v 8.125 		-48.355 		12.255
v 8.1325 		-46.9075 		12.03
v 8.1425 		-47.4625 		12.27
v 8.0375 		-52.0175 		11.975
v 8.0325 		-52.2325 		11.975
v 8.0825 		-49.3775 		11.95
v 8.0575 		-50.6725 		11.96
v 8.1725 		-44.7425 		12.02
v 8.0325 		-52.2425 		11.98
v 8.0225 		-52.9625 		11.985
v 8.0625 		-50.4625 		11.96
v 8.0775 		-49.5975 		11.965
v 8.0725 		-50.2925 		12.045
v 8.2125 		-44.6725 		12.505
v 8.0825 		-49.7525 		12.04
v 8.0925 		-50.2375 		12.265
v 7.9975 		-54.2575 		11.995
v 8.0225 		-52.9575 		11.985
v 8.0625 		-50.4625 		11.965
v 8.2425 		-44.6725 		12.905
v 8.0175 		-53.5725 		12.07
v 8.0075 		-54.0925 		12.075
v 8.0375 		-52.3975 		12.06
v 8.0325 		-52.7925 		12.065
v 8.0725 		-51.5575 		12.295
v 8.18 		-46.9575 		12.63
v 8.1975 		-40.4975 		15.415
v 7.8725 		-59.5275 		15.475
v 7.7225 		-40.4975 		17.335
v 7.4125 		-59.5275 		17.34
v 6.9825 		-42.2625 		18.965
v 6.8075 		-55.7075 		18.885
v 6.7975 		-56.5125 		18.88
v 6.8075 		-55.6625 		18.885
v 6.7925 		-56.6875 		18.88
v 6.7675 		-56.2875 		18.96
v 6.8275 		-54.3275 		18.885
v 6.8125 		-55.4825 		18.885
v 6.8375 		-53.9625 		18.885
v 6.7925 		-56.8625 		18.88
v 6.7775 		-57.7975 		18.88
v 6.775 		-57.9375 		18.88
v 6.8475 		-53.1875 		18.885
v 6.8375 		-53.9175 		18.885
v 6.8275 		-54.3625 		18.885
v 6.8175 		-55.2575 		18.885
v 6.8125 		-55.3075 		18.885
v 6.8475 		-53.1475 		18.885
v 6.9825 		-44.2075 		18.89
v 6.9675 		-45.4025 		18.89
v 6.8125 		-53.3625 		18.96
v 6.9725 		-45.0225 		18.89
v 6.9675 		-45.2025 		18.89
v 6.9775 		-43.7125 		18.92
v 6.9875 		-43.915 		18.89
v 6.9275 		-48.0575 		18.89
v 6.9825 		-44.2325 		18.89
v 6.9725 		-44.9775 		18.89
v 6.9475 		-46.7075 		18.89
v 6.7725 		-58.2525 		18.88
v 6.9275 		-47.8625 		18.89
v 6.7275 		-58.8925 		18.955
v 6.9425 		-44.8125 		18.965
v 6.9475 		-46.7325 		18.89
v 6.9325 		-47.6325 		18.89
v 6.9325 		-47.6775 		18.89
v 6.9475 		-46.5075 		18.89
v 6.9125 		-46.8875 		18.955
v 6.7925 		-56.9125 		18.88
v 6.9525 		-46.3225 		18.89
v 6.7375 		-58.4225 		18.955
v 6.9625 		-45.4375 		18.89
v 6.9525 		-46.2875 		18.89
v 6.7475 		-57.6325 		18.955
v 6.7575 		-57.0775 		18.955
v 6.9675 		-43.0525 		18.965
v 6.9625 		-43.6175 		18.965
v 6.9325 		-45.6025 		18.965
v 6.9225 		-46.1175 		18.965
v 6.9125 		-46.9075 		18.965
v 6.9025 		-47.4675 		18.965
v 6.9075 		-47.4975 		18.95
v 6.8075 		-53.7475 		18.96
v 6.7575 		-59.0975 		18.88
v 6.7875 		-55.0825 		18.96
v 6.7925 		-54.5275 		18.96
v 6.9225 		-48.0875 		18.89
v 6.8425 		-52.6725 		18.9125
v 6.7725 		-55.8725 		18.96
v 6.8225 		-52.5725 		18.96
v 6.8875 		-48.2525 		18.96
v 6.9475 		-44.4075 		18.965
v 6.7525 		-59.5175 		18.88
v 7.0075 		-42.7625 		18.89
v 7.03 		-41.2 		18.8925
v 7.0075 		-40.5525 		18.965
v 7.0075 		-41.0375 		18.955
v 7.0225 		-41.6375 		18.89
v 7.0125 		-42.4325 		18.89
v 6.9875 		-41.7925 		18.965
v 7.0025 		-41.0175 		18.97
v 6.9875 		-41.8025 		18.965
v 7.0075 		-40.5425 		18.965
v 6.6275 		-58.84 		19.145
v 6.6037 		-56.2275 		19.245
v 6.6575 		-54.5875 		19.205
v 6.4425 		-54.58 		19.5225
v 6.4538 		-55.0225 		19.4962
v 6.4275 		-53.4075 		19.575
v 6.4375 		-53.6775 		19.55
v 6.1025 		-56.4425 		19.99
v 6.1175 		-55.6875 		19.99
v 6.1175 		-55.4975 		19.99
v 5.9125 		-40.4975 		20.65
v 6.1025 		-56.6975 		19.99
v 6.0775 		-58.2325 		19.99
v 6.0825 		-58.0325 		19.99
v 6.1575 		-55.8625 		19.92
v 6.0675 		-59.0475 		19.99
v 6.0675 		-59.0375 		19.985
v 6.1125 		-58.8825 		19.92
v 6.1225 		-58.4075 		19.92
v 6.125 		-55.23 		19.9875
v 6.1775 		-54.5175 		19.925
v 6.1375 		-54.2463 		19.9925
v 6.1725 		-55.0725 		19.92
v 6.1525 		-53.1725 		19.995
v 6.1525 		-56.2775 		19.92
v 6.4275 		-55.9225 		19.515
v 6.1475 		-53.8825 		19.985
v 6.2825 		-53.3825 		19.79
v 6.1975 		-53.3375 		19.925
v 6.0825 		-57.7825 		19.99
v 6.0975 		-56.8975 		19.99
v 6.3025 		-58.4675 		19.6475
v 6.1575 		-52.7225 		19.995
v 6.1325 		-57.6175 		19.92
v 6.2075 		-52.5575 		19.925
v 6.1425 		-57.0625 		19.92
v 6.1925 		-53.7275 		19.925
v 6.595 		-58.4725 		19.205
v 6.4581 		-57.5688 		19.43
v 6.4125 		-57.1275 		19.5125
v 6.0675 		-59.2475 		19.99
v 5.6725 		-59.5275 		20.57
v 6.4225 		-58.8325 		19.4563
v 6.3925 		-52.5025 		19.65
v 6.2325 		-48.09 		19.9875
v 6.0575 		-59.4975 		19.99
v 6.4375 		-53.6775 		19.555
v 6.3275 		-41.6175 		20
v 6.3375 		-41.6625 		19.98
v 6.3725 		-41.7825 		19.93
v 6.54 		-42.2025 		19.6687
v 6.3675 		-42.2475 		19.93
v 6.3175 		-42.4175 		20
v 6.3125 		-42.6925 		20
v 6.2725 		-45.2375 		20
v 6.2925 		-44.0425 		20
v 6.2725 		-45.1525 		20
v 6.2775 		-44.9675 		19.995
v 6.2875 		-44.2225 		20
v 6.34 		-41.15 		19.995
v 6.3825 		-40.9975 		19.93
v 6.2325 		-47.8075 		19.995
v 6.2375 		-47.6275 		19.995
v 6.2525 		-46.5325 		19.995
v 6.2475 		-46.7225 		19.995
v 6.2925 		-43.9525 		20
v 6.2575 		-46.2725 		19.995
v 6.2675 		-45.4125 		19.995
v 6.2525 		-46.4525 		19.995
v 6.3075 		-46.0975 		19.925
v 6.6288 		-40.5938 		19.5756
v 6.2975 		-43.7725 		20
v 6.3075 		-42.8675 		20
v 6.3325 		-44.3875 		19.93
v 6.3125 		-45.5875 		19.93
v 6.2725 		-48.2425 		19.925
v 6.3275 		-44.7975 		19.93
v 6.5475 		-46.0475 		19.57
v 6.3525 		-43.0325 		19.93
v 6.42 		-45.635 		19.765
v 6.7475 		-48.3125 		19.22
v 6.3025 		-43.7475 		19.985
v 6.4875 		-43.0975 		19.725
v 6.4325 		-43.0675 		19.81
v 6.6 		-44.4525 		19.5325
v 6.3425 		-43.6075 		19.93
v 6.6306 		-40.9531 		19.5637
v 6.8175 		-42.2025 		19.26
v 6.2825 		-47.4525 		19.925
v 6.2925 		-46.8875 		19.925
v 6.6225 		-43.5525 		19.5175
v 6.605 		-44.7525 		19.515
v 6.6375 		-41.8475 		19.535
v 6.6125 		-46.9575 		19.45
v 6.8525 		-43.1025 		19.18
v 6.7275 		-47.4075 		19.27
v 6.3925 		-40.5325 		19.93
v 4.6425 		-40.4975 		21.92
v 4.4575 		-59.5275 		21.81
v 3.1975 		-40.4975 		22.865
v 3.0675 		-59.5275 		22.73
v 1.6275 		-40.4975 		23.445
v 1.5625 		-59.5275 		23.295
v 0.0025 		-40.4975 		23.645
v 0.0025 		-59.5275 		23.49
v 0.0025 		-66.1325 		3.9
v 1.4575 		-66.1325 		4.085
v 2.8675 		-66.1325 		4.635
v 4.1625 		-66.1325 		5.525
v 5.2975 		-66.1325 		6.725
v 6.2325 		-66.1325 		8.19
v 6.9275 		-66.1325 		9.86
v 7.3525 		-66.1325 		11.67
v 7.8175 		-61.9575 		13.34
v 7.8875 		-61.0425 		13.345
v 7.4975 		-66.1325 		13.55
v 7.8025 		-62.1125 		13.345
v 7.8975 		-60.9475 		13.345
v 7.7825 		-62.3975 		13.35
v 7.7625 		-62.5725 		13.27
v 7.8675 		-61.2175 		13.265
v 7.9075 		-60.8175 		13.345
v 7.9175 		-60.6975 		13.34
v 7.8225 		-61.7925 		13.255
v 7.9225 		-60.6025 		13.34
v 7.7125 		-62.6325 		12.705
v 7.9925 		-59.7425 		13.335
v 7.8075 		-61.7325 		13.01
v 7.7075 		-62.6325 		12.655
v 7.8225 		-60.6125 		12.045
v 7.8425 		-60.4475 		12.125
v 7.7975 		-60.8875 		12.05
v 7.8825 		-59.9175 		12.125
v 7.8875 		-60.3775 		12.64
v 7.7325 		-61.8025 		12.13
v 7.7775 		-61.2275 		12.14
v 7.9125 		-59.9775 		12.57
v 7.7825 		-61.7325 		12.675
v 7.6975 		-62.1825 		12.05
v 7.6975 		-62.1925 		12.05
v 7.6775 		-62.4075 		12.055
v 7.6775 		-62.4175 		12.055
v 7.6725 		-62.5825 		12.14
v 7.9725 		-59.9075 		13.255
v 7.815 		-61.2775 		12.635
v 7.9025 		-59.5775 		12.035
v 7.9325 		-60.4375 		13.255
v 7.7075 		-62.6325 		12.65
v 7.9075 		-59.5325 		12.035
v 7.3525 		-66.1325 		15.435
v 6.9275 		-66.1325 		17.245
v 6.5825 		-62.0525 		18.82
v 6.5175 		-63.0775 		18.79
v 6.5975 		-61.8625 		18.82
v 6.5275 		-62.8575 		18.8
v 6.4325 		-64.3075 		18.76
v 6.6725 		-60.6875 		18.85
v 6.5075 		-62.6875 		18.88
v 6.5025 		-63.2475 		18.79
v 6.4425 		-64.1975 		18.765
v 6.5025 		-63.3025 		18.79
v 6.4475 		-64.0825 		18.77
v 6.6125 		-61.6075 		18.83
v 6.4275 		-63.9175 		18.85
v 6.6875 		-60.4412 		18.8575
v 6.6775 		-59.6975 		19.015
v 6.4075 		-64.5675 		18.775
v 6.6725 		-60.1875 		18.94
v 6.4575 		-63.4675 		18.86
v 6.3775 		-64.6975 		18.83
v 6.6225 		-60.9775 		18.92
v 6.5925 		-61.4375 		18.91
v 6.5375 		-62.2175 		18.89
v 6.2325 		-66.1325 		18.915
v 6.7075 		-59.6825 		18.95
v 6.1175 		-64.7525 		19.265
v 5.2975 		-66.1325 		20.38
v 6.0994 		-63.8513 		19.3962
v 6.2375 		-63.5175 		19.2312
v 5.7725 		-64.0725 		19.88
v 5.8225 		-63.2825 		19.9
v 5.7475 		-64.5175 		19.87
v 5.7825 		-64.6825 		19.795
v 5.9025 		-64.7425 		19.595
v 5.8625 		-64.7275 		19.665
v 5.8575 		-63.4475 		19.825
v 5.8275 		-63.9075 		19.815
v 5.8525 		-62.82 		19.9025
v 6.0475 		-64.7525 		19.365
v 5.9025 		-62.6775 		19.84
v 6.005 		-60.36 		19.97
v 5.9925 		-60.5675 		19.965
v 5.9075 		-61.8175 		19.935
v 5.9775 		-60.7475 		19.96
v 5.9325 		-62.2075 		19.855
v 6.0675 		-60.1775 		19.905
v 5.9175 		-61.6975 		19.935
v 5.9775 		-60.7925 		19.96
v 6.3375 		-60.1225 		19.495
v 6.1725 		-62.6175 		19.4375
v 5.9275 		-61.5925 		19.94
v 6.2975 		-59.7325 		19.605
v 5.9825 		-61.4275 		19.87
v 6.0125 		-60.9575 		19.885
v 6.5575 		-59.7325 		19.21
v 6.09 		-62.2675 		19.6075
v 6.1575 		-61.3675 		19.615
v 6.1425 		-61.0175 		19.68
v 6.3025 		-61.3725 		19.4
v 6.1875 		-59.7075 		19.77
v 6.1425 		-61.0175 		19.675
v 6.33 		-61.0275 		19.395
v 6.0975 		-59.6725 		19.915
v 6.4225 		-62.2775 		19.105
v 4.1625 		-66.1325 		21.58
v 2.8675 		-66.1325 		22.47
v 1.4575 		-66.1325 		23.02
v 0.0025 		-66.1325 		23.21
v 6.3925 		-72.7275 		13.36
v 7.0675 		-68.6825 		13.395
v 6.8475 		-70.0175 		13.405
v 6.6825 		-71.0025 		13.415
v 6.9175 		-69.5775 		13.39
v 7.0325 		-68.8475 		13.32
v 6.6475 		-71.2275 		13.42
v 6.7175 		-70.7825 		13.405
v 6.8375 		-70.0625 		13.385
v 6.4825 		-72.2325 		13.43
v 6.505 		-72.0875 		13.4075
v 6.5225 		-71.9475 		13.335
v 6.6125 		-71.3925 		13.34
v 6.8125 		-70.1825 		13.325
v 6.7425 		-70.6175 		13.32
v 6.5713 		-71.4525 		12.8912
v 6.7825 		-70.2475 		13.085
v 6.49 		-71.9025 		12.7837
v 6.4375 		-71.9625 		12.21
v 6.4075 		-72.1225 		12.135
v 6.4075 		-72.1275 		12.13
v 6.6875 		-70.5675 		12.43
v 7.2575 		-67.5025 		13.395
v 6.3725 		-72.33 		12.135
v 6.3625 		-72.3975 		12.135
v 7.1375 		-68.2325 		13.385
v 6.9175 		-69.5525 		13.38
v 6.9375 		-69.4125 		13.305
v 7.305 		-67.2375 		13.3875
v 7.1425 		-68.2225 		13.375
v 7.2275 		-67.6675 		13.315
v 7.1575 		-68.0675 		13.295
v 7.1475 		-68.1475 		13.335
v 7.1575 		-68.0825 		13.3
v 7.3525 		-66.8875 		13.295
v 6.5325 		-71.3975 		12.215
v 6.6775 		-70.5775 		12.38
v 6.3125 		-72.7375 		12.23
v 6.92 		-69.3563 		12.9325
v 7.1937 		-67.725 		13.0113
v 7.1625 		-67.5125 		12.1
v 7.0375 		-68.2475 		12.09
v 7.1375 		-67.6775 		12.19
v 7.0725 		-68.0825 		12.17
v 6.9975 		-68.4925 		12.095
v 6.9725 		-68.6675 		12.105
v 6.9675 		-68.6925 		12.105
v 6.8525 		-69.4225 		12.18
v 7.2325 		-67.0675 		12.09
v 7.2675 		-66.9025 		12.17
v 7.2925 		-66.8425 		12.41
v 7.1625 		-67.7275 		12.6
v 6.9475 		-68.8575 		12.19
v 7.3175 		-66.8425 		12.7325
v 7.0975 		-68.0275 		12.3775
v 6.8225 		-69.5875 		12.1
v 6.6225 		-70.7925 		12.115
v 7.3075 		-66.8425 		12.61
v 6.5925 		-71.0025 		12.115
v 6.7825 		-69.8125 		12.105
v 6.7775 		-69.8475 		12.105
v 6.5875 		-71.0175 		12.115
v 6.7475 		-70.0275 		12.11
v 6.5875 		-71.0275 		12.115
v 6.5525 		-71.2375 		12.125
v 6.9725 		-68.9075 		12.67
v 6.6575 		-70.6275 		12.19
v 6.7275 		-70.1925 		12.2
v 6.425 		-72.58 		13.4275
v 0.0025 		-28.8975 		1.65
v 1.6275 		-28.8975 		1.845
v 7.7225 		-30.9875 		9.37
v 8.1975 		-30.9675 		11.26
v 8.3575 		-33.5725 		13.225
v 8.3575 		-33.8275 		13.225
v 8.3475 		-37.7025 		13.225
v 8.3525 		-35.1325 		13.225
v 8.3475 		-37.8025 		13.225
v 8.3475 		-38.6825 		13.225
v 8.3575 		-33.4725 		13.22
v 8.3575 		-32.5975 		13.225
v 8.3425 		-37.9675 		13.145
v 8.3525 		-36.4025 		13.225
v 8.3525 		-32.7675 		13.14
v 8.3425 		-38.5975 		13.185
v 8.3525 		-36.1575 		13.225
v 8.3425 		-38.5075 		13.14
v 8.3225 		-38.0325 		12.9
v 8.3525 		-35.2275 		13.225
v 8.3475 		-37.5725 		13.225
v 8.3525 		-36.4975 		13.225
v 8.3425 		-35.8875 		13.14
v 8.3475 		-35.3925 		13.145
v 8.3525 		-35.0025 		13.225
v 8.3138 		-35.455 		12.72
v 8.3475 		-37.405 		13.2225
v 8.3575 		-33.9225 		13.225
v 8.3425 		-37.1825 		13.14
v 8.3425 		-36.6625 		13.145
v 8.3475 		-34.0875 		13.145
v 8.3575 		-32.3725 		13.225
v 8.3475 		-34.6125 		13.14
v 8.2975 		-38.0325 		12.58
v 8.3475 		-39.1225 		13.225
v 8.3475 		-33.3075 		13.14
v 8.2825 		-37.1375 		12.365
v 8.3375 		-39.2925 		13.145
v 8.3087 		-36.7263 		12.72
v 8.355 		-31.4275 		13.1975
v 8.3562 		-32.175 		13.2125
v 8.2975 		-38.4625 		12.575
v 8.2525 		-37.9725 		12.015
v 8.2925 		-39.3575 		12.58
v 8.2475 		-39.3075 		12.02
v 8.2475 		-38.5225 		12.01
v 8.2425 		-39.1425 		11.93
v 8.3575 		-31.1525 		13.225
v 8.2425 		-38.6925 		11.93
v 8.305 		-35.8325 		12.665
v 8.3575 		-30.9575 		13.22
v 8.3625 		-30.9425 		13.225
v 8.3575 		-31.0275 		13.22
v 8.3525 		-31.9825 		13.14
v 8.3525 		-31.5375 		13.14
v 8.2425 		-37.8075 		11.93
v 8.3425 		-33.2775 		13.025
v 8.3275 		-32.8275 		12.8625
v 8.3225 		-33.2475 		12.79
v 8.2825 		-35.8325 		12.365
v 8.31 		-34.5525 		12.6675
v 8.2525 		-32.6075 		11.93
v 8.2575 		-32.7675 		12.01
v 8.2525 		-33.7075 		11.93
v 8.2525 		-33.9325 		11.93
v 8.2575 		-33.3125 		12.01
v 8.2525 		-32.2762 		11.93
v 8.2525 		-31.3875 		11.93
v 8.2575 		-31.9875 		12.01
v 8.2575 		-34.6175 		12.01
v 8.2625 		-31.5475 		12.01
v 8.2912 		-32.83 		12.4262
v 8.2575 		-34.1 		12.025
v 8.2775 		-34.1525 		12.275
v 8.2825 		-34.5525 		12.36
v 8.2475 		-34.905 		11.93
v 8.2475 		-36.1025 		11.93
v 8.2475 		-35.2375 		11.93
v 8.2475 		-36.5125 		11.93
v 8.3075 		-31.6025 		12.58
v 8.2525 		-35.8975 		12.01
v 8.2525 		-36.6775 		12.02
v 8.2475 		-37.3675 		11.93
v 8.2825 		-31.9275 		12.3025
v 8.2525 		-35.4025 		12.02
v 8.2425 		-37.4075 		11.93
v 8.2525 		-37.1925 		12.01
v 8.3175 		-33.2575 		12.76
v 8.1975 		-30.9325 		15.19
v 7.7225 		-30.9325 		17.085
v 7.0025 		-39.7675 		18.96
v 7.0275 		-38.8575 		18.875
v 7.0175 		-37.8225 		18.865
v 7.0075 		-36.4575 		18.85
v 7.0175 		-37.6775 		18.865
v 7.0225 		-37.9025 		18.865
v 7.0275 		-38.6275 		18.875
v 6.9975 		-35.0875 		18.835
v 6.9975 		-39.2475 		18.955
v 7.0175 		-37.5625 		18.86
v 6.9875 		-38.0725 		18.945
v 7.0175 		-37.4525 		18.86
v 6.9525 		-30.9325 		18.825
v 6.9975 		-34.8025 		18.835
v 7.0375 		-39.9325 		18.885
v 6.9925 		-38.4625 		18.945
v 7.0375 		-40.1625 		18.89
v 7.0075 		-36.1275 		18.85
v 6.9925 		-35.2775 		18.8525
v 6.9625 		-34.6275 		18.91
v 6.9725 		-35.9625 		18.92
v 6.9675 		-35.4125 		18.915
v 6.9825 		-37.2875 		18.935
v 6.9775 		-36.7475 		18.93
v 7.0425 		-40.3875 		18.89
v 6.8537 		-39.305 		19.21
v 6.8225 		-38.1325 		19.22
v 6.7025 		-38.3975 		19.4063
v 6.7225 		-36.7975 		19.33
v 6.685 		-37.2225 		19.3975
v 6.6575 		-35.8975 		19.4
v 6.8425 		-35.8975 		19.13
v 6.86 		-35.4625 		19.09
v 6.3125 		-37.6675 		19.965
v 6.3275 		-38.8425 		19.98
v 6.3425 		-40.1825 		20
v 6.3425 		-40.1025 		19.995
v 6.3275 		-39.0625 		19.98
v 6.3375 		-39.9175 		19.995
v 6.3125 		-37.8925 		19.965
v 6.3225 		-38.6175 		19.975
v 6.3775 		-39.2375 		19.915
v 6.3625 		-38.0625 		19.9
v 6.3675 		-38.4525 		19.905
v 6.4775 		-38.1075 		19.73
v 6.3825 		-39.7475 		19.92
v 6.2925 		-36.3325 		19.95
v 5.9125 		-30.9325 		20.355
v 6.3425 		-40.3675 		20
v 6.2925 		-36.1925 		19.945
v 6.2825 		-35.1275 		19.935
v 6.2775 		-35.0075 		19.93
v 6.3075 		-37.4875 		19.96
v 6.2975 		-36.4925 		19.95
v 6.2825 		-35.2325 		19.935
v 6.2925 		-36.1175 		19.945
v 6.2975 		-36.5575 		19.95
v 6.3075 		-37.4425 		19.96
v 6.3325 		-35.4025 		19.865
v 6.3525 		-37.2775 		19.89
v 6.3475 		-36.7275 		19.885
v 6.2775 		-34.7825 		19.93
v 6.3375 		-35.9425 		19.875
v 6.3675 		-36.7425 		19.855
v 6.5025 		-37.2175 		19.67
v 6.4825 		-36.7875 		19.685
v 6.585 		-39.7038 		19.62
v 6.3125 		-34.6475 		19.87
v 6.4825 		-36.7875 		19.68
v 6.49 		-34.56 		19.6075
v 6.6425 		-34.5625 		19.385
v 6.3225 		-34.6125 		19.855
v 4.6425 		-30.9325 		21.61
v 3.1975 		-30.9325 		22.54
v 1.6275 		-30.9325 		23.115
v 0.0025 		-30.9325 		23.31
v 0.0025 		-22.8925 		1.52
v 1.6275 		-23.2425 		1.705
v 8.3488 		-26.8263 		12.8
v 8.3588 		-26.4713 		12.8837
v 8.3588 		-25.5725 		12.8375
v 8.3375 		-25.5775 		12.57
v 8.2725 		-28.9525 		12.01
v 8.2675 		-29.4875 		12.01
v 8.2625 		-29.6575 		11.925
v 8.2925 		-29.4275 		12.2925
v 8.2575 		-30.1125 		11.93
v 8.2925 		-29.0025 		12.255
v 8.3425 		-29.4225 		12.895
v 8.2675 		-28.7825 		11.93
v 8.2675 		-28.8425 		11.96
v 8.2675 		-28.3375 		11.925
v 8.2775 		-27.6775 		12.01
v 8.2825 		-27.6775 		12.035
v 8.2775 		-28.1675 		12.005
v 8.2625 		-30.2725 		12.01
v 8.2975 		-27.7225 		12.23
v 8.2975 		-27.7325 		12.255
v 8.2625 		-30.7675 		12.01
v 8.3275 		-27.7225 		12.575
v 8.2875 		-30.7025 		12.35
v 8.3475 		-27.7225 		12.85
v 8.2775 		-28.1525 		12.045
v 8.3125 		-30.3325 		12.58
v 8.3175 		-28.9975 		12.575
v 8.3575 		-30.2675 		13.14
v 8.3525 		-30.7575 		13.14
v 8.2775 		-28.9625 		12.06
v 8.3575 		-30.2125 		13.165
v 8.3625 		-30.9275 		13.22
v 8.3625 		-30.2025 		13.175
v 8.2525 		-30.9325 		11.93
v 8.3575 		-28.9575 		13.085
v 8.3625 		-28.9525 		13.09
v 8.3475 		-28.1025 		12.895
v 8.3625 		-28.1325 		13.035
v 8.2925 		-25.1225 		12.01
v 8.2825 		-25.8075 		11.925
v 8.2825 		-26.0325 		11.925
v 8.2775 		-27.0575 		11.925
v 8.2775 		-26.2625 		11.925
v 8.2875 		-25.6425 		12.005
v 8.2775 		-26.2625 		11.93
v 8.2875 		-26.4275 		12.01
v 8.2825 		-26.8875 		12.005
v 8.2725 		-27.2825 		11.925
v 8.2875 		-24.9525 		11.925
v 8.2725 		-27.3725 		11.925
v 8.2725 		-27.5075 		11.93
v 8.2725 		-27.5125 		11.93
v 8.3075 		-26.4825 		12.255
v 8.3375 		-25.1825 		12.575
v 8.3575 		-30.0975 		13.225
v 8.3425 		-27.4925 		13.225
v 8.3375 		-27.3825 		13.225
v 8.3475 		-28.6675 		13.225
v 8.3475 		-28.7675 		13.225
v 8.3475 		-28.3225 		13.225
v 8.355 		-29.605 		13.1975
v 8.3325 		-26.2425 		13.225
v 8.3375 		-27.2725 		13.225
v 8.3375 		-27.0475 		13.225
v 8.3325 		-25.7975 		13.225
v 8.3425 		-26.8825 		13.14
v 8.3375 		-25.6325 		13.14
v 8.3275 		-24.9425 		13.23
v 8.3425 		-26.4175 		13.145
v 8.3475 		-27.6675 		13.145
v 8.3325 		-25.1125 		13.145
v 8.3525 		-28.1525 		13.14
v 8.3225 		-24.4925 		13.225
v 8.3575 		-29.4875 		13.14
v 8.3575 		-28.9375 		13.14
v 8.3575 		-28.1375 		13.04
v 7.7225 		-23.4175 		16.535
v 6.9525 		-22.9525 		18.225
v 5.9125 		-22.5975 		19.705
v 4.6425 		-22.3575 		20.925
v 3.1975 		-22.2175 		21.83
v 1.6275 		-22.1575 		22.385
v 0.0025 		-22.1525 		22.575
v 0.2325 		-87.8675 		10.325
v 0.7975 		-87.8675 		10.54
v 1.135 		-87.8675 		10.8225
v 1.4275 		-87.8675 		11.3075
v 1.4275 		-87.8675 		12.1225
v 0.6625 		-87.8675 		12.96
v 0.2325 		-87.8675 		13.105
v 0.0025 		81.6175 		15.92
v 0.1875 		81.6175 		15.98
v 0.2975 		78.3025 		15.24
v 0.3725 		81.6175 		16.15
v 0.5925 		78.3025 		15.43
v 0.5475 		81.6175 		16.42
v 0.8575 		78.3025 		15.735
v 0.6975 		81.6175 		16.79
v 1.2875 		78.3025 		16.435
v 0.9125 		81.6175 		17.75
v 0.9675 		81.6175 		18.305
v 1.5225 		78.3025 		17.07
v 0.9875 		81.6175 		18.88
v 1.5525 		78.3025 		17.16
v 1.5225 		78.3025 		17.755
v 1.4325 		78.3025 		18.455
v 0.8175 		81.6175 		20.525
v 1.2875 		78.3025 		20.335
v 0.6225 		81.6175 		21.155
v 0.8575 		78.3025 		21.25
v 0.3725 		81.6175 		21.615
v 0.5925 		78.3025 		21.56
v 0.1875 		81.6175 		21.78
v 0.0025 		81.6175 		21.84
v 8.3225 		-22.8875 		12.1725
v 8.2975 		-24.3375 		12.005
v 8.3225 		-24.2825 		12.285
v 8.2875 		-24.5125 		11.925
v 8.355 		-22.8975 		12.56
v 8.3481 		-24.2725 		12.705
v 8.3075 		-22.6775 		11.925
v 8.3125 		-22.8475 		12.005
v 8.3275 		-24.3275 		13.14
v 8.3075 		-22.0525 		13.14
v 8.3025 		-22.2175 		13.23
v 8.3125 		-22.7425 		13.195
v 8.3175 		-22.8325 		13.145
v 8.3275 		-21.9925 		12.895
v 5.8762 		-75.3575 		12.7225
v 5.825 		-75.7125 		12.9425
v 5.4925 		-77.1975 		12.14
v 5.6425 		-76.3925 		12.16
v 5.6375 		-76.4075 		12.17
v 5.5275 		-77.0325 		12.22
v 5.6675 		-76.2275 		12.15
v 5.6175 		-76.5575 		12.245
v 5.5575 		-76.9725 		12.46
v 5.6225 		-76.5725 		12.335
v 5.6275 		-76.6075 		12.475
v 5.4475 		-77.4225 		12.15
v 5.7575 		-75.7825 		12.22
v 5.7375 		-75.8625 		12.18
v 5.8525 		-75.2975 		12.245
v 5.9125 		-74.9325 		12.15
v 5.8775 		-75.1325 		12.16
v 5.7225 		-75.9475 		12.145
v 5.9175 		-74.9175 		12.15
v 5.9175 		-74.8975 		12.15
v 5.6363 		-76.6075 		12.84
v 5.5431 		-76.965 		12.9863
v 5.6125 		-76.5375 		13.385
v 5.5025 		-77.0175 		13.36
v 5.4675 		-77.1625 		13.445
v 5.6425 		-76.3725 		13.465
v 5.39 		-77.46 		13.465
v 5.9275 		-75.1225 		13.46
v 5.8975 		-75.2875 		13.38
v 5.75 		-75.915 		13.4375
v 5.7875 		-75.7675 		13.355
v 5.9 		-75.3475 		13.0525
v 2.2925 		-74.8725 		20.67
v 1.1375 		-75.5475 		20.67
v 0.0025 		-75.7325 		20.67
v 8.3425 		0.9375 		12.245
v 8.3425 		0.9375 		12.24
v 8.3225 		1.2825 		12.005
v 8.3225 		0.8775 		12
v 8.3625 		0.9425 		12.425
v 8.3425 		2.1225 		12.245
v 8.3225 		2.6875 		12.005
v 8.3425 		3.5325 		12.245
v 8.3325 		3.4975 		12.12
v 8.3375 		4.8925 		12.205
v 8.3425 		4.9025 		12.245
v 8.3175 		4.8475 		12
v 8.3438 		6.63 		12.27
v 8.3175 		-4.8925 		11.92
v 8.3175 		-6.1875 		11.92
v 8.3175 		-3.2175 		11.92
v 8.3175 		-2.3625 		11.92
v 8.3225 		-2.5275 		12.005
v 8.3175 		-5.0725 		11.92
v 8.3175 		-6.1625 		11.93
v 8.3175 		-4.6275 		11.92
v 8.3175 		-2.0975 		11.92
v 8.3125 		-0.7575 		11.92
v 8.3175 		-1.9125 		11.92
v 8.3125 		0.2625 		11.92
v 8.3125 		-0.5725 		11.92
v 8.3425 		-2.5725 		12.2
v 8.3175 		-3.1975 		11.93
v 8.3225 		0.0925 		12.005
v 8.3225 		-0.4025 		12
v 8.3425 		-0.3425 		12.24
v 8.3225 		-6.0175 		12
v 8.3425 		-0.3425 		12.245
v 8.3225 		-5.2425 		12.005
v 8.3225 		-3.0525 		12
v 8.3475 		-5.9625 		12.235
v 8.3175 		-7.7775 		11.92
v 8.3225 		-15.7225 		11.92
v 8.3225 		-15.9025 		11.92
v 8.3225 		-17.1125 		11.92
v 8.3175 		-7.5925 		11.92
v 8.3175 		-3.4875 		11.92
v 8.3175 		-3.6675 		11.92
v 8.3175 		-4.6025 		11.93
v 8.3325 		-19.4225 		12
v 8.3275 		-19.5575 		11.93
v 8.3225 		-17.5625 		11.92
v 8.3175 		-6.6375 		11.92
v 8.3475 		-5.9575 		12.24
v 8.3525 		-19.36 		12.2325
v 8.3225 		-4.4575 		12
v 8.3275 		-6.8025 		12.005
v 8.3225 		-19.5875 		11.92
v 8.3225 		-19.7675 		11.92
v 8.3425 		-6.8475 		12.19
v 8.3175 		-7.5675 		11.93
v 8.2975 		-7.815 		11.9225
v 8.3275 		-20.0325 		11.92
v 8.3225 		-16.1725 		11.92
v 8.3175 		-7.8625 		11.92
v 8.3125 		-0.8375 		11.92
v 8.3175 		-1.0175 		11.92
v 8.3175 		-8.0425 		11.92
v 8.3325 		-20.2025 		12.005
v 8.3275 		-7.4225 		12
v 8.3325 		-16.3425 		12.005
v 8.3225 		-1.1875 		12.005
v 8.3275 		-8.2075 		12.005
v 8.3475 		-16.3825 		12.185
v 8.3225 		-17.0875 		11.93
v 8.3225 		-1.7425 		12
v 8.3325 		-17.7275 		12.005
v 8.3325 		-15.5575 		12
v 8.3325 		-16.9425 		12
v 8.3225 		-3.8375 		12.005
v 8.3425 		-1.6875 		12.245
v 8.3425 		-1.6875 		12.24
v 8.3475 		-17.7725 		12.18
v 8.3562 		-15.4975 		12.2888
v 8.3575 		-19.3575 		12.34
v 8.3625 		-8.2625 		12.37
v 8.3575 		-5.9575 		12.375
v 8.3562 		-16.8825 		12.2888
v 8.3537 		-5.2938 		12.3038
v 8.3625 		-5.9575 		12.385
v 8.3425 		-1.2375 		12.2225
v 8.3625 		-2.9925 		12.4
v 8.3625 		-7.3625 		12.375
v 8.3625 		0.0375 		12.42
v 8.3075 		7.1075 		11.92
v 8.3125 		5.7325 		11.92
v 8.3125 		3.0375 		11.92
v 8.3075 		8.7125 		11.9225
v 8.3175 		8.8725 		12
v 8.3125 		6.8525 		11.92
v 8.3125 		5.9275 		11.92
v 8.3125 		5.4775 		11.92
v 8.3125 		2.8525 		11.92
v 8.3125 		1.9175 		11.93
v 8.3125 		4.6775 		11.92
v 8.3175 		6.0925 		12
v 8.3175 		5.3075 		12.005
v 8.3175 		6.6825 		12.005
v 8.3425 		6.1525 		12.245
v 8.3125 		1.8975 		11.92
v 8.3125 		4.2275 		11.92
v 8.3125 		3.3025 		11.92
v 8.3075 		8.2575 		11.92
v 8.3075 		7.2975 		11.92
v 8.3125 		1.4475 		11.92
v 8.3125 		0.7075 		11.92
v 8.3175 		8.0875 		12.005
v 8.3175 		7.4675 		12
v 8.35 		7.53 		12.4481
v 8.3375 		6.1475 		12.22
v 8.3225 		2.0675 		12
v 8.3175 		4.0575 		12.005
v 8.3175 		3.4725 		12
v 8.3375 		8.9325 		12.25
v 8.345 		8.9375 		12.6475
v 8.3588 		-20.2575 		12.2762
v 8.3425 		-8.2575 		12.5725
v 8.3125 		-7.3525 		12.895
v 8.3425 		-6.8525 		12.575
v 8.2875 		-6.7875 		13.15
v 8.3575 		-7.3625 		12.38
v 8.2825 		-7.8475 		13.235
v 8.2775 		-17.3625 		13.235
v 8.2725 		-19.7725 		13.235
v 8.2725 		-19.5675 		13.23
v 8.2775 		-17.5425 		13.235
v 8.2825 		-7.5625 		13.225
v 8.2825 		-6.6175 		13.235
v 8.2775 		-16.1525 		13.235
v 8.2825 		-17.7125 		13.15
v 8.2775 		-17.0825 		13.225
v 8.2775 		-15.8875 		13.235
v 8.2825 		-8.0225 		13.235
v 8.2825 		-16.9275 		13.145
v 8.2825 		-16.3225 		13.15
v 8.2775 		-15.695 		13.225
v 8.2825 		-15.5425 		13.145
v 8.31 		-16.8813 		12.8513
v 8.3125 		-17.7775 		12.815
v 8.2775 		-19.5425 		13.22
v 8.3375 		-17.7775 		12.575
v 8.2825 		-19.4025 		13.145
v 8.3238 		-16.39 		12.71
v 8.2825 		-6.4063 		13.235
v 8.305 		-19.36 		12.9075
v 8.3375 		-17.7825 		12.545
v 8.2825 		-6.1675 		13.23
v 8.2825 		-6.1525 		13.22
v 8.3175 		-15.4875 		12.76
v 8.2875 		-8.1925 		13.15
v 8.2875 		-7.4075 		13.145
v 8.2825 		-0.5525 		13.23
v 8.2825 		0.2825 		13.235
v 8.2875 		-0.5225 		13.22
v 8.2925 		0.1125 		13.15
v 8.2825 		-0.805 		13.235
v 8.2825 		-2.145 		13.235
v 8.2825 		-5.08 		13.2225
v 8.2825 		-6.1375 		13.22
v 8.2875 		-5.2225 		13.15
v 8.2875 		-6.0025 		13.145
v 8.2825 		0.5025 		13.235
v 8.2825 		-2.3425 		13.235
v 8.2875 		0.5525 		13.235
v 8.2875 		1.4675 		13.235
v 8.2875 		0.7275 		13.23
v 8.2825 		-1.0025 		13.235
v 8.2875 		1.6625 		13.235
v 8.2825 		-1.8975 		13.23
v 8.2925 		1.2975 		13.15
v 8.2875 		5.7012 		13.235
v 8.2875 		0.7625 		13.22
v 8.3025 		1.2675 		13.035
v 8.2875 		5.9425 		13.23
v 8.2925 		0.8925 		13.145
v 8.2925 		-0.3875 		13.145
v 8.2975 		6.1075 		13.145
v 8.2875 		6.8675 		13.235
v 8.3475 		1.2275 		12.5712
v 8.2825 		-3.2025 		13.23
v 8.2875 		3.0675 		13.235
v 8.2925 		-1.7325 		13.145
v 8.2925 		-1.1675 		13.15
v 8.2875 		4.2475 		13.235
v 8.2875 		8.4812 		13.2338
v 8.2875 		3.3175 		13.23
v 8.2875 		8.7225 		13.23
v 8.2875 		8.2725 		13.235
v 8.2925 		4.0775 		13.15
v 8.2975 		8.8875 		13.145
v 8.2875 		7.3175 		13.23
v 8.3175 		-5.2875 		12.82
v 8.3275 		-5.2925 		12.695
v 8.3425 		-5.2925 		12.58
v 8.2925 		-2.5125 		13.15
v 8.2975 		7.4825 		13.145
v 8.2825 		-3.6475 		13.235
v 8.3175 		7.525 		12.945
v 8.2975 		8.1025 		13.15
v 8.2825 		-3.1725 		13.22
v 8.3025 		-2.5425 		13.035
v 8.2925 		-3.0375 		13.145
v 8.2875 		2.8725 		13.235
v 8.2825 		-4.5925 		13.225
v 8.3225 		-2.5775 		12.82
v 8.3325 		-2.5775 		12.695
v 8.3425 		-2.5825 		12.585
v 8.2875 		1.9125 		13.23
v 8.2925 		-4.4425 		13.145
v 8.2925 		3.4825 		13.145
v 8.2975 		6.6975 		13.15
v 8.2925 		2.7025 		13.15
v 8.2925 		-3.8175 		13.15
v 8.335 		-4.39 		12.67
v 8.2875 		1.9475 		13.22
v 8.3175 		2.6425 		12.905
v 8.2875 		5.4975 		13.235
v 8.3425 		-2.5825 		12.575
v 8.3275 		3.5375 		12.775
v 8.3225 		4.0125 		12.825
v 8.2925 		2.0775 		13.145
v 8.2875 		4.6075 		13.2325
v 8.3513 		2.6325 		12.5388
v 8.3225 		2.6375 		12.825
v 8.2975 		5.3275 		13.15
v 8.3525 		6.6312 		12.5437
v 8.3225 		8.9425 		12.895
v 8.3425 		-5.2925 		12.575
v 8.3275 		-1.6775 		12.77
v 8.3175 		8.0425 		12.9
v 8.3175 		2.1325 		12.895
v 8.2975 		4.8575 		13.145
v 8.3475 		8.0375 		12.585
v 8.3225 		-1.2325 		12.825
v 8.3325 		-1.2375 		12.7
v 8.3425 		-1.2375 		12.59
v 8.355 		4.0075 		12.5125
v 8.3525 		5.2562 		12.5412
v 8.3225 		-3.8825 		12.82
v 8.3325 		-3.8825 		12.695
v 8.3425 		-3.8875 		12.58
v 8.3475 		-1.2375 		12.575
v 8.3425 		-1.2375 		12.575
v 8.34 		6.16 		12.6725
v 8.3425 		-3.8875 		12.575
v 8.3375 		0.945 		12.67
v 8.34 		4.91 		12.6725
v 8.3425 		-2.9875 		12.57
v 8.5575 		-36.1975 		4.075
v 9.1525 		-37.4425 		6.05
v 8.6775 		1.0875 		4.865
v 6.6775 		-20.5575 		2.975
v 6.6775 		-21.6975 		2.86
v 6.6775 		-23.5375 		2.8
v 9.2375 		-1.3625 		7.645
v 9.1975 		1.6875 		7.27
v 6.6775 		-27.1325 		2.66
v 9.1125 		1.9925 		6.84
v 8.9225 		1.8575 		6.31
v 9.9275 		-36.3675 		7.98
v 9.9775 		-33.3025 		9.25
v 6.6775 		-34.3425 		3.125
v 9.6225 		-37.3775 		6.935
v 8.7575 		1.5475 		5.68
v 9.9775 		-21.8075 		8.785
v 9.9775 		-22.8275 		8.84
v 9.9775 		-24.1325 		8.925
v 70.6525 		23.9275 		12.5
v 79.2125 		30.8725 		12.865
v 79.2125 		31.8875 		12.84
v 70.6525 		28.3325 		12.685
v 79.2125 		33.4375 		12.675
v 79.2125 		35.8275 		12.645
v 70.6525 		20.1125 		12.52
v 79.2125 		27.3525 		12.875
v 79.2125 		35.8725 		12.585
v 79.2125 		35.8575 		12.525
v 70.6525 		19.4025 		12.26
v 79.2125 		26.8475 		12.73
v 70.6525 		19.1725 		12.01
v 70.6525 		19.1625 		11.78
v 79.2125 		26.6675 		12.39
v 79.2125 		26.6825 		12.565
v 70.6525 		27.6025 		11.785
v 79.2125 		35.8025 		12.47
v 79.2125 		32.5475 		12.44
v 70.6525 		19.4425 		11.405
v 70.6525 		19.8775 		11.25
v 79.2125 		27.1825 		12.08
v 79.2125 		26.8775 		12.2
v 70.6525 		26.0275 		11.31
v 79.2125 		32.6425 		12.11
v 79.2125 		32.4025 		12.1
v 70.6525 		25.1175 		11.275
v 70.6525 		23.9325 		11.295
v 79.2125 		30.8725 		12.1
v 70.6525 		25.9025 		12.425
v 79.2125 		32.6425 		12.825
v 0.0025 		71.4175 		13.67
v 1.0975 		71.4525 		13.745
v 1.4875 		71.4775 		13.975
v 1.8475 		71.5025 		14.35
v 2.2025 		71.5325 		14.855
v 2.4225 		71.5475 		15.295
v 2.5175 		71.5725 		15.615
v 2.6925 		71.9575 		16.395
v 23.8575 		75.7125 		18.26
v 23.7675 		75.8875 		17.66
v 27.6875 		79.0875 		18.205
v 27.6875 		79.0275 		18.515
v 23.8075 		76.1725 		18.635
v 27.6875 		79.4625 		18.81
v 2.7075 		71.9025 		18.215
v 2.4075 		71.9025 		19.955
v 2.1475 		71.8775 		20.57
v 1.8325 		71.8525 		21.07
v 1.4725 		71.8325 		21.445
v 0.2875 		87.4125 		43.985
v 0.2825 		88.5075 		46.67
v -0.2825 		88.5075 		46.67
v 0.4425 		74.8625 		43.95
v 0.3325 		78.3725 		46.67
v 0.9375 		59.1275 		10.975
v 1.8425 		59.1275 		11.28
v 2.6775 		59.1275 		11.78
v 3.4075 		59.1275 		12.445
v 4.0075 		59.1275 		13.175
v 4.2625 		59.1875 		13.68
v 4.5825 		60.2275 		14.98
v 5.1225 		59.5075 		17.03
v 4.8425 		60.0975 		17.775
v 4.0075 		60.1325 		19.25
v 3.4075 		60.1325 		20.07
v 2.6775 		60.1325 		20.74
v 1.8425 		60.1325 		21.24
v 1.2625 		60.1325 		21.545
v 0.3648 		80.5795 		44.4988
v 27.4225 		84.6775 		18.385
v 27.6875 		85.5375 		18.48
v 27.6875 		85.6625 		18.67
v 27.6875 		85.7825 		18.85
v 27.4075 		84.9675 		18.835
v 23.2675 		82.7475 		18.73
v 23.2775 		82.5175 		18.045
v 23.2475 		84.3075 		18.255
v 23.2325 		84.5175 		18.785
v 1.3025 		57.0275 		28.9
v 0.9825 		66.7725 		28.995
v 0.3775 		80.1075 		43.97
v 1.6325 		50.1275 		23.075
v 0.0025 		50.1275 		23.2
v 1.2175 		61.6075 		23.205
v 0.0025 		-77.7725 		19.09
v 1.0575 		-77.5375 		19.09
v 1.0575 		-77.5475 		19.09
v 0.0025 		-77.7875 		19.09
v 4.2125 		-74.7075 		19.09
v 3.1925 		-76.0775 		19.09
v 1.1975 		-77.4675 		19.09
v 2.1275 		-76.9975 		19.09
v 4.3575 		-72.6075 		18.85
v 4.0475 		-74.5675 		18.85
v 3.0325 		-75.9325 		18.85
v 1.9625 		-76.8575 		18.85
v 2.3175 		-74.5675 		20.43
v 3.3875 		-72.6075 		20.43
v 0.9775 		-75.4125 		20.43
v 2.1325 		-74.7425 		20.43
v 0.8975 		-77.3725 		18.85
v 3.1875 		-74.5675 		19.665
v 0.0025 		-77.3125 		19.03
v 0.0025 		-77.6225 		18.855
v 0.0025 		-75.5925 		20.43
v 27.9775 		-10.0075 		10.01
v 32.3275 		-6.1025 		10.175
v 27.9775 		3.9875 		9.625
v 32.3275 		5.6075 		9.98
v 27.9775 		-16.3775 		10.065
v 32.3275 		-12.5775 		10.225
v 27.9775 		-18.1625 		9.385
v 32.3275 		-14.0775 		9.625
v 27.9775 		-18.7525 		8.82
v 27.9775 		-18.7875 		8.335
v 32.3275 		-14.6025 		8.69
v 32.3275 		-14.5725 		9.125
v 27.9775 		4.1175 		8.12
v 32.3275 		5.5125 		8.59
v 27.9775 		-18.0675 		7.285
v 27.9775 		-16.9825 		6.795
v 32.3275 		-13.0875 		7.525
v 32.3275 		-13.9975 		7.765
v 27.9775 		-5.8775 		6.95
v 32.3275 		-2.5825 		7.665
v 32.3275 		-3.1575 		7.61
v 27.9775 		-7.6725 		6.86
v 27.9775 		-9.9075 		6.875
v 32.3275 		-6.0425 		7.625
v 27.9775 		-6.5625 		9.815
v 32.3275 		-3.1425 		10.005
v 51.9825 		9.6225 		11.505
v 51.9825 		5.0575 		11.535
v 51.9825 		4.0075 		11.16
v 51.9825 		3.6375 		10.525
v 51.9825 		3.6575 		10.83
v 51.9825 		4.7025 		9.785
v 51.9825 		4.0625 		9.965
v 51.9825 		12.4425 		9.87
v 51.9825 		11.2225 		9.82
v 51.9825 		9.6525 		9.85
v 51.9825 		12.1625 		11.4
v 53.5475 		6.3825 		11.61
v 53.5625 		5.3525 		11.25
v 53.5725 		5.0125 		10.925
v 53.5725 		4.9925 		10.625
v 53.5725 		5.4075 		10.09
v 53.5725 		6.0325 		9.91
v 53.5625 		13.2925 		9.96
v 53.5625 		10.9625 		9.97
v 53.5625 		18.3025 		11.415
v 53.5475 		13.4575 		11.48
v 0.0025 		-88.5075 		11.31
v 0.1075 		-88.5075 		11.32
v 0.4031 		-88.5075 		11.4887
v 0.565 		-88.5075 		11.8025
v 0.5275 		-88.5075 		12.06
v 0.4725 		-88.5075 		12.155
v 0.4025 		-88.5075 		12.24
v 11.6225 		-25.7825 		9.075
v 10.9375 		-2.5675 		7.98
v 11.6225 		-31.7225 		9.155
v 11.5825 		-34.6675 		8.155
v 10.8375 		-35.6975 		6.64
v 11.2875 		-35.6375 		7.335
v 10.4025 		-1.5075 		5.455
v 8.5175 		-32.7175 		3.58
v 10.2725 		-34.5075 		5.085
v 8.5175 		-19.1825 		3.815
v 8.5175 		-25.5225 		3.575
v 11.6225 		-20.3725 		8.79
v 3.6325 		-84.1675 		12.255
v 4.1775 		-81.9525 		13.035
v 3.9569 		-82.8475 		12.7481
v 4.1025 		-82.5025 		12.165
v 3.8075 		-83.5625 		12.145
v 4.1675 		-82.2575 		12.155
v 4.1875 		-82.1875 		12.155
v 4.2275 		-82.0225 		12.23
v 4.2175 		-81.9625 		12.5525
v 4.0125 		-82.7975 		12.265
v 3.8475 		-83.3925 		12.22
v 3.6875 		-84.0075 		12.165
v 3.9825 		-82.8375 		12.46
v 4.0075 		-82.7975 		12.28
v 3.5519 		-84.22 		12.6934
v 3.5525 		-83.5375 		13.485
v 3.6375 		-83.3725 		13.39
v 3.6675 		-83.3575 		13.32
v 3.9975 		-82.1625 		13.485
v 3.8525 		-82.6125 		13.51
v 3.8375 		-82.7025 		13.47
v 3.8225 		-82.7775 		13.43
v 3.7225 		-83.3225 		13.14
v 4.0725 		-82.0075 		13.39
v 3.8662 		-82.83 		13.1925
v 4.1475 		-81.9525 		13.155
v 4.1575 		-81.9525 		13.14
v 3.7175 		-83.3325 		13.16
v 3.3475 		-84.1475 		13.435
v 3.3775 		-83.9775 		13.515
v 12.1575 		66.4175 		16.04
v 12.5225 		65.9075 		17.515
v 12.3375 		66.4425 		18.115
v 11.0375 		76.1925 		18.42
v 1.2825 		70.6725 		23.52
v 11.0325 		76.1225 		17.05
v 0.9225 		74.1675 		29.175
v 5.8875 		-63.8375 		19.215
v 5.6975 		-63.8225 		19.12
v 5.4425 		-63.8825 		19.635
v 6.225 		-63.905 		18.7525
v 5.9375 		-63.8825 		18.605
v 5.9425 		-64.5075 		18.525
v 6.2875 		-64.6925 		18.79
v 5.8975 		-64.6725 		18.595
v 6.3525 		-64.0825 		18.72
v 5.9625 		-64.0575 		18.53
v 6.0375 		-64.7525 		19.295
v 5.8975 		-64.7425 		19.585
v 5.8425 		-64.7425 		19.2
v 5.6475 		-64.7325 		19.105
v 5.6025 		-64.6725 		19.71
v 5.4025 		-64.6725 		19.62
v 5.3875 		-64.2725 		19.7
v 5.3975 		-64.0475 		19.705
v 5.5725 		-64.5075 		19.79
v 5.7625 		-62.5975 		19.505
v 5.9025 		-62.6075 		19.215
v 5.7075 		-62.5875 		19.12
v 5.4575 		-62.6425 		19.635
v 6.0425 		-62.6075 		18.925
v 5.9525 		-62.6525 		18.605
v 6.1525 		-63.2775 		18.62
v 6.3475 		-63.2925 		18.715
v 5.9575 		-63.2675 		18.525
v 5.9175 		-63.4425 		18.595
v 5.9825 		-62.8225 		18.53
v 5.7225 		-63.5025 		19.49
v 5.6675 		-63.4925 		19.105
v 5.4225 		-63.4325 		19.62
v 6.0025 		-63.5025 		18.91
v 5.3925 		-63.2675 		19.695
v 5.4125 		-62.8175 		19.705
v 6.1125 		-61.3675 		19.31
v 5.7775 		-61.3475 		19.505
v 5.8675 		-61.4175 		19.815
v 5.7275 		-61.3425 		19.12
v 5.4725 		-61.3925 		19.635
v 6.4475 		-61.3725 		19.11
v 6.3575 		-61.4275 		18.8
v 5.9875 		-61.3575 		19.07
v 6.1625 		-61.4175 		18.705
v 5.9675 		-61.4025 		18.605
v 5.9775 		-62.0175 		18.525
v 5.9325 		-62.1925 		18.595
v 5.9975 		-61.5675 		18.53
v 5.6825 		-62.2425 		19.105
v 5.4425 		-62.1825 		19.62
v 5.4225 		-61.7925 		19.7
v 5.4125 		-62.0175 		19.695
v 5.6275 		-61.5725 		19.795
v 6.1325 		-60.1175 		19.31
v 5.9375 		-60.1075 		19.215
v 5.8825 		-60.1675 		19.815
v 5.6875 		-60.1575 		19.725
v 5.7425 		-60.0925 		19.12
v 5.4925 		-60.1425 		19.635
v 6.4675 		-60.1225 		19.11
v 6.3725 		-60.1775 		18.8
v 5.9875 		-60.1525 		18.605
v 5.9925 		-60.7675 		18.525
v 5.9525 		-60.9425 		18.595
v 6.0125 		-60.3175 		18.53
v 6.5775 		-60.8025 		18.81
v 6.435 		-60.9625 		18.835
v 5.7025 		-60.9925 		19.105
v 5.6525 		-60.9425 		19.71
v 5.4575 		-60.9325 		19.62
v 6.1625 		-61.0125 		19.15
v 6.0375 		-61.0025 		18.91
v 6.4275 		-61.0275 		19.1
v 5.4275 		-60.7675 		19.695
v 5.4475 		-60.3175 		19.705
v 5.7625 		-58.7975 		19.12
v 5.5125 		-58.8475 		19.635
v 6.0075 		-58.8575 		18.605
v 6.0125 		-59.4725 		18.525
v 6.3575 		-59.6575 		18.79
v 5.9675 		-59.6475 		18.595
v 6.0325 		-59.0225 		18.53
v 6.1075 		-59.7175 		19.295
v 5.9825 		-59.7075 		19.055
v 5.7175 		-59.6925 		19.105
v 5.6725 		-59.6475 		19.71
v 5.4725 		-59.6375 		19.62
v 5.4475 		-59.4725 		19.695
v 5.4675 		-59.0125 		19.705
v 6.1675 		-57.5575 		19.31
v 5.8325 		-57.5375 		19.505
v 5.9725 		-57.5375 		19.215
v 5.9175 		-57.6075 		19.815
v 5.7775 		-57.5275 		19.12
v 5.5275 		-57.5825 		19.635
v 6.3625 		-57.5625 		19.4
v 6.4075 		-57.6175 		18.8
v 6.2175 		-57.6075 		18.705
v 6.0225 		-57.5925 		18.605
v 6.0275 		-58.2075 		18.525
v 5.9875 		-58.3825 		18.595
v 6.0525 		-57.7625 		18.53
v 5.9875 		-58.4475 		19.585
v 5.9325 		-58.4425 		19.2
v 5.7375 		-58.4325 		19.105
v 5.6875 		-58.3825 		19.71
v 5.4925 		-58.3725 		19.62
v 6.1975 		-58.4475 		19.15
v 6.0725 		-58.4425 		18.91
v 5.4675 		-58.2075 		19.695
v 5.4825 		-57.7475 		19.705
v 6.1875 		-56.2125 		19.31
v 5.9925 		-56.2025 		19.215
v 5.7425 		-56.2525 		19.725
v 5.7975 		-56.1925 		19.12
v 5.5475 		-56.2475 		19.635
v 6.3825 		-56.2175 		19.4
v 6.5225 		-56.2275 		19.11
v 6.4275 		-56.2725 		18.8
v 6.0425 		-56.2525 		18.605
v 6.0475 		-56.8675 		18.525
v 6.1975 		-57.0425 		18.69
v 6.0075 		-57.0425 		18.595
v 6.0675 		-56.4175 		18.53
v 6.6525 		-56.4525 		18.815
v 6.49 		-57.0575 		18.835
v 6.1425 		-57.1125 		19.295
v 6.3375 		-57.1225 		19.39
v 5.9025 		-57.0525 		19.805
v 5.88 		-57.0975 		19.345
v 5.7575 		-57.0875 		19.105
v 5.5125 		-57.0275 		19.62
v 5.8975 		-57.0975 		18.815
v 5.4825 		-56.8625 		19.695
v 5.5025 		-56.4075 		19.705
v 6.0675 		-56.8875 		19.975
v 5.8725 		-56.8775 		19.88
v 6.2025 		-55.0025 		19.31
v 6.0075 		-54.9975 		19.215
v 5.7575 		-55.0475 		19.725
v 5.8125 		-54.9875 		19.12
v 5.5625 		-55.0375 		19.635
v 6.3975 		-55.0125 		19.4
v 6.5375 		-55.0225 		19.11
v 6.4425 		-55.0725 		18.8
v 6.2525 		-55.0575 		18.705
v 6.0575 		-55.0475 		18.605
v 6.4625 		-55.4625 		18.715
v 6.2675 		-55.4475 		18.62
v 6.4525 		-55.6825 		18.715
v 6.0675 		-55.6625 		18.525
v 6.2175 		-55.8375 		18.69
v 6.0225 		-55.8375 		18.595
v 6.0875 		-55.2125 		18.53
v 6.3575 		-55.9175 		19.39
v 6.065 		-55.9025 		19.2475
v 5.7725 		-55.8875 		19.105
v 5.5275 		-55.8275 		19.62
v 5.5075 		-55.4275 		19.7
v 6.2225 		-53.6675 		19.31
v 6.0275 		-53.6575 		19.215
v 5.7775 		-53.7125 		19.725
v 5.6975 		-53.6425 		19.415
v 5.8325 		-53.6425 		19.12
v 5.5825 		-53.6925 		19.635
v 6.4175 		-53.6775 		19.4
v 6.5575 		-53.6775 		19.11
v 6.4625 		-53.7275 		18.8
v 6.2675 		-53.7175 		18.705
v 6.0775 		-53.7025 		18.605
v 6.2775 		-54.3375 		18.62
v 6.0925 		-54.1025 		18.525
v 6.2325 		-54.5025 		18.69
v 6.4275 		-54.5075 		18.79
v 6.0425 		-54.4925 		18.595
v 6.395 		-53.8875 		18.6725
v 6.1775 		-54.5625 		19.295
v 5.9375 		-54.5025 		19.805
v 5.8475 		-54.5525 		19.49
v 5.7925 		-54.5425 		19.105
v 5.5475 		-54.4825 		19.62
v 5.5175 		-54.3175 		19.695
v 5.7325 		-53.8825 		19.795
v 5.81 		-54.3325 		19.835
v 6.2375 		-52.4875 		19.31
v 6.0975 		-52.4875 		19.6
v 5.9725 		-52.4775 		19.36
v 5.8475 		-52.4675 		19.12
v 5.5975 		-52.5225 		19.635
v 6.4325 		-52.5025 		19.4
v 6.1825 		-52.5575 		19.91
v 6.4775 		-52.5575 		18.8
v 6.0925 		-52.5325 		18.605
v 6.2925 		-53.1625 		18.62
v 6.1125 		-52.9225 		18.525
v 6.4425 		-53.3375 		18.79
v 6.0575 		-53.3175 		18.595
v 6.1225 		-52.7025 		18.53
v 6.1975 		-53.3875 		19.295
v 6.0575 		-53.3825 		19.585
v 6.0725 		-53.3825 		19.055
v 5.8075 		-53.3725 		19.105
v 5.6675 		-53.3725 		19.4
v 5.7575 		-53.3175 		19.71
v 5.5625 		-53.3125 		19.62
v 6.5325 		-53.3975 		19.1
v 5.5425 		-52.9125 		19.7
v 5.5575 		-52.6875 		19.705
v 6.3075 		-47.3925 		19.31
v 6.1675 		-47.3925 		19.6
v 6.1125 		-47.3825 		19.215
v 5.8675 		-47.4375 		19.725
v 5.9175 		-47.3725 		19.12
v 5.6675 		-47.4175 		19.635
v 6.5025 		-47.4025 		19.4
v 6.4475 		-47.3925 		19.02
v 6.5525 		-47.4525 		18.8
v 6.2525 		-47.3825 		18.925
v 6.1625 		-47.4275 		18.605
v 6.5675 		-47.8425 		18.715
v 6.3625 		-48.0525 		18.62
v 6.1825 		-47.8175 		18.525
v 6.5125 		-48.2325 		18.79
v 6.1275 		-48.2175 		18.595
v 6.1925 		-47.5925 		18.53
v 6.7625 		-47.8525 		18.81
v 6.7525 		-48.0775 		18.81
v 6.2675 		-48.2875 		19.295
v 5.8775 		-48.2675 		19.105
v 5.6325 		-48.2075 		19.62
v 5.6175 		-47.8175 		19.7
v 5.6075 		-48.0425 		19.695
v 5.8125 		-47.8275 		19.795
v 5.8225 		-47.5975 		19.795
v 6.3275 		-46.0375 		19.31
v 6.0625 		-46.0275 		19.36
v 5.9375 		-46.0125 		19.12
v 5.6875 		-46.0625 		19.635
v 6.5225 		-46.0475 		19.4
v 6.6625 		-46.0475 		19.11
v 6.5675 		-46.0975 		18.8
v 6.2725 		-46.0275 		18.925
v 6.1825 		-46.0725 		18.605
v 6.2025 		-46.4725 		18.525
v 6.3375 		-46.8725 		18.69
v 6.5325 		-46.8775 		18.79
v 6.1475 		-46.8625 		18.595
v 6.4025 		-46.2525 		18.625
v 6.2875 		-46.9325 		19.295
v 6.1475 		-46.9325 		19.585
v 6.0925 		-46.9225 		19.2
v 5.8975 		-46.9125 		19.105
v 5.8475 		-46.8625 		19.71
v 5.6525 		-46.8525 		19.62
v 5.6225 		-46.6875 		19.695
v 5.6425 		-46.2375 		19.705
v 6.1525 		-44.7275 		19.215
v 6 		-44.7825 		19.77
v 5.9575 		-44.7175 		19.12
v 5.7075 		-44.7625 		19.635
v 6.3925 		-44.7875 		18.705
v 6.2025 		-44.7775 		18.605
v 6.2075 		-45.3875 		18.525
v 6.5525 		-45.5775 		18.79
v 6.1625 		-45.5625 		18.595
v 6.2275 		-44.9425 		18.53
v 6.7925 		-45.4225 		18.81
v 6.3025 		-45.6375 		19.295
v 6.1775 		-45.6225 		19.055
v 5.9125 		-45.6125 		19.105
v 5.8675 		-45.5625 		19.71
v 5.6675 		-45.5525 		19.62
v 6.6375 		-45.6475 		19.1
v 5.6425 		-45.3875 		19.695
v 5.6625 		-44.9375 		19.705
v 6.3625 		-43.5375 		19.31
v 6.1125 		-43.5975 		19.815
v 5.9725 		-43.5125 		19.12
v 5.7225 		-43.5725 		19.635
v 6.2175 		-43.5725 		18.605
v 6.525 		-43.985 		18.6675
v 6.4175 		-44.2075 		18.62
v 6.2325 		-43.9725 		18.525
v 6.5675 		-44.3775 		18.79
v 6.1825 		-44.3625 		18.595
v 6.6325 		-43.7725 		18.72
v 6.2475 		-43.7475 		18.53
v 6.8075 		-44.2225 		18.81
v 6.7625 		-44.3875 		18.88
v 6.3225 		-44.4325 		19.295
v 6.5175 		-44.4475 		19.39
v 6.0775 		-44.3725 		19.805
v 5.9325 		-44.4125 		19.105
v 5.6875 		-44.3525 		19.62
v 6.0725 		-44.4225 		18.815
v 5.6575 		-44.1875 		19.695
v 5.6775 		-43.7375 		19.705
v 6.2425 		-44.2125 		19.975
v 6.0525 		-44.2075 		19.88
v 6.3825 		-42.1825 		19.31
v 6.1325 		-42.2425 		19.815
v 5.9925 		-42.1625 		19.12
v 5.7425 		-42.2125 		19.635
v 6.5775 		-42.1975 		19.4
v 6.4375 		-42.1975 		19.695
v 6.5225 		-42.1825 		19.02
v 6.6225 		-42.2425 		18.8
v 6.3275 		-42.1775 		18.925
v 6.4275 		-42.2375 		18.705
v 6.2375 		-42.2175 		18.605
v 6.4475 		-42.6275 		18.62
v 6.4375 		-42.8525 		18.62
v 6.2575 		-42.5025 		18.5275
v 6.3925 		-43.0175 		18.69
v 6.2025 		-43.0075 		18.595
v 6.4575 		-42.4075 		18.625
v 6.17 		-43.0725 		19.3925
v 6.0975 		-43.0175 		19.805
v 6.1425 		-43.0675 		19.2
v 5.9525 		-43.0675 		19.105
v 5.7075 		-43.0075 		19.62
v 6.0925 		-43.0675 		18.815
v 6.6025 		-43.0975 		19.245
v 5.6875 		-42.6075 		19.7
v 5.6975 		-42.3825 		19.705
v 5.8725 		-42.8375 		19.79
v 6.055 		-40.9875 		19.77
v 6.0075 		-40.9175 		19.12
v 5.7575 		-40.9625 		19.635
v 6.2725 		-40.9275 		19.07
v 6.4475 		-40.9875 		18.705
v 6.2525 		-40.9675 		18.605
v 6.4525 		-41.5975 		18.62
v 6.6025 		-41.7775 		18.79
v 6.2175 		-41.7575 		18.595
v 6.2825 		-41.1375 		18.53
v 6.8625 		-41.1775 		18.815
v 6.8425 		-41.6175 		18.81
v 6.7975 		-41.7875 		18.88
v 6.3575 		-41.8375 		19.295
v 6.5525 		-41.8475 		19.39
v 6.1125 		-41.7725 		19.805
v 6.1625 		-41.8225 		19.2
v 6.0225 		-41.8175 		19.49
v 6.0375 		-41.8125 		18.96
v 5.7225 		-41.7525 		19.62
v 6.3025 		-41.8225 		18.91
v 5.7075 		-41.3575 		19.7
v 5.7175 		-41.1325 		19.705
v 6.4175 		-39.6825 		19.31
v 6.2225 		-39.6775 		19.215
v 6.1675 		-39.7425 		19.815
v 6.0275 		-39.6675 		19.12
v 5.7775 		-39.7125 		19.635
v 6.4675 		-39.6975 		19.695
v 6.5575 		-39.6875 		19.02
v 6.4625 		-39.7375 		18.705
v 6.2725 		-39.7225 		18.605
v 6.4725 		-40.3475 		18.62
v 6.6225 		-40.5325 		18.79
v 6.2325 		-40.5075 		18.595
v 6.2975 		-39.8875 		18.53
v 6.8175 		-40.5375 		18.88
v 6.3725 		-40.5875 		19.295
v 6.4275 		-40.5925 		19.68
v 6.5675 		-40.5975 		19.39
v 6.1325 		-40.5225 		19.805
v 5.9825 		-40.5625 		19.105
v 5.9375 		-40.5075 		19.71
v 5.7375 		-40.5025 		19.62
v 5.7225 		-40.1075 		19.7
v 5.7325 		-39.8825 		19.705
v 6.4325 		-38.3875 		19.31
v 6.2925 		-38.3875 		19.6
v 5.9925 		-38.4275 		19.725
v 6.0425 		-38.3625 		19.12
v 5.7925 		-38.4175 		19.635
v 6.6775 		-38.4475 		18.8
v 6.3075 		-38.3725 		19.07
v 6.2875 		-38.4225 		18.605
v 6.3075 		-38.8175 		18.525
v 6.2525 		-39.2125 		18.595
v 6.3175 		-38.5925 		18.53
v 6.78 		-39.065 		18.7625
v 6.3925 		-39.2825 		19.295
v 6.4475 		-39.2875 		19.68
v 6.5875 		-39.2925 		19.39
v 6.1525 		-39.2175 		19.805
v 6.0025 		-39.2625 		19.105
v 5.7575 		-39.2075 		19.62
v 6.7275 		-39.2925 		19.1
v 5.7425 		-38.8125 		19.7
v 5.9525 		-38.5925 		19.795
v 5.9275 		-39.0425 		19.79
v 6.4475 		-37.2125 		19.31
v 6.2575 		-37.2025 		19.215
v 6.0075 		-37.2525 		19.725
v 6.0675 		-37.1875 		19.12
v 5.8125 		-37.2425 		19.635
v 6.4975 		-37.2675 		18.705
v 6.3075 		-37.2475 		18.605
v 6.3225 		-37.6425 		18.525
v 6.3125 		-37.8675 		18.525
v 6.2675 		-38.0375 		18.595
v 6.755 		-38.0625 		18.835
v 6.1675 		-38.0475 		19.805
v 6.2125 		-38.0975 		19.2
v 6.0175 		-38.0925 		19.105
v 5.9725 		-38.0375 		19.71
v 5.7725 		-38.0325 		19.62
v 5.7575 		-37.6375 		19.7
v 5.7675 		-37.4075 		19.705
v 6.0775 		-35.8625 		19.12
v 5.8275 		-35.9175 		19.635
v 6.3225 		-35.9275 		18.605
v 6.3425 		-36.3175 		18.525
v 6.4825 		-36.7175 		18.69
v 6.6725 		-36.7225 		18.79
v 6.2875 		-36.7125 		18.595
v 6.3525 		-36.0925 		18.53
v 6.9125 		-36.5675 		18.81
v 6.8675 		-36.7425 		18.88
v 6.4275 		-36.7825 		19.295
v 6.2875 		-36.7825 		19.585
v 6.1825 		-36.7175 		19.805
v 6.2325 		-36.7775 		19.2
v 6.0375 		-36.7625 		19.105
v 5.9875 		-36.7125 		19.71
v 5.7925 		-36.7075 		19.62
v 5.7775 		-36.3125 		19.7
v 5.9725 		-36.3225 		19.795
v 5.9825 		-36.0925 		19.795
v 6.0975 		-34.5375 		19.12
v 5.8475 		-34.5875 		19.635
v 6.6275 		-34.5575 		19.02
v 6.3425 		-34.5925 		18.605
v 6.5425 		-35.2275 		18.62
v 6.3575 		-34.9875 		18.525
v 6.6925 		-35.4025 		18.79
v 6.3075 		-35.3825 		18.595
v 6.5625 		-34.7775 		18.625
v 6.4475 		-35.4575 		19.295
v 6.1825 		-35.4425 		19.345
v 6.0575 		-35.4375 		19.105
v 5.8125 		-35.3725 		19.62
v 6.3925 		-35.4425 		18.91
v 5.7925 		-34.9825 		19.7
v 5.7825 		-35.2075 		19.695
v 5.9875 		-34.9875 		19.795
v 5.1675 		-78.1975 		12.815
v 4.9975 		-78.1875 		13.165
v 4.7425 		-78.1775 		12.87
v 4.8125 		-78.2225 		13.435
v 4.8775 		-78.2475 		12.285
v 4.6625 		-78.2325 		12.305
v 4.6325 		-78.6325 		12.23
v 4.6225 		-78.8575 		12.235
v 4.6275 		-79.0225 		12.315
v 4.8575 		-78.4125 		12.205
v 4.9575 		-79.0825 		13.175
v 4.6975 		-79.0725 		12.88
v 4.7775 		-79.0125 		13.445
v 4.8725 		-79.0825 		12.54
v 4.7975 		-78.8475 		13.525
v 4.8175 		-78.3975 		13.52
v 5.4075 		-76.9625 		12.805
v 5.1925 		-76.9475 		12.835
v 5.4825 		-77.0175 		13.365
v 5.2675 		-77.0075 		13.395
v 4.9825 		-76.9375 		12.86
v 5.0525 		-76.9875 		13.425
v 5.1225 		-77.0075 		12.275
v 4.9025 		-76.9975 		12.3
v 5.0775 		-77.6225 		12.2
v 4.8775 		-77.285 		12.22
v 4.8675 		-77.7875 		12.31
v 5.1525 		-77.8475 		12.845
v 4.9375 		-77.8425 		12.875
v 4.9825 		-77.8425 		13.195
v 5.2275 		-77.7875 		13.405
v 5.0175 		-77.7775 		13.435
v 5.1125 		-77.8475 		12.525
v 5.0325 		-77.6075 		13.515
v 5.2575 		-77.3975 		13.485
v 5.2675 		-77.1725 		13.48
v 5.7225 		-75.7125 		12.795
v 5.2925 		-75.6875 		12.85
v 5.3675 		-75.7375 		13.42
v 5.2175 		-75.7475 		12.29
v 5.3925 		-76.3725 		12.19
v 5.6075 		-76.3825 		12.165
v 5.1775 		-76.3725 		12.215
v 5.6075 		-76.5575 		12.245
v 5.1825 		-76.5375 		12.3
v 5.1975 		-75.9225 		12.21
v 5.5075 		-76.5975 		13.155
v 5.2525 		-76.5925 		12.865
v 5.3275 		-76.5275 		13.43
v 5.4225 		-76.5975 		12.515
v 5.3575 		-76.1375 		13.505
v 5.5825 		-75.9225 		13.47
v 5.5625 		-76.3725 		13.475
v 5.8675 		-74.4475 		13.14
v 5.8225 		-74.4475 		12.815
v 5.6075 		-74.4375 		12.845
v 5.6825 		-74.4875 		13.41
v 5.7825 		-74.4475 		12.5
v 5.5325 		-74.4975 		12.28
v 5.4925 		-75.1225 		12.205
v 5.7075 		-75.2975 		12.265
v 5.4925 		-75.2875 		12.29
v 5.7275 		-74.6825 		12.18
v 5.5125 		-74.6625 		12.2
v 5.8225 		-75.3475 		13.145
v 5.7825 		-75.3475 		12.825
v 5.5875 		-75.3375 		13.015
v 5.8575 		-75.2875 		13.385
v 5.6425 		-75.2775 		13.42
v 5.5225 		-75.3425 		12.53
v 5.6825 		-74.6625 		13.49
v 5.8775 		-75.1225 		13.465
v 6.1425 		-73.1525 		13.125
v 5.8875 		-73.1425 		12.835
v 5.9575 		-73.1975 		13.4
v 6.0575 		-73.1525 		12.485
v 5.8075 		-73.2075 		12.27
v 5.9825 		-73.8325 		12.17
v 5.7775 		-73.5975 		12.2
v 5.7725 		-73.9875 		12.28
v 5.7925 		-73.3725 		12.19
v 5.8425 		-74.0475 		12.845
v 6.1375 		-73.9875 		13.375
v 5.9225 		-73.9875 		13.41
v 5.9525 		-73.5875 		13.485
v 5.9625 		-73.3625 		13.48
v 6.1525 		-73.8225 		13.455
v 6.0875 		-71.8775 		12.825
v 6.1625 		-71.9275 		13.39
v 6.0125 		-71.9375 		12.26
v 5.9825 		-72.3275 		12.185
v 5.9725 		-72.7275 		12.27
v 5.9925 		-72.1025 		12.18
v 6.2625 		-72.7875 		12.805
v 6.3025 		-72.7875 		13.125
v 6.0475 		-72.7825 		12.835
v 6.1225 		-72.7175 		13.4
v 6.2175 		-72.7875 		12.485
v 6.1475 		-72.4375 		13.475
v 6.1625 		-72.1025 		13.47
v 6.4675 		-70.5475 		12.785
v 6.2525 		-70.5325 		12.815
v 6.3275 		-70.5925 		13.38
v 6.4275 		-70.5475 		12.465
v 6.1775 		-70.5925 		12.25
v 6.1375 		-71.2175 		12.18
v 6.1375 		-71.3825 		12.26
v 6.5875 		-70.7925 		12.12
v 6.1575 		-70.7675 		12.17
v 6.4275 		-71.4425 		12.795
v 6.2125 		-71.4425 		12.825
v 6.2875 		-71.3825 		13.39
v 6.3825 		-71.4525 		12.475
v 6.3125 		-71.095 		13.465
v 6.5425 		-70.7675 		13.43
v 6.5225 		-71.2175 		13.435
v 6.6725 		-69.3425 		13.095
v 6.9175 		-69.4125 		13.305
v 6.4175 		-69.3325 		12.805
v 6.4875 		-69.3875 		13.37
v 6.5875 		-69.3425 		12.455
v 6.3425 		-69.3875 		12.24
v 6.3025 		-70.0125 		12.165
v 6.3025 		-70.1775 		12.25
v 6.7525 		-69.5875 		12.11
v 6.5375 		-69.5775 		12.135
v 6.3225 		-69.5575 		12.16
v 6.5675 		-70.2425 		12.625
v 6.3775 		-70.2375 		12.815
v 6.4525 		-70.1775 		13.38
v 6.4725 		-70.0025 		13.46
v 6.4925 		-69.5525 		13.45
v 6.9125 		-67.9975 		13.085
v 6.6575 		-67.9875 		12.795
v 6.7325 		-68.0425 		13.36
v 6.7975 		-68.0675 		12.205
v 6.5825 		-68.0475 		12.23
v 6.9825 		-68.4675 		12.1
v 6.5425 		-68.6675 		12.155
v 6.5425 		-68.8375 		12.24
v 6.5625 		-68.2225 		12.15
v 6.8275 		-68.9025 		12.775
v 6.6375 		-68.8925 		12.965
v 6.9075 		-68.8375 		13.335
v 6.6925 		-68.8325 		13.37
v 6.7125 		-68.6675 		13.445
v 6.7325 		-68.2075 		13.44
v 7.1125 		-66.8275 		12.755
v 6.8975 		-66.8175 		12.785
v 6.9675 		-66.8675 		13.35
v 7.0325 		-66.8875 		12.2
v 6.8175 		-66.8775 		12.22
v 6.7775 		-67.4925 		12.15
v 6.7825 		-67.6675 		12.23
v 6.8025 		-67.0425 		12.14
v 7.0475 		-67.7275 		12.605
v 7.1125 		-67.7275 		13.085
v 6.8975 		-67.7125 		13.12
v 6.9325 		-67.6575 		13.36
v 6.9525 		-67.4925 		13.44
v 6.9725 		-67.0325 		13.435
v 7.3675 		-61.7125 		12.745
v 7.4375 		-61.7675 		13.31
v 7.2925 		-61.7725 		12.18
v 7.2625 		-62.1725 		12.105
v 7.4675 		-62.5725 		12.165
v 7.2525 		-62.5625 		12.19
v 7.5375 		-62.6225 		12.73
v 7.3275 		-62.6175 		12.755
v 7.4025 		-62.5575 		13.32
v 7.4225 		-62.3825 		13.4
v 7.4425 		-61.9375 		13.395
v 7.7875 		-60.3675 		13.025
v 7.6075 		-60.4125 		13.3
v 7.5125 		-60.3625 		12.575
v 7.4575 		-60.4225 		12.17
v 7.6325 		-61.0525 		12.075
v 7.4175 		-61.0375 		12.1
v 7.4175 		-61.2075 		12.18
v 7.4375 		-60.5925 		12.095
v 7.7475 		-61.2725 		13.04
v 7.4925 		-61.2625 		12.745
v 7.5675 		-61.2025 		13.31
v 7.5875 		-61.0375 		13.39
v 7.6075 		-60.5775 		13.385
v 7.8025 		-61.0375 		13.36
v 7.6225 		-59.0575 		12.725
v 7.6975 		-59.1075 		13.29
v 7.5475 		-59.1175 		12.16
v 7.5175 		-59.5175 		12.085
v 7.7225 		-59.9175 		12.145
v 7.5075 		-59.9075 		12.17
v 7.5275 		-59.2925 		12.085
v 7.5825 		-59.9575 		12.735
v 7.6575 		-59.8975 		13.3
v 7.6775 		-59.7325 		13.38
v 7.6975 		-59.2825 		13.375
v 7.6375 		-57.8575 		12.715
v 7.7075 		-57.9125 		13.28
v 7.7725 		-57.9375 		12.13
v 7.5575 		-57.9225 		12.15
v 7.7325 		-58.5525 		12.055
v 7.5375 		-58.2025 		12.075
v 7.7375 		-58.7175 		12.14
v 7.5225 		-58.7125 		12.16
v 7.7575 		-58.1025 		12.05
v 7.8075 		-58.7725 		12.7
v 7.5925 		-58.7625 		12.73
v 7.6375 		-58.7625 		13.05
v 7.8875 		-58.7125 		13.26
v 7.6725 		-58.7025 		13.29
v 7.6925 		-58.5375 		13.37
v 7.7275 		-56.5575 		13.27
v 7.6325 		-56.5125 		12.545
v 7.7925 		-56.5825 		12.12
v 7.5775 		-56.5675 		12.14
v 7.7625 		-56.9725 		12.04
v 7.5525 		-56.8525 		12.065
v 7.7525 		-57.3625 		12.125
v 7.5375 		-57.3575 		12.15
v 7.8225 		-57.4175 		12.69
v 7.8675 		-57.4175 		13.01
v 7.6125 		-57.4075 		12.715
v 7.6875 		-57.3475 		13.28
v 7.7075 		-57.1825 		13.36
v 7.7275 		-56.7325 		13.355
v 7.9425 		-56.7375 		13.325
v 7.9225 		-57.1925 		13.33
v 7.6675 		-55.2625 		12.695
v 7.7375 		-55.3075 		13.26
v 7.8375 		-55.2725 		12.35
v 7.5875 		-55.3175 		12.135
v 7.5525 		-55.9425 		12.06
v 7.5525 		-56.1075 		12.14
v 7.5725 		-55.4875 		12.055
v 7.8825 		-56.1675 		13
v 7.6275 		-56.1575 		12.71
v 7.7025 		-56.0975 		13.27
v 7.7975 		-56.1675 		12.36
v 7.7225 		-55.9325 		13.35
v 7.6825 		-54.0125 		12.685
v 7.7525 		-54.0675 		13.255
v 7.6025 		-54.0675 		12.125
v 7.7775 		-54.7025 		12.03
v 7.5775 		-54.4675 		12.045
v 7.5625 		-54.6925 		12.05
v 7.5675 		-54.8575 		12.135
v 7.8525 		-54.9175 		12.67
v 7.6375 		-54.9075 		12.7
v 7.7175 		-54.8475 		13.26
v 7.8125 		-54.9175 		12.35
v 7.7375 		-54.6825 		13.34
v 7.7575 		-54.2325 		13.335
v 7.9725 		-54.2475 		13.305
v 7.9125 		-52.7225 		12.65
v 7.9825 		-52.7725 		13.21
v 7.6975 		-52.7125 		12.675
v 7.7675 		-52.7575 		13.245
v 7.8675 		-52.7225 		12.33
v 7.6175 		-52.7725 		12.115
v 7.7925 		-53.3975 		12.02
v 8.0075 		-53.4075 		11.985
v 7.5775 		-53.3875 		12.04
v 8.0125 		-53.5725 		12.07
v 7.5825 		-53.5525 		12.125
v 7.6025 		-52.9375 		12.035
v 7.8675 		-53.6225 		12.66
v 7.6525 		-53.6075 		12.69
v 7.7325 		-53.5525 		13.255
v 7.7625 		-53.1575 		13.33
v 7.7725 		-52.9275 		13.325
v 7.9675 		-51.5475 		12.96
v 7.9225 		-51.5475 		12.64
v 7.7125 		-51.5325 		12.67
v 7.7825 		-51.5925 		13.235
v 7.8475 		-51.6125 		12.08
v 7.6325 		-51.5925 		12.105
v 7.5925 		-52.2175 		12.03
v 7.5975 		-52.3825 		12.115
v 7.8825 		-52.4425 		12.65
v 7.9275 		-52.4425 		12.97
v 7.6675 		-52.4425 		12.68
v 7.7475 		-52.3825 		13.245
v 7.7725 		-51.9825 		13.32
v 7.9975 		-51.7675 		13.285
v 7.7275 		-50.2125 		12.66
v 7.7975 		-50.2575 		13.225
v 7.8975 		-50.2225 		12.31
v 7.6475 		-50.2725 		12.095
v 7.6175 		-50.6625 		12.02
v 7.6075 		-50.8875 		12.02
v 7.6125 		-51.0525 		12.105
v 8.0575 		-50.4625 		11.965
v 7.8425 		-50.4475 		11.99
v 7.8975 		-51.1225 		12.64
v 7.6825 		-51.1075 		12.67
v 7.7625 		-51.0475 		13.235
v 7.8575 		-51.1225 		12.32
v 7.7925 		-50.6575 		13.31
v 7.7425 		-48.8775 		12.65
v 7.8125 		-48.9375 		13.22
v 7.9125 		-48.8925 		12.3
v 7.6625 		-48.9375 		12.085
v 7.6225 		-49.5625 		12.01
v 7.8425 		-49.7375 		12.07
v 7.6275 		-49.7275 		12.095
v 7.6475 		-49.1125 		12.005
v 7.9125 		-49.7875 		12.63
v 7.6975 		-49.7875 		12.66
v 7.9925 		-49.7275 		13.19
v 7.7775 		-49.7275 		13.225
v 8.0875 		-49.8025 		12.285
v 7.6575 		-49.7875 		12.335
v 7.8075 		-49.3275 		13.3
v 7.8175 		-49.1025 		13.295
v 8.0075 		-49.5625 		13.27
v 4.4425 		-79.4025 		12.87
v 4.5125 		-79.4525 		13.435
v 4.6125 		-79.4125 		12.525
v 4.3625 		-79.4625 		12.305
v 4.7525 		-80.0975 		12.18
v 4.3325 		-79.8525 		12.23
v 4.3225 		-80.0775 		12.235
v 4.3275 		-80.2525 		12.315
v 4.6125 		-80.3125 		12.855
v 4.3975 		-80.2975 		12.88
v 4.4775 		-80.2425 		13.445
v 4.4975 		-80.0725 		13.525
v 4.5175 		-79.6275 		13.52
v 4.7325 		-79.6375 		13.49
v 4.3625 		-80.7125 		13.165
v 4.3175 		-80.7125 		12.845
v 4.1025 		-80.7025 		12.87
v 4.1775 		-80.7575 		13.435
v 4.4575 		-80.7825 		12.255
v 4.2425 		-80.7725 		12.285
v 4.0275 		-80.7675 		12.305
v 4.2025 		-81.3925 		12.21
v 3.9975 		-81.1575 		12.23
v 3.9925 		-81.5475 		12.315
v 4.2775 		-81.6175 		12.855
v 4.0625 		-81.6075 		12.88
v 4.1375 		-81.5475 		13.445
v 4.1575 		-81.3725 		13.525
v 4.1775 		-80.9225 		13.52
v 3.9475 		-81.9375 		13.165
v 3.6925 		-81.9275 		12.87
v 3.7625 		-81.9825 		13.435
v 3.6125 		-81.9875 		12.305
v 3.7875 		-82.6225 		12.21
v 3.5825 		-82.5 		12.2325
v 4.0075 		-82.7975 		12.265
v 3.5775 		-82.7775 		12.315
v 4.0275 		-82.1875 		12.18
v 3.8125 		-82.1725 		12.205
v 3.6525 		-82.8325 		12.88
v 3.7275 		-82.7775 		13.445
v 3.7475 		-82.6075 		13.525
v 3.7675 		-82.1525 		13.52
v 3.7125 		-83.3225 		13.14
v 3.4575 		-83.3175 		12.845
v 3.2425 		-83.2975 		12.87
v 3.3125 		-83.3525 		13.435
v 3.65 		-83.3225 		12.6575
v 3.3775 		-83.3725 		12.285
v 3.1675 		-83.3575 		12.305
v 3.3425 		-83.9925 		12.21
v 3.1375 		-83.7525 		12.23
v 3.1275 		-84.1525 		12.315
v 3.2025 		-84.2025 		12.88
v 3.2775 		-84.1375 		13.445
v 3.2975 		-83.9775 		13.525
v 3.3175 		-83.5275 		13.52
v 7.7425 		-47.4375 		12.65
v 7.8125 		-47.4875 		13.22
v 7.6625 		-47.4975 		12.085
v 7.6225 		-48.1125 		12.01
v 7.8425 		-48.2875 		12.07
v 7.6275 		-48.2875 		12.095
v 7.6475 		-47.6625 		12.005
v 8.1725 		-48.3575 		12.92
v 8.02 		-48.3525 		12.615
v 7.9575 		-48.3475 		12.95
v 7.6975 		-48.3375 		12.66
v 7.7775 		-48.2775 		13.225
v 7.8075 		-47.8875 		13.3
v 7.8175 		-47.6525 		13.295
v 8.0075 		-48.1125 		13.27
v 8.2125 		-46.0525 		12.91
v 7.9575 		-46.0475 		12.62
v 8.0275 		-46.0975 		13.18
v 7.7425 		-46.0375 		12.65
v 7.8125 		-46.0875 		13.22
v 7.8775 		-46.1075 		12.06
v 7.6625 		-46.0975 		12.085
v 7.6225 		-46.7125 		12.01
v 7.6275 		-46.8875 		12.095
v 7.6475 		-46.2625 		12.005
v 8.02 		-46.9525 		12.615
v 7.9575 		-46.9475 		12.95
v 7.6975 		-46.9325 		12.66
v 7.7775 		-46.8725 		13.225
v 7.8075 		-46.4825 		13.3
v 7.8175 		-46.2525 		13.295
v 8.0075 		-46.7125 		13.27
v 8.1675 		-44.6675 		12.59
v 7.9575 		-44.6575 		12.62
v 8.0275 		-44.7175 		13.18
v 7.7425 		-44.6475 		12.65
v 7.8125 		-44.7025 		13.22
v 7.6975 		-44.6475 		12.325
v 7.8775 		-44.7275 		12.06
v 7.6625 		-44.7075 		12.085
v 7.6225 		-45.3275 		12.01
v 7.6275 		-45.4975 		12.095
v 7.6475 		-44.8825 		12.005
v 8.1275 		-45.5675 		12.6
v 7.9125 		-45.5625 		12.63
v 7.6975 		-45.5525 		12.66
v 7.7425 		-45.5525 		12.98
v 7.9925 		-45.4975 		13.19
v 7.7775 		-45.4925 		13.225
v 7.8075 		-45.0925 		13.3
v 7.8175 		-44.8675 		13.295
v 8.2225 		-45.3425 		13.24
v 8.0175 		-45.1075 		13.27
v 8.0075 		-45.3275 		13.27
v 7.9575 		-38.4375 		12.62
v 8.0275 		-38.4925 		13.18
v 7.7425 		-38.4275 		12.65
v 7.8125 		-38.4875 		13.22
v 7.6625 		-38.4925 		12.085
v 7.6225 		-39.1125 		12.01
v 7.8425 		-39.2825 		12.07
v 7.6275 		-39.2825 		12.095
v 7.6475 		-38.6575 		12.005
v 7.9125 		-39.3425 		12.63
v 7.6975 		-39.3275 		12.66
v 7.9925 		-39.2825 		13.19
v 7.7775 		-39.2725 		13.225
v 7.8075 		-38.8775 		13.3
v 8.0325 		-38.6625 		13.265
v 8.0075 		-39.1125 		13.27
v 8.19 		-37.1225 		12.75
v 7.7425 		-37.1075 		12.65
v 7.8125 		-37.1525 		13.22
v 8.0925 		-37.1875 		12.035
v 7.9125 		-37.1125 		12.3
v 7.6625 		-37.1675 		12.085
v 7.6225 		-37.7775 		12.01
v 8.0575 		-37.9675 		12.045
v 7.6275 		-37.9475 		12.095
v 8.0725 		-37.3525 		11.955
v 7.6475 		-37.3325 		12.005
v 8.2025 		-37.9625 		13.16
v 8.02 		-38.02 		12.615
v 7.9575 		-38.0075 		12.95
v 7.6975 		-38.0025 		12.66
v 7.7775 		-37.9425 		13.225
v 7.8725 		-38.0125 		12.31
v 7.8075 		-37.5475 		13.3
v 8.0325 		-37.3375 		13.265
v 8.0075 		-37.7825 		13.27
v 8.1675 		-35.8275 		12.59
v 8.0275 		-35.8675 		13.18
v 7.7425 		-35.7975 		12.65
v 7.8125 		-35.8575 		13.22
v 8.0925 		-35.8875 		12.035
v 7.8775 		-35.8725 		12.06
v 7.6625 		-35.8625 		12.085
v 7.6225 		-36.4825 		12.01
v 7.6275 		-36.6525 		12.095
v 7.6475 		-36.0275 		12.005
v 8.2025 		-36.6575 		13.16
v 7.9125 		-36.7125 		12.63
v 7.9575 		-36.7125 		12.95
v 7.6975 		-36.6975 		12.66
v 7.9925 		-36.6525 		13.19
v 7.7775 		-36.6475 		13.225
v 8.1075 		-36.7175 		12.4425
v 7.8075 		-36.2525 		13.3
v 8.0325 		-36.0325 		13.265
v 8.1675 		-34.5475 		12.59
v 8.2125 		-34.5475 		12.91
v 7.9975 		-34.5375 		12.94
v 7.7425 		-34.5225 		12.65
v 7.8125 		-34.5825 		13.22
v 8.0925 		-34.6125 		12.035
v 7.6625 		-34.5875 		12.085
v 7.6225 		-35.2075 		12.01
v 7.6275 		-35.3725 		12.095
v 7.6475 		-34.7525 		12.005
v 8.1725 		-35.4425 		12.92
v 7.9125 		-35.4375 		12.63
v 7.9575 		-35.4375 		12.95
v 7.6975 		-35.4275 		12.66
v 7.7775 		-35.3725 		13.225
v 7.8725 		-35.4425 		12.31
v 7.8075 		-34.9775 		13.3
v 7.8175 		-34.7475 		13.295
v 8.0075 		-35.2075 		13.27
v 8.1675 		-33.2425 		12.59
v 7.9575 		-33.2325 		12.62
v 8.2425 		-33.3025 		13.15
v 8.0275 		-33.2925 		13.18
v 7.7425 		-33.2275 		12.65
v 7.8125 		-33.2775 		13.22
v 8.1275 		-33.2475 		12.275
v 7.8775 		-33.2975 		12.06
v 7.6625 		-33.2875 		12.085
v 7.945 		-33.92 		11.9725
v 8.0575 		-34.0875 		12.045
v 7.6275 		-34.0775 		12.095
v 8.0725 		-33.4775 		11.955
v 7.6475 		-33.4575 		12.005
v 8.0975 		-34.0825 		13.175
v 7.9125 		-34.1325 		12.63
v 7.9575 		-34.1325 		12.95
v 7.6975 		-34.1225 		12.66
v 7.7775 		-34.0625 		13.225
v 8.1075 		-34.1475 		12.4425
v 7.8075 		-33.6675 		13.3
v 7.8175 		-33.4425 		13.295
v 8.2425 		-33.4675 		13.235
v 8.115 		-33.91 		13.255
v 8.2125 		-31.9175 		12.91
v 7.9575 		-31.9125 		12.62
v 8.0275 		-31.9625 		13.18
v 7.7425 		-31.8975 		12.65
v 7.8125 		-31.9525 		13.22
v 7.9125 		-31.9125 		12.3
v 7.6625 		-31.9575 		12.085
v 7.6225 		-32.5775 		12.01
v 7.6275 		-32.7425 		12.095
v 8.0725 		-32.1475 		11.955
v 7.6475 		-32.1225 		12.005
v 7.9125 		-32.8075 		12.63
v 7.6975 		-32.8025 		12.66
v 7.7775 		-32.7425 		13.225
v 8.1075 		-32.8175 		12.4425
v 7.8725 		-32.8075 		12.31
v 7.7975 		-32.5725 		13.3
v 7.8175 		-32.1175 		13.295
v 8.1675 		-30.6975 		12.59
v 8.2125 		-30.6975 		12.91
v 7.9575 		-30.6825 		12.62
v 8.0275 		-30.7375 		13.18
v 7.7425 		-30.6725 		12.65
v 7.8125 		-30.7325 		13.22
v 8.0925 		-30.7625 		12.035
v 7.8775 		-30.7475 		12.06
v 7.6625 		-30.7375 		12.085
v 7.6225 		-31.3575 		12.01
v 7.6275 		-31.5225 		12.095
v 7.6475 		-30.9025 		12.005
v 8.1725 		-31.5925 		12.92
v 7.9125 		-31.5875 		12.63
v 7.6975 		-31.5775 		12.66
v 7.7425 		-31.5775 		12.98
v 7.9925 		-31.5225 		13.19
v 7.7775 		-31.5175 		13.225
v 8.1075 		-31.5925 		12.4425
v 7.8725 		-31.5875 		12.31
v 7.8075 		-31.1225 		13.3
v 8.0175 		-31.1325 		13.27
v 8.0325 		-30.9075 		13.265
v 8.0075 		-31.3575 		13.27
v 8.2125 		-29.4225 		12.91
v 7.9575 		-29.4125 		12.62
v 8.0275 		-29.4625 		13.18
v 7.7425 		-29.3975 		12.65
v 7.8125 		-29.4525 		13.22
v 8.1275 		-29.4225 		12.275
v 7.9125 		-29.4175 		12.3
v 7.6625 		-29.4575 		12.085
v 7.6225 		-30.0775 		12.01
v 8.0575 		-30.2675 		12.045
v 7.6275 		-30.2475 		12.095
v 7.6475 		-29.6275 		12.005
v 8.02 		-30.3125 		12.615
v 7.6975 		-30.3025 		12.66
v 7.9925 		-30.2475 		13.19
v 7.7775 		-30.2425 		13.225
v 7.8725 		-30.3075 		12.31
v 7.8075 		-29.8475 		13.3
v 7.8175 		-29.6175 		13.295
v 8.1675 		-28.0975 		12.59
v 7.9975 		-28.0825 		12.94
v 8.2425 		-28.1475 		13.15
v 7.7425 		-28.0725 		12.65
v 7.8125 		-28.1275 		13.22
v 8.0925 		-28.1525 		12.035
v 7.935 		-28.0825 		12.46
v 7.6625 		-28.1325 		12.085
v 7.6225 		-28.7525 		12.01
v 7.8425 		-28.9275 		12.07
v 8.0575 		-28.9325 		12.045
v 7.6275 		-28.9225 		12.095
v 7.6475 		-28.3025 		12.005
v 8.2725 		-28.9525 		12.02
v 8.1275 		-28.9925 		12.6
v 7.9125 		-28.9875 		12.63
v 7.9575 		-28.9825 		12.95
v 7.6975 		-28.9725 		12.66
v 7.7775 		-28.9175 		13.225
v 7.8075 		-28.5225 		13.3
v 8.0325 		-28.3025 		13.265
v 8.0075 		-28.7575 		13.27
v 8.2125 		-26.8225 		12.91
v 7.9575 		-26.8125 		12.62
v 8.0275 		-26.8625 		13.18
v 7.7425 		-26.7925 		12.65
v 7.8125 		-26.8525 		13.22
v 8.0925 		-26.8825 		12.035
v 7.6625 		-26.8575 		12.085
v 7.6225 		-27.4775 		12.01
v 7.8425 		-27.6525 		12.07
v 8.0575 		-27.6575 		12.045
v 7.6275 		-27.6425 		12.095
v 8.0725 		-27.0525 		11.955
v 7.8575 		-27.0425 		11.98
v 7.6475 		-27.0225 		12.005
v 8.2675 		-27.5075 		11.93
v 8.2725 		-27.6775 		12.02
v 8.1275 		-27.7125 		12.6
v 8.2025 		-27.6525 		13.16
v 7.9125 		-27.7125 		12.63
v 7.6975 		-27.7025 		12.66
v 7.9925 		-27.6425 		13.19
v 7.7775 		-27.6425 		13.225
v 7.8075 		-27.2475 		13.3
v 7.8175 		-27.0175 		13.295
v 8.2125 		-25.5725 		12.91
v 8.0275 		-25.6125 		13.18
v 7.7425 		-25.5475 		12.65
v 7.8125 		-25.6025 		13.22
v 8.0925 		-25.6375 		12.035
v 7.935 		-25.5625 		12.46
v 7.6625 		-25.6075 		12.085
v 7.6225 		-26.2325 		12.01
v 7.8425 		-26.4025 		12.07
v 7.6275 		-26.3925 		12.095
v 8.0725 		-25.8025 		11.955
v 7.8575 		-25.7925 		11.98
v 7.6475 		-25.7725 		12.005
v 8.2675 		-26.2575 		11.93
v 8.1275 		-26.4675 		12.6
v 8.2025 		-26.4025 		13.16
v 7.9125 		-26.4625 		12.63
v 7.6975 		-26.4525 		12.66
v 7.9925 		-26.3925 		13.19
v 7.7775 		-26.3925 		13.225
v 8.0875 		-26.4675 		12.285
v 7.6575 		-26.4525 		12.335
v 7.8075 		-25.9975 		13.3
v 7.8175 		-25.7675 		13.295
v 8.0075 		-26.2325 		13.27
v 8.2125 		-24.2675 		12.91
v 7.9575 		-24.2575 		12.62
v 8.0275 		-24.3175 		13.18
v 7.7425 		-24.2475 		12.65
v 7.8125 		-24.2975 		13.22
v 8.0925 		-24.3275 		12.035
v 7.9125 		-24.2575 		12.3
v 7.6625 		-24.3025 		12.085
v 7.6225 		-24.9225 		12.01
v 7.8425 		-25.1025 		12.07
v 7.6275 		-25.0925 		12.095
v 7.6475 		-24.4775 		12.005
v 8.0425 		-25.16 		12.775
v 7.9125 		-25.1525 		12.63
v 7.6975 		-25.1475 		12.66
v 7.7775 		-25.0875 		13.225
v 8.0875 		-25.1725 		12.285
v 7.6575 		-25.1475 		12.335
v 7.8075 		-24.6925 		13.3
v 8.0325 		-24.4825 		13.265
v 8.1675 		-21.9875 		12.59
v 7.9575 		-21.9775 		12.62
v 8.0275 		-22.0375 		13.18
v 7.7425 		-21.9725 		12.65
v 7.8125 		-22.0225 		13.22
v 8.1275 		-21.9925 		12.275
v 8.3075 		-22.0625 		12.005
v 7.6975 		-21.9725 		12.325
v 7.8775 		-22.0425 		12.06
v 7.6625 		-22.0275 		12.085
v 7.8475 		-22.4325 		11.98
v 7.6325 		-22.4225 		12.01
v 7.6225 		-22.6475 		12.01
v 7.8425 		-22.8275 		12.07
v 7.6275 		-22.8175 		12.095
v 7.8575 		-22.2075 		11.98
v 7.9125 		-22.8775 		12.63
v 7.9925 		-22.8175 		13.19
v 7.7775 		-22.8075 		13.225
v 8.0875 		-22.8925 		12.285
v 7.6575 		-22.8725 		12.335
v 8.2975 		-22.8975 		12.255
v 7.8025 		-22.525 		13.3
v 7.8175 		-22.1875 		13.295
v 8.2125 		-19.3425 		12.91
v 7.9975 		-19.3325 		12.94
v 7.7425 		-19.3225 		12.65
v 7.8125 		-19.3725 		13.22
v 7.9125 		-19.3375 		12.3
v 7.6625 		-19.3825 		12.085
v 7.955 		-19.7925 		11.9675
v 7.6225 		-20.0025 		12.01
v 7.8425 		-20.1775 		12.07
v 7.6275 		-20.1675 		12.095
v 7.6475 		-19.5525 		12.005
v 8.1275 		-20.2425 		12.6
v 7.9125 		-20.2325 		12.63
v 7.6975 		-20.2275 		12.66
v 7.7775 		-20.1625 		13.225
v 8.0875 		-20.2425 		12.285
v 7.6575 		-20.2275 		12.335
v 7.8075 		-19.7675 		13.3
v 7.8175 		-19.5425 		13.295
v 8.2425 		-19.5675 		13.235
v 8.0075 		-20.0025 		13.27
v 7.7425 		-16.8475 		12.65
v 7.8125 		-16.9025 		13.22
v 7.6625 		-16.9075 		12.085
v 7.6225 		-17.5275 		12.01
v 7.95 		-17.7075 		12.0575
v 7.6275 		-17.6975 		12.095
v 7.6475 		-17.0775 		12.005
v 8.1275 		-17.7675 		12.6
v 8.2025 		-17.7125 		13.16
v 7.9125 		-17.7575 		12.63
v 7.6975 		-17.7525 		12.66
v 7.9925 		-17.6975 		13.19
v 7.7775 		-17.6925 		13.225
v 7.8125 		-17.185 		13.2975
v 8.0175 		-17.3075 		13.27
v 7.9575 		-15.4725 		12.62
v 8.2425 		-15.5375 		13.15
v 8.0275 		-15.5275 		13.18
v 7.7425 		-15.4625 		12.65
v 7.8125 		-15.5125 		13.22
v 8.1475 		-15.485 		12.4325
v 7.9125 		-15.4775 		12.3
v 7.6625 		-15.5225 		12.085
v 7.6225 		-16.1425 		12.01
v 7.6275 		-16.3075 		12.095
v 7.6475 		-15.6925 		12.005
v 8.1275 		-16.3825 		12.6
v 7.9125 		-16.3725 		12.63
v 7.6975 		-16.3625 		12.66
v 7.7425 		-16.3625 		12.98
v 7.9925 		-16.3075 		13.19
v 7.7775 		-16.3025 		13.225
v 7.98 		-16.3775 		12.2975
v 7.8075 		-15.9075 		13.3
v 8.0325 		-15.6925 		13.265
v 8.0075 		-16.1425 		13.27
v 8.2125 		-7.3525 		12.91
v 7.9575 		-7.3425 		12.62
v 8.0275 		-7.3925 		13.18
v 7.7425 		-7.3275 		12.65
v 7.8125 		-7.3825 		13.22
v 7.9125 		-7.3425 		12.3
v 7.6625 		-7.3875 		12.085
v 7.6225 		-8.0075 		12.01
v 8.0575 		-8.1925 		12.045
v 7.6275 		-8.1775 		12.095
v 7.6475 		-7.5575 		12.005
v 8.2875 		-7.5925 		11.925
v 8.15 		-8.2525 		12.76
v 7.9125 		-8.2375 		12.63
v 7.9575 		-8.2375 		12.95
v 7.6975 		-8.2275 		12.66
v 7.7775 		-8.1675 		13.225
v 7.8725 		-8.2425 		12.31
v 7.8075 		-7.7775 		13.3
v 7.8175 		-7.5525 		13.295
v 8.0075 		-8.0075 		13.27
v 8.1675 		-5.9475 		12.59
v 7.7425 		-5.9225 		12.65
v 7.8125 		-5.9775 		13.22
v 8.3425 		-5.9575 		12.245
v 8.0925 		-6.0075 		12.035
v 7.6625 		-5.9825 		12.085
v 7.6225 		-6.6025 		12.01
v 7.95 		-6.7825 		12.0575
v 7.6275 		-6.7725 		12.095
v 7.6475 		-6.1525 		12.005
v 8.2725 		-6.7975 		12.02
v 7.9125 		-6.8325 		12.63
v 7.9575 		-6.8325 		12.95
v 7.6975 		-6.8225 		12.66
v 7.9925 		-6.7725 		13.19
v 7.7775 		-6.7625 		13.225
v 7.8075 		-6.3675 		13.3
v 7.8175 		-6.1425 		13.295
v 8.2425 		-6.1675 		13.235
v 7.7425 		-4.3625 		12.65
v 7.8125 		-4.4125 		13.22
v 7.9125 		-4.3775 		12.3
v 7.6625 		-4.4225 		12.085
v 7.6225 		-5.0425 		12.01
v 7.6275 		-5.2075 		12.095
v 7.6475 		-4.5925 		12.005
v 8.2875 		-4.6225 		11.925
v 7.9125 		-5.2725 		12.63
v 7.9575 		-5.2675 		12.95
v 7.6975 		-5.2625 		12.66
v 7.7775 		-5.2025 		13.225
v 7.98 		-5.2775 		12.2975
v 7.8075 		-4.8075 		13.3
v 7.8175 		-4.5825 		13.295
v 8.0075 		-5.0425 		13.27
v 8.1675 		-2.9775 		12.59
v 8.0275 		-3.0225 		13.18
v 7.7425 		-2.9575 		12.65
v 7.8125 		-3.0125 		13.22
v 7.6625 		-3.0175 		12.085
v 7.6225 		-3.6375 		12.01
v 7.8425 		-3.8125 		12.07
v 8.0575 		-3.8225 		12.045
v 7.6275 		-3.8025 		12.095
v 7.6475 		-3.1875 		12.005
v 8.1275 		-3.8775 		12.6
v 8.2025 		-3.8125 		13.16
v 7.9125 		-3.8675 		12.63
v 7.6975 		-3.8575 		12.66
v 7.9925 		-3.8075 		13.19
v 7.7775 		-3.7975 		13.225
v 7.8025 		-3.515 		13.3
v 7.8175 		-3.1775 		13.295
v 8.2425 		-3.2025 		13.235
v 8.1675 		-1.6725 		12.59
v 8.2125 		-1.6725 		12.91
v 7.9575 		-1.6625 		12.62
v 8.0275 		-1.7175 		13.18
v 7.7425 		-1.6525 		12.65
v 7.8125 		-1.7025 		13.22
v 8.3075 		-1.7425 		12.005
v 7.6625 		-1.7075 		12.085
v 7.6225 		-2.3275 		12.01
v 7.6275 		-2.4975 		12.095
v 7.6475 		-1.8775 		12.005
v 8.1275 		-2.5725 		12.6
v 8.1725 		-2.5675 		12.92
v 7.9125 		-2.5625 		12.63
v 7.6975 		-2.5525 		12.66
v 7.7425 		-2.5475 		12.98
v 7.9925 		-2.4975 		13.19
v 7.7775 		-2.4925 		13.225
v 7.98 		-2.5675 		12.2975
v 7.8075 		-2.0975 		13.3
v 8.0175 		-2.1075 		13.27
v 8.0325 		-1.8825 		13.265
v 8.0075 		-2.3325 		13.27
v 7.9775 		-0.3175 		12.78
v 7.7425 		-0.3075 		12.65
v 7.8125 		-0.3625 		13.22
v 8.02 		-0.325 		12.2875
v 8.3075 		-0.4025 		12.005
v 7.6625 		-0.3625 		12.085
v 7.6225 		-0.9875 		12.01
v 8.0575 		-1.1725 		12.045
v 7.6275 		-1.1575 		12.095
v 7.6475 		-0.5375 		12.005
v 8.2725 		-1.1825 		12.02
v 8.1275 		-1.2275 		12.6
v 8.2025 		-1.1625 		13.16
v 7.9125 		-1.2175 		12.63
v 7.6975 		-1.2075 		12.66
v 7.9925 		-1.1575 		13.19
v 7.7775 		-1.1475 		13.225
v 7.8075 		-0.7525 		13.3
v 7.8175 		-0.5275 		13.295
v 8.0075 		-0.9875 		13.27
v 8.1675 		0.9525 		12.59
v 7.9575 		0.9625 		12.62
v 8.0275 		0.9075 		13.18
v 7.7425 		0.9725 		12.65
v 7.8125 		0.9225 		13.22
v 8.0925 		0.8875 		12.035
v 8.3075 		0.8775 		12.005
v 7.6625 		0.9125 		12.085
v 7.6225 		0.2925 		12.01
v 7.6275 		0.1275 		12.095
v 7.6475 		0.7425 		12.005
v 8.2725 		0.0975 		12.02
v 8.3425 		0.0425 		12.575
v 7.6975 		0.0725 		12.66
v 7.7775 		0.1325 		13.225
v 7.8075 		0.5275 		13.3
v 7.8175 		0.7525 		13.295
v 8.2425 		0.7275 		13.235
v 8.0075 		0.2925 		13.27
v 7.9575 		2.1475 		12.62
v 8.0275 		2.0925 		13.18
v 7.7425 		2.1575 		12.65
v 7.8125 		2.1075 		13.22
v 8.0925 		2.0775 		12.035
v 7.6625 		2.1025 		12.085
v 7.6225 		1.4825 		12.01
v 8.0575 		1.2975 		12.045
v 7.6275 		1.3125 		12.095
v 7.6475 		1.9325 		12.005
v 8.3425 		1.2275 		12.575
v 8.1275 		1.2375 		12.6
v 8.1725 		1.2425 		12.92
v 7.9125 		1.2475 		12.63
v 7.6975 		1.2575 		12.66
v 7.7425 		1.2625 		12.98
v 7.9925 		1.3125 		13.19
v 7.7775 		1.3175 		13.225
v 8.2975 		1.2275 		12.255
v 7.8075 		1.7125 		13.3
v 8.2425 		1.9125 		13.235
v 8.0175 		1.7025 		13.27
v 8.0325 		1.9275 		13.265
v 8.0075 		1.4775 		13.27
v 7.9575 		3.5525 		12.62
v 8.0275 		3.4975 		13.18
v 7.7425 		3.5675 		12.65
v 7.8125 		3.5125 		13.22
v 8.3075 		3.4725 		12.005
v 7.9125 		3.5525 		12.3
v 7.6625 		3.5075 		12.085
v 7.6225 		2.8875 		12.01
v 7.8425 		2.7075 		12.07
v 7.6275 		2.7175 		12.095
v 7.6475 		3.3375 		12.005
v 8.1275 		2.6425 		12.6
v 8.2025 		2.7075 		13.16
v 7.9125 		2.6575 		12.63
v 7.6975 		2.6625 		12.66
v 7.7775 		2.7225 		13.225
v 7.8075 		3.1175 		13.3
v 8.0325 		3.3325 		13.265
v 8.0075 		2.8825 		13.27
v 7.8075 		5.7425 		13.3
v 7.8175 		5.9675 		13.295
v 8.0275 		6.1225 		13.18
v 7.8125 		6.1375 		13.22
v 8.0075 		5.5075 		13.27
v 7.9925 		5.3375 		13.19
v 7.7775 		5.3475 		13.225
v 7.6475 		5.9575 		12.005
v 7.7425 		6.1875 		12.65
v 7.6625 		6.1275 		12.085
v 7.6975 		5.2875 		12.66
v 7.6225 		5.5075 		12.01
v 7.6275 		5.3425 		12.095
v 8.3425 		5.2575 		12.575
v 8.1275 		5.2675 		12.6
v 7.9125 		5.2775 		12.63
v 8.0575 		5.3225 		12.045
v 8.0925 		6.1025 		12.035
v 7.8775 		6.1175 		12.06
v 8.3075 		6.0925 		12.005
v 7.9575 		6.1775 		12.62
v 8.2125 		4.9175 		12.91
v 7.9575 		4.9275 		12.62
v 8.0275 		4.8725 		13.18
v 7.7425 		4.9375 		12.65
v 7.8125 		4.8875 		13.22
v 8.0925 		4.8525 		12.035
v 8.3075 		4.8475 		12.005
v 7.8775 		4.8675 		12.06
v 7.6625 		4.8775 		12.085
v 7.6225 		4.2575 		12.01
v 8.0575 		4.0725 		12.045
v 7.6275 		4.0925 		12.095
v 7.6475 		4.7125 		12.005
v 8.3425 		4.0075 		12.575
v 8.1275 		4.0175 		12.6
v 8.2025 		4.0825 		13.16
v 7.6975 		4.0375 		12.66
v 7.7775 		4.0975 		13.225
v 7.8075 		4.4925 		13.3
v 8.0325 		4.7075 		13.265
v 8.0075 		4.2575 		13.27
v 7.8075 		7.1175 		13.3
v 7.8175 		7.3425 		13.295
v 8.0275 		7.4975 		13.18
v 7.8125 		7.5075 		13.22
v 8.0075 		6.8825 		13.27
v 7.7775 		6.7225 		13.225
v 7.6475 		7.3325 		12.005
v 7.7425 		7.5625 		12.65
v 7.6625 		7.5025 		12.085
v 7.6975 		6.6625 		12.66
v 7.6225 		6.8825 		12.01
v 7.6275 		6.7125 		12.095
v 8.1275 		6.6425 		12.6
v 7.9125 		6.6525 		12.63
v 8.0575 		6.6975 		12.045
v 8.0925 		7.4775 		12.035
v 7.935 		7.55 		12.46
v 8.0325 		8.7325 		13.265
v 7.8075 		8.5225 		13.3
v 7.8175 		8.7475 		13.295
v 8.0275 		8.9025 		13.18
v 7.8125 		8.9125 		13.22
v 8.0075 		8.2875 		13.27
v 7.9925 		8.1225 		13.19
v 7.7775 		8.1275 		13.225
v 7.6475 		8.7375 		12.005
v 7.7425 		8.9675 		12.65
v 7.6625 		8.9075 		12.085
v 7.6575 		8.0625 		12.335
v 7.6225 		8.2875 		12.01
v 7.6275 		8.1225 		12.095
v 7.7425 		8.0675 		12.98
v 8.1275 		8.0475 		12.6
v 7.9125 		8.0575 		12.63
v 7.8425 		8.1125 		12.07
v 7.985 		8.8875 		12.0475
v 7.9575 		8.9575 		12.62
v 8.2025 		9.5775 		13.16
v 7.8025 		9.875 		13.3
v 7.8125 		10.3825 		13.22
v 7.9925 		9.5875 		13.19
v 7.7775 		9.5925 		13.225
v 7.6475 		10.2075 		12.005
v 7.7425 		10.4375 		12.65
v 7.6625 		10.3775 		12.085
v 7.6975 		9.5325 		12.66
v 7.6225 		9.7575 		12.01
v 7.6275 		9.5875 		12.095
v 8.3425 		9.5025 		12.575
v 8.1275 		9.5175 		12.6
v 7.9125 		9.5275 		12.63
v 8.0575 		9.5725 		12.045
v 8.3075 		10.3425 		12.005
v 8.0325 		16.9975 		13.265
v 7.8075 		16.7825 		13.3
v 7.8125 		17.1825 		13.22
v 7.9925 		16.3825 		13.19
v 7.7775 		16.3875 		13.225
v 7.6475 		17.0075 		12.005
v 7.7425 		17.2325 		12.65
v 7.6625 		17.1725 		12.085
v 7.6975 		16.3275 		12.66
v 7.6575 		16.3275 		12.335
v 7.6225 		16.5525 		12.01
v 7.6275 		16.3825 		12.095
v 8.0425 		16.32 		12.775
v 7.9125 		16.3225 		12.63
v 8.0875 		16.3075 		12.285
v 7.8425 		16.3725 		12.07
v 8.3075 		17.1375 		12.005
v 8.1675 		17.2125 		12.59
v 8.0325 		18.3425 		13.265
v 7.8075 		18.1275 		13.3
v 8.0275 		18.5075 		13.18
v 7.8125 		18.5275 		13.22
v 8.0075 		17.8925 		13.27
v 7.7775 		17.7325 		13.225
v 7.6475 		18.3425 		12.005
v 7.7425 		18.5725 		12.65
v 7.6625 		18.5125 		12.085
v 7.6975 		17.6775 		12.66
v 7.6225 		17.8925 		12.01
v 7.6275 		17.7275 		12.095
v 8.02 		17.6575 		12.615
v 7.9575 		17.6675 		12.95
v 8.0875 		17.6525 		12.285
v 7.8725 		17.6625 		12.31
v 8.2725 		17.6975 		12.02
v 7.8775 		18.5075 		12.06
v 8.3075 		18.4775 		12.005
v 8.1675 		18.5525 		12.59
v 7.9575 		18.5675 		12.62
v 8.1275 		18.5475 		12.275
v 8.2025 		19.0925 		13.16
v 8.0325 		19.7175 		13.265
v 7.8025 		19.39 		13.3
v 8.0275 		19.8875 		13.18
v 7.8125 		19.8925 		13.22
v 7.9925 		19.1025 		13.19
v 7.7775 		19.1075 		13.225
v 7.6475 		19.7225 		12.005
v 7.7425 		19.9525 		12.65
v 7.6625 		19.8875 		12.085
v 7.6975 		19.0475 		12.66
v 7.6225 		19.2675 		12.01
v 7.6275 		19.1025 		12.095
v 8.3425 		19.0225 		12.575
v 8.1275 		19.0325 		12.6
v 7.9125 		19.0375 		12.63
v 8.0575 		19.0875 		12.045
v 7.8425 		19.0975 		12.07
v 8.18 		19.69 		11.94
v 8.3075 		19.8575 		12.005
v 7.9575 		19.9425 		12.62
v 8.02 		19.9275 		12.2875
v 7.8075 		20.9075 		13.3
v 7.8175 		21.1375 		13.295
v 8.0275 		21.2925 		13.18
v 7.8125 		21.3025 		13.22
v 7.7775 		20.5125 		13.225
v 7.6475 		21.1275 		12.005
v 7.7425 		21.3575 		12.65
v 7.6625 		21.2975 		12.085
v 7.6975 		20.4525 		12.66
v 7.6225 		20.6775 		12.01
v 7.6275 		20.5075 		12.095
v 8.3425 		20.4225 		12.575
v 7.9125 		20.4475 		12.63
v 7.9575 		20.4475 		12.95
v 8.0575 		20.4875 		12.045
v 7.985 		21.2725 		12.0475
v 8.2875 		21.0975 		11.925
v 8.3075 		21.2625 		12.005
v 8.2125 		21.3375 		12.91
v 7.935 		21.34 		12.46
v 8.2425 		22.4325 		13.235
v 7.8075 		22.2325 		13.3
v 8.0275 		22.6175 		13.18
v 7.8125 		22.6275 		13.22
v 8.0075 		21.9975 		13.27
v 7.7775 		21.8375 		13.225
v 7.6475 		22.4525 		12.005
v 7.7425 		22.6825 		12.65
v 7.6625 		22.6175 		12.085
v 7.6975 		21.7825 		12.66
v 7.6225 		21.9975 		12.01
v 7.6275 		21.8325 		12.095
v 8.3425 		21.7525 		12.575
v 8 		21.765 		12.455
v 7.9125 		21.7675 		12.63
v 7.9575 		21.7725 		12.95
v 8.0875 		21.7625 		12.285
v 8.2725 		21.8025 		12.02
v 7.8775 		22.6125 		12.06
v 8.2875 		22.4175 		11.925
v 8.1675 		22.6575 		12.59
v 7.9575 		22.6725 		12.62
v 8.1275 		22.6525 		12.275
v 8.2025 		23.1475 		13.16
v 8.2425 		23.7675 		13.235
v 7.8175 		23.7925 		13.295
v 8.0275 		23.9425 		13.18
v 7.8125 		23.9575 		13.22
v 7.9925 		23.1625 		13.19
v 7.7975 		23.3375 		13.3
v 7.7775 		23.1725 		13.225
v 7.6475 		23.7775 		12.005
v 7.7425 		24.0075 		12.65
v 7.6625 		23.9525 		12.085
v 7.6975 		23.1125 		12.66
v 7.6575 		23.1075 		12.335
v 7.6225 		23.3325 		12.01
v 7.6275 		23.1625 		12.095
v 8.1275 		23.0875 		12.6
v 7.9125 		23.1025 		12.63
v 7.8425 		23.1525 		12.07
v 7.9575 		23.9975 		12.62
v 8.2425 		25.3675 		13.15
v 7.8075 		24.9925 		13.3
v 7.8175 		25.2175 		13.295
v 7.8125 		25.3875 		13.22
v 8.0075 		24.7575 		13.27
v 7.9925 		24.5925 		13.19
v 7.7775 		24.5975 		13.225
v 7.6475 		25.2125 		12.005
v 7.7425 		25.4425 		12.65
v 7.6625 		25.3825 		12.085
v 7.6975 		24.5375 		12.66
v 7.6225 		24.7575 		12.01
v 7.6275 		24.5925 		12.095
v 7.7425 		24.5375 		12.98
v 8.3425 		24.5125 		12.575
v 8.1275 		24.5225 		12.6
v 7.9125 		24.5275 		12.63
v 8.0575 		24.5775 		12.045
v 7.8425 		24.5875 		12.07
v 8.0925 		25.3525 		12.035
v 7.8775 		25.3725 		12.06
v 8.1675 		25.4175 		12.59
v 7.9575 		25.4325 		12.62
v 8.0325 		26.5625 		13.265
v 7.8075 		26.3425 		13.3
v 8.0275 		26.7275 		13.18
v 7.8125 		26.7375 		13.22
v 8.0075 		26.1125 		13.27
v 7.7775 		25.9575 		13.225
v 7.6475 		26.5625 		12.005
v 7.7425 		26.7925 		12.65
v 7.6625 		26.7325 		12.085
v 7.6975 		25.8975 		12.66
v 7.6225 		26.1125 		12.01
v 7.6275 		25.9425 		12.095
v 8.3425 		25.8675 		12.575
v 8.02 		25.8775 		12.615
v 7.9575 		25.8825 		12.95
v 8.0875 		25.8725 		12.285
v 7.8725 		25.8775 		12.31
v 8.2725 		25.9125 		12.02
v 8.18 		26.5325 		11.94
v 7.8775 		26.7225 		12.06
v 7.9575 		26.7825 		12.62
v 7.8075 		27.6775 		13.3
v 7.8175 		27.9025 		13.295
v 8.0275 		28.0525 		13.18
v 7.8125 		28.0725 		13.22
v 8.0075 		27.4425 		13.27
v 7.7775 		27.2825 		13.225
v 7.6475 		27.8875 		12.005
v 7.7425 		28.1175 		12.65
v 7.6625 		28.0625 		12.085
v 7.6975 		27.2175 		12.66
v 7.6225 		27.4425 		12.01
v 7.6275 		27.2775 		12.095
v 8.1275 		27.1975 		12.6
v 7.9125 		27.2125 		12.63
v 7.9575 		27.2175 		12.95
v 8.2725 		27.2475 		12.02
v 8.2125 		28.1025 		12.91
v 7.9575 		28.1125 		12.62
v 7.8075 		29.0575 		13.3
v 7.8175 		29.2825 		13.295
v 8.0275 		29.4325 		13.18
v 7.8125 		29.4475 		13.22
v 8.0075 		28.8225 		13.27
v 7.7775 		28.6625 		13.225
v 7.6475 		29.2675 		12.005
v 7.7425 		29.4975 		12.65
v 7.6625 		29.4425 		12.085
v 7.6975 		28.6025 		12.66
v 7.6575 		28.5975 		12.335
v 7.6225 		28.8225 		12.01
v 7.6275 		28.6525 		12.095
v 7.9125 		28.5925 		12.63
v 7.8425 		28.6425 		12.07
v 8.0925 		29.4175 		12.035
v 7.8775 		29.4225 		12.06
v 8.1675 		29.4825 		12.59
v 7.9575 		29.4875 		12.62
v 8.0325 		30.5725 		13.265
v 7.8075 		30.3525 		13.3
v 7.8125 		30.7475 		13.22
v 8.0075 		30.1175 		13.27
v 7.7775 		29.9575 		13.225
v 7.6475 		30.5725 		12.005
v 7.6975 		30.8025 		12.325
v 7.7425 		30.8025 		12.65
v 7.6625 		30.7375 		12.085
v 7.6975 		29.9025 		12.66
v 7.6225 		30.1175 		12.01
v 7.6275 		29.9525 		12.095
v 7.9125 		29.8875 		12.63
v 7.9575 		29.8925 		12.95
v 7.8725 		29.8875 		12.31
v 8.0575 		29.9375 		12.045
v 8.2725 		29.9225 		12.02
v 8.0725 		30.5475 		11.955
v 8.0925 		30.7125 		12.035
v 7.8775 		30.7325 		12.06
v 8.0625 		30.785 		12.605
v 8.1275 		30.7725 		12.275
v 8.0275 		31.9475 		13.18
v 7.8125 		31.9575 		13.22
v 7.9925 		31.1625 		13.19
v 7.7975 		31.3375 		13.3
v 7.7775 		31.1675 		13.225
v 7.6475 		31.7825 		12.005
v 7.7425 		32.0125 		12.65
v 7.6625 		31.9525 		12.085
v 7.6975 		31.1075 		12.66
v 7.6225 		31.3275 		12.01
v 7.6275 		31.1625 		12.095
v 7.7425 		31.1075 		12.98
v 8.1725 		31.0975 		12.92
v 7.9125 		31.0975 		12.63
v 7.8725 		31.0975 		12.31
v 8.0925 		31.9225 		12.035
v 7.9125 		31.9925 		12.3
v 7.8075 		32.7675 		13.3
v 7.8175 		32.9925 		13.295
v 7.8125 		33.1625 		13.22
v 7.7775 		32.3775 		13.225
v 7.6325 		32.7625 		12.01
v 7.7425 		33.2125 		12.65
v 7.6625 		33.1575 		12.085
v 7.6975 		32.3175 		12.66
v 7.6225 		32.5375 		12.01
v 7.6275 		32.3675 		12.095
v 7.9125 		32.3075 		12.63
v 7.9575 		32.3075 		12.95
v 7.8575 		32.9725 		11.98
v 7.6175 		34.1875 		13.3
v 7.6275 		34.5825 		13.22
v 7.8025 		33.7875 		13.19
v 7.5875 		33.7925 		13.225
v 7.4575 		34.4075 		12.005
v 7.5525 		34.6275 		12.65
v 7.4775 		34.5725 		12.085
v 7.5125 		33.7275 		12.66
v 7.4375 		33.9525 		12.01
v 7.4375 		33.7875 		12.095
v 7.7275 		33.7225 		12.63
v 7.6525 		33.7725 		12.07
v 7.8725 		34.045 		11.9575
v 7.7275 		34.6175 		12.3
v 7.5175 		35.7325 		13.295
v 7.5125 		35.8975 		13.22
v 7.7075 		35.2725 		13.27
v 7.4775 		35.1075 		13.225
v 7.3475 		35.7225 		12.005
v 7.4425 		35.9525 		12.65
v 7.3625 		35.8925 		12.085
v 7.3975 		35.0475 		12.66
v 7.3225 		35.2725 		12.01
v 7.3275 		35.1025 		12.095
v 7.6125 		35.0425 		12.63
v 7.6575 		35.0425 		12.95
v 7.5725 		35.0425 		12.31
v 7.5775 		35.8725 		12.06
v 7.6975 		35.9375 		12.94
v 7.4325 		36.7825 		13.3
v 7.4425 		37.0075 		13.295
v 7.4375 		37.1775 		13.22
v 7.4025 		36.3925 		13.225
v 7.2725 		37.0025 		12.005
v 7.2875 		37.1675 		12.085
v 7.3225 		36.3275 		12.66
v 7.2475 		36.5525 		12.01
v 7.2525 		36.3825 		12.095
v 7.3875 		37.2275 		12.81
v 7.5375 		36.3225 		12.63
v 7.5825 		36.3225 		12.95
v 7.4975 		36.3175 		12.31
v 7.7125 		36.3125 		12.285
v 7.6825 		36.3625 		12.045
v 7.5825 		37.2175 		12.62
v 7.5375 		37.2175 		12.3
v 7.5425 		38.2775 		13.265
v 7.3175 		38.0625 		13.3
v 7.5425 		38.4425 		13.18
v 7.3275 		38.4525 		13.22
v 7.5025 		37.6625 		13.19
v 7.2875 		37.6625 		13.225
v 7.1575 		38.2775 		12.005
v 7.1775 		38.4525 		12.085
v 7.2125 		37.6025 		12.66
v 7.1375 		37.8275 		12.01
v 7.1425 		37.6625 		12.095
v 7.275 		38.5125 		12.81
v 7.4275 		37.6025 		12.63
v 7.5975 		37.5825 		12.285
v 7.3825 		37.5925 		12.31
v 7.4275 		38.4975 		12.3
v 7.5075 		39.4675 		13.265
v 7.2825 		39.2575 		13.3
v 7.2875 		39.6475 		13.22
v 7.4675 		38.8525 		13.19
v 7.2525 		38.8575 		13.225
v 7.1225 		39.4675 		12.005
v 7.2175 		39.7025 		12.65
v 7.1375 		39.6425 		12.085
v 7.1725 		38.7975 		12.66
v 7.0975 		39.0175 		12.01
v 7.1025 		38.8525 		12.095
v 7.2175 		38.7975 		12.98
v 7.3875 		38.7925 		12.63
v 7.4325 		39.6925 		12.62
v 7.2075 		40.4475 		13.3
v 7.2125 		40.8375 		13.22
v 7.4075 		40.2125 		13.27
v 7.1775 		40.0475 		13.225
v 7.0375 		40.4375 		12.01
v 7.1425 		40.8975 		12.65
v 7.0625 		40.8375 		12.085
v 7.0775 		39.9925 		12.4975
v 7.0225 		40.2125 		12.01
v 7.0275 		40.0475 		12.095
v 7.3125 		39.9875 		12.63
v 7.1325 		41.6625 		13.3
v 7.1425 		41.8875 		13.295
v 7.1375 		42.0525 		13.22
v 7.3325 		41.4275 		13.27
v 7.1025 		41.2625 		13.225
v 6.9625 		41.6525 		12.01
v 6.9725 		41.8825 		12.005
v 7.0225 		42.1075 		12.325
v 6.9875 		42.0525 		12.085
v 7.0225 		41.2025 		12.66
v 6.9525 		41.2625 		12.095
v 7.0575 		43.0075 		13.3
v 7.0625 		43.3975 		13.22
v 7.0275 		42.6075 		13.225
v 6.9475 		42.5475 		12.66
v 6.8775 		42.7725 		12.01
v 6.8775 		42.6075 		12.095
v 7.0325 		43.4525 		12.97
v 6.9825 		44.3025 		13.3
v 6.9875 		44.7025 		13.22
v 6.9725 		44.0775 		13.3
v 6.9525 		43.9125 		13.225
v 7.0225 		44.7075 		13.165
v 6.9575 		44.7425 		12.97
v -6.9575 		44.7425 		12.97
v 2.6075 		-74.0325 		18.905
v 2.5925 		-73.7475 		18.9
v 3.6125 		-73.7225 		17.98
v 3.6225 		-74.0075 		17.985
v 3.6775 		-73.8875 		19.865
v 4.3925 		-73.9775 		18.98
v 3.5575 		-74.1625 		19.88
v 4.3275 		-74.2775 		19.015
v 2.6975 		-74.0425 		20.745
v 2.8925 		-73.7525 		20.71
v 1.8275 		-73.7625 		19.59
v 1.8425 		-74.0525 		19.595
v 0.0025 		-75.7475 		20.63
v 0.1225 		-75.7475 		20.63
v 0.0025 		-77.8175 		19.015
v 0.1225 		-77.8175 		19.015
v 0.0025 		-74.8025 		19.435
v 0.1225 		-74.8025 		19.435
v 0.1225 		-76.8725 		17.82
v 0.0025 		-76.8725 		17.82
v 1.8725 		-74.7225 		18.94
v 2.1175 		-74.5725 		18.935
v 2.2725 		-75.4425 		18.015
v 2.0275 		-75.5975 		18.02
v 2.5025 		-75.5475 		20.01
v 2.8125 		-76.4275 		19.055
v 2.1725 		-75.6125 		20.025
v 2.4775 		-76.7525 		19.03
v 1.9125 		-74.8325 		20.85
v 2.2625 		-74.8325 		20.69
v 1.7225 		-73.9175 		19.625
v 1.4775 		-74.0675 		19.63
v -11.1075 		2.0075 		7.845
v -27.7525 		3.6975 		9.535
v -11.1425 		-2.6875 		8.18
v -27.7525 		7.2675 		9.295
v -10.8525 		2.1725 		6.985
v -27.7525 		7.4375 		8.965
v -11.0275 		2.2925 		7.455
v -27.7525 		7.3625 		8.645
v -10.6275 		-1.6575 		5.715
v -27.7525 		7.1875 		8.35
v -10.7025 		1.8775 		6.43
v -27.7525 		3.8275 		8.07
v -70.4725 		28.0525 		12.53
v -53.7475 		21.0775 		11.26
v -70.4725 		30.5825 		12.385
v -53.7375 		18.2375 		11.46
v -70.4725 		30.6575 		12.155
v -53.7525 		21.1775 		10.94
v -53.7525 		17.7725 		10.28
v -70.4725 		30.5525 		11.75
v -53.7525 		21.0375 		10.415
v -70.4725 		27.3375 		11.645
v -32.5425 		8.9875 		9.735
v -51.8025 		17.0225 		11.38
v -32.5425 		5.6875 		9.985
v -51.7925 		19.8875 		11.155
v -51.7825 		19.9875 		10.805
v -32.5325 		9.1325 		9.345
v -32.5125 		5.3875 		8.625
v -51.7675 		19.6325 		10.23
v -32.5175 		8.7175 		8.775
v -51.7675 		16.3725 		10.08
v -53.4425 		-5.8025 		9.2
v -54.0675 		-6.2025 		8.875
v -53.4425 		-6.2025 		8.94
v -54.1175 		-5.8025 		9.135
v -54.6725 		-6.2025 		8.695
v -54.7675 		-5.8025 		8.94
v -55.2225 		-6.2025 		8.4
v -55.3675 		-5.8025 		8.62
v -55.7075 		-6.2025 		8.005
v -55.8875 		-5.8025 		8.19
v -56.0975 		-6.2025 		7.52
v -56.3225 		-5.8025 		7.665
v -56.3925 		-6.2025 		6.97
v -56.6375 		-5.8025 		7.07
v -56.5725 		-6.2025 		6.37
v -56.8375 		-5.8025 		6.415
v -56.6375 		-6.2025 		5.745
v -56.8975 		-5.8025 		5.745
v -56.5725 		-6.2025 		5.125
v -56.8375 		-5.8025 		5.07
v -56.3925 		-6.2025 		4.525
v -56.6375 		-5.8025 		4.425
v -56.3225 		-5.8025 		3.825
v -55.7075 		-6.2025 		3.49
v -55.8875 		-5.8025 		3.305
v -55.2225 		-6.2025 		3.095
v -55.3675 		-5.8025 		2.875
v -54.6725 		-6.2025 		2.8
v -54.7675 		-5.8025 		2.555
v -54.0675 		-6.2025 		2.615
v -54.1175 		-5.8025 		2.36
v -53.4425 		-6.2025 		2.555
v -53.4425 		-5.8025 		2.29
v -52.8275 		-6.2025 		2.615
v -52.7725 		-5.8025 		2.36
v -52.2275 		-6.2025 		2.8
v -52.1225 		-5.8025 		2.555
v -51.6725 		-6.2025 		3.095
v -51.5225 		-5.8025 		2.875
v -51.1925 		-6.2025 		3.49
v -51.0025 		-5.8025 		3.305
v -50.7925 		-6.2025 		3.975
v -50.5775 		-5.8025 		3.825
v -50.4975 		-6.2025 		4.525
v -50.2575 		-5.8025 		4.425
v -50.3175 		-6.2025 		5.125
v -50.0575 		-5.8025 		5.07
v -50.2575 		-6.2025 		5.745
v -50.3175 		-6.2025 		6.37
v -50.0575 		-5.8025 		6.415
v -50.4975 		-6.2025 		6.97
v -50.2575 		-5.8025 		7.07
v -50.7925 		-6.2025 		7.52
v -50.5775 		-5.8025 		7.665
v -51.1925 		-6.2025 		8.005
v -51.0025 		-5.8025 		8.19
v -51.6725 		-6.2025 		8.4
v -51.5225 		-5.8025 		8.62
v -52.2275 		-6.2025 		8.695
v -52.1225 		-5.8025 		8.94
v -52.7725 		-5.8025 		9.135
v -53.4425 		-0.9525 		9.02
v -54.1175 		-3.3725 		9.105
v -53.4425 		-3.3725 		9.17
v -54.0825 		-0.9525 		8.96
v -54.7625 		-3.3725 		8.91
v -54.7025 		-0.9525 		8.775
v -55.3525 		-3.3725 		8.595
v -55.2625 		-0.9525 		8.47
v -55.8725 		-3.3725 		8.17
v -55.7675 		-0.9525 		8.06
v -56.2975 		-3.3725 		7.65
v -56.1675 		-0.9525 		7.565
v -56.6075 		-3.3725 		7.055
v -56.4725 		-0.9525 		7
v -56.8075 		-3.3725 		6.415
v -56.6625 		-0.9525 		6.385
v -56.8725 		-3.3725 		5.745
v -56.7225 		-0.9525 		5.745
v -56.8075 		-3.3725 		5.08
v -56.6625 		-0.9525 		5.105
v -56.6075 		-3.3725 		4.435
v -56.4725 		-0.9525 		4.495
v -56.2975 		-3.3725 		3.845
v -56.1675 		-0.9525 		3.925
v -55.8725 		-3.3725 		3.325
v -55.7675 		-0.9525 		3.43
v -55.3525 		-3.3725 		2.9
v -55.2625 		-0.9525 		3.025
v -54.7625 		-3.3725 		2.58
v -54.7025 		-0.9525 		2.72
v -54.1175 		-3.3725 		2.385
v -54.0825 		-0.9525 		2.535
v -53.4425 		-3.3725 		2.32
v -53.4425 		-0.9525 		2.47
v -52.7825 		-3.3725 		2.385
v -52.8075 		-0.9525 		2.535
v -52.1325 		-3.3725 		2.58
v -52.1925 		-0.9525 		2.72
v -51.5425 		-3.3725 		2.9
v -51.6275 		-0.9525 		3.025
v -51.0275 		-3.3725 		3.325
v -51.1325 		-0.9525 		3.43
v -50.6025 		-3.3725 		3.845
v -50.7225 		-0.9525 		3.925
v -50.2825 		-3.3725 		4.435
v -50.4225 		-0.9525 		4.495
v -50.0925 		-3.3725 		5.08
v -50.2375 		-0.9525 		5.105
v -50.0925 		-3.3725 		6.415
v -50.2375 		-0.9525 		6.385
v -50.2825 		-3.3725 		7.055
v -50.4225 		-0.9525 		7
v -50.6025 		-3.3725 		7.65
v -50.7225 		-0.9525 		7.565
v -51.0275 		-3.3725 		8.17
v -51.1325 		-0.9525 		8.06
v -51.5425 		-3.3725 		8.595
v -51.6275 		-0.9525 		8.47
v -52.1325 		-3.3725 		8.91
v -52.1925 		-0.9525 		8.775
v -52.7825 		-3.3725 		9.105
v -52.8075 		-0.9525 		8.96
v -53.4525 		2.3025 		8.52
v -53.9875 		2.3025 		8.47
v -54.5075 		2.3025 		8.31
v -54.9875 		2.3025 		8.055
v -55.4125 		2.3025 		7.71
v -55.7575 		2.3025 		7.29
v -56.0125 		2.3025 		6.81
v -56.1675 		2.3025 		6.29
v -56.2275 		2.3025 		5.745
v -56.1675 		2.3025 		5.205
v -56.0125 		2.3025 		4.685
v -55.7575 		2.3025 		4.205
v -55.4125 		2.3025 		3.785
v -54.9875 		2.3025 		3.44
v -54.5075 		2.3025 		3.185
v -53.9875 		2.3025 		3.025
v -53.4525 		2.3025 		2.97
v -52.9025 		2.3025 		3.025
v -52.3825 		2.3025 		3.185
v -51.9075 		2.3025 		3.44
v -51.4875 		2.3025 		3.785
v -51.1425 		2.3025 		4.205
v -50.8825 		2.3025 		4.685
v -50.7225 		2.3025 		5.205
v -50.7225 		2.3025 		6.29
v -50.8825 		2.3025 		6.81
v -51.1425 		2.3025 		7.29
v -51.4875 		2.3025 		7.71
v -51.9075 		2.3025 		8.055
v -52.3825 		2.3025 		8.31
v -52.9025 		2.3025 		8.47
v -52.8325 		3.5525 		7.78
v -52.1575 		-0.2375 		7.68
v -51.3175 		3.5525 		5.745
v -51.1225 		-0.2375 		5.745
v -54.7425 		-0.2375 		7.68
v -54.3425 		-0.2375 		7.895
v -55.56 		3.5525 		5.9525
v -55.7775 		-0.2375 		5.745
v -51.4725 		3.5525 		4.93
v -51.2325 		-0.2375 		5.0725
v -55.485 		-0.2375 		4.655
v -55.2225 		3.5525 		4.56
v -53.4425 		-0.2375 		3.42
v -53.4425 		3.5525 		3.615
v -52.9975 		-0.2375 		8.03
v -51.415 		3.5525 		6.3625
v -51.2325 		-0.2375 		6.4175
v -54.6325 		3.5525 		7.52
v -55.0925 		-0.2375 		7.39
v -55.0875 		3.5525 		7.0925
v -55.7325 		-0.2375 		5.29
v -55.4825 		3.5525 		5.13
v -52.6325 		3.5525 		3.775
v -52.1575 		-0.2375 		3.81
v -52.2625 		3.5525 		3.97
v -53.8675 		3.5525 		7.84
v -53.6725 		-0.2375 		8.0525
v -54.7925 		3.5525 		4.105
v -51.5125 		-0.2375 		7.04
v -51.6725 		3.5525 		6.93
v -51.805 		3.5525 		4.4
v -54.7425 		-0.2375 		3.81
v -52.1 		3.5525 		7.3875
v -55.4225 		3.5525 		6.565
v -54.2675 		3.5525 		3.775
v -54.3425 		-0.2375 		3.595
v -55.5925 		-0.2375 		6.635
v -51.655 		-0.2375 		4.2775
v -55.565 		-0.2375 		5.9525
v -54.9625 		-0.2375 		4.235
v -51.5725 		-0.2375 		6.75
v -55.325 		-0.2375 		6.75
v -53.655 		-0.2375 		3.6275
v -52.6325 		-0.2375 		7.725
v -54.45 		-0.2375 		3.8675
v -51.3475 		-0.2375 		5.33
v -53.8675 		-0.2375 		7.845
v -51.5725 		-0.2375 		4.745
v -53.0325 		-0.2375 		3.65
v -53.4425 		-0.2375 		7.885
v -55.4275 		-0.2375 		4.93
v -52.0975 		-0.2375 		7.3925
v -51.3475 		-0.2375 		6.16
v -52.6325 		-0.2375 		3.77
v -54.9625 		-0.2375 		7.26
v -54.45 		-0.2375 		7.625
v -51.9325 		-0.2375 		4.235
v -52.1375 		6.0175 		7.055
v -51.9125 		6.0175 		6.775
v -54.9875 		6.0175 		6.775
v -52.1375 		6.0175 		4.44
v -54.1525 		6.0175 		4.035
v -52.4175 		6.0175 		7.285
v -55.2625 		6.0175 		6.105
v -54.87 		6.0175 		4.58
v -51.7425 		6.0175 		5.04
v -54.7525 		6.0175 		7.055
v -52.5775 		6.0175 		4.1225
v -55.2975 		6.0175 		5.745
v -54.4725 		6.0175 		4.21
v -53.8075 		6.0175 		3.93
v -52.9125 		6.0175 		7.5075
v -51.61 		6.0175 		5.565
v -53.98 		6.0175 		7.5075
v -53.265 		6.0175 		3.9125
v -53.4425 		6.0175 		7.595
v -55.2075 		6.0175 		5.2125
v -51.6275 		6.0175 		6.105
v -54.4725 		6.0175 		7.285
v -52.36 		8.7825 		5.1675
v -52.665 		8.7825 		4.7975
v -53.4425 		8.7825 		6.98
v -53.6925 		8.7825 		4.535
v -53.2075 		8.7825 		6.955
v -54.6825 		8.7825 		5.745
v -52.2175 		8.7825 		5.745
v -54.6575 		8.7825 		5.985
v -54.5875 		8.7825 		5.275
v -52.9725 		8.7825 		4.605
v -53.325 		8.7825 		4.5225
v -53.9175 		8.7825 		6.885
v -52.27 		8.7825 		6.1025
v -54.2275 		8.7825 		6.6975
v -54.3175 		8.7825 		4.875
v -52.4175 		8.7825 		6.43
v -52.7575 		8.7825 		6.775
v -54.1375 		8.7825 		4.72
v -54.4725 		8.7825 		6.43
v -52.6875 		8.7825 		4.985
v -54.1275 		8.7825 		4.92
v -52.6225 		8.7825 		6.425
v -52.3925 		8.7825 		5.535
v -52.505 		8.7825 		5.2425
v -53.6575 		8.7825 		6.8
v -53.3425 		8.7825 		6.81
v -54.39 		8.7825 		6.25
v -52.9425 		8.7825 		6.69
v -54.51 		8.7825 		5.64
v -54.5025 		8.7825 		5.955
v -53.3425 		8.7825 		4.6825
v -53.7575 		8.7825 		4.725
v -52.3825 		8.7825 		5.85
v -54.0475 		8.7825 		6.64
v -54.39 		8.7825 		5.2425
v -52.4525 		8.7825 		6.155
v -54.2075 		8.7825 		6.505
v -52.9425 		8.7825 		4.805
v -52.3925 		7.5975 		5.955
v -52.3825 		7.5975 		5.64
v -53.9525 		7.5975 		6.69
v -54.2075 		7.5975 		4.985
v -54.275 		7.5975 		6.425
v -54.4375 		7.5975 		5.335
v -52.4525 		7.5975 		6.155
v -52.6225 		7.5975 		5.0675
v -54.5025 		7.5975 		5.955
v -52.4525 		7.5975 		5.335
v -53.4425 		7.5975 		4.67
v -53.8575 		7.5975 		4.755
v -52.77 		7.5975 		6.5725
v -53.2425 		7.5975 		6.8
v -53.0325 		7.5975 		6.74
v -53.0325 		7.5975 		4.755
v -53.6575 		7.5975 		6.8
v -52.5125 		7.5975 		5.8375
v -54.045 		7.5975 		6.4725
v -52.5475 		7.5975 		5.4725
v -53.72 		7.5975 		6.6475
v -53.355 		7.5975 		4.81
v -54.3475 		7.5975 		5.4725
v -52.6175 		7.5975 		6.19
v -52.7225 		7.5975 		5.15
v -53.89 		7.5975 		4.9175
v -53.005 		7.5975 		4.9175
v -52.8525 		7.5975 		6.4725
v -54.175 		7.5975 		5.15
v -54.3875 		7.5975 		5.8375
v -53.355 		7.5975 		6.6825
v -54.275 		7.5975 		6.19
v -53.4425 		12.1825 		5.745
v -55.4275 		2.2975 		7.07
v -55.1325 		2.2975 		7.43
v -53.9175 		2.2975 		3.41
v -51.1175 		2.2975 		6.21
v -55.7875 		2.2975 		6.21
v -51.4725 		2.2975 		7.07
v -52.9825 		2.2975 		3.41
v -55.7875 		2.2975 		5.28
v -52.5375 		2.2975 		7.945
v -52.1225 		2.2975 		7.725
v -52.1225 		2.2975 		3.765
v -55.4275 		2.2975 		4.425
v -52.9825 		2.2975 		8.08
v -51.4725 		2.2975 		4.425
v -54.3625 		2.2975 		7.945
v -53.9175 		2.2975 		8.08
v -54.7675 		2.2975 		3.765
v -55.1325 		2.2975 		4.065
v -51.1175 		2.2975 		5.28
v -51.2525 		2.2975 		4.835
v -56.0375 		-0.2475 		6.26
v -55.8875 		-0.2475 		6.755
v -51.9825 		-0.2475 		7.94
v -51.5825 		-0.2475 		7.615
v -52.4425 		-0.2475 		3.31
v -52.9375 		-0.2475 		3.155
v -56.0375 		-0.2475 		5.23
v -56.0875 		-0.2475 		5.745
v -52.9375 		-0.2475 		8.335
v -52.4425 		-0.2475 		8.185
v -51.5825 		-0.2475 		3.88
v -51.9825 		-0.2475 		3.55
v -55.6475 		-0.2475 		4.28
v -51.0125 		-0.2475 		4.735
v -51.2525 		-0.2475 		4.28
v -54.4575 		-0.2475 		8.185
v -53.9625 		-0.2475 		8.335
v -54.9175 		-0.2475 		3.55
v -55.3175 		-0.2475 		3.88
v -50.8625 		-0.2475 		5.23
v -55.3175 		-0.2475 		7.615
v -54.9175 		-0.2475 		7.94
v -53.9625 		-0.2475 		3.155
v -54.4575 		-0.2475 		3.31
v -51.0125 		-0.2475 		6.755
v -50.8625 		-0.2475 		6.26
v -55.6475 		-0.2475 		7.215
v -51.2525 		-0.2475 		7.215
v -51.39 		-0.2575 		5.5425
v -52.33 		-6.2025 		7.845
v -51.94 		-6.2025 		3.9075
v -55.815 		-6.2025 		5.9775
v -51.61 		-6.2025 		7.255
v -53.4425 		-6.2025 		3.36
v -52.76 		-6.2025 		3.4725
v -55.4375 		-6.2025 		7.075
v -51.2375 		-6.2025 		6.66
v -54.7775 		-6.2025 		7.735
v -51.085 		-6.2025 		5.5125
v -54.955 		-6.2025 		3.9075
v -51.2375 		-6.2025 		4.83
v -55.4375 		-6.2025 		4.42
v -53.2125 		-6.2025 		8.1125
v -55.7925 		-6.2025 		5.28
v -52.5375 		-3.4925 		7.955
v -52.5375 		-3.4925 		3.54
v -55.7925 		-3.4925 		6.21
v -55.815 		-3.4925 		5.5125
v -51.7575 		-3.4925 		7.435
v -53.4425 		-3.4925 		3.36
v -55.4375 		-3.4925 		7.075
v -55.6525 		-3.4925 		6.66
v -51.2375 		-3.4925 		6.66
v -54.7775 		-3.4925 		7.735
v -55.1325 		-3.4925 		7.435
v -54.3625 		-3.4925 		3.54
v -51.0625 		-3.4925 		5.745
v -53.9175 		-3.4925 		8.09
v -54.7775 		-3.4925 		3.76
v -51.2375 		-3.4925 		4.83
v -55.6525 		-3.4925 		4.83
v -55.4375 		-3.4925 		4.42
v -51.7575 		-3.4925 		4.055
v -53.4425 		-3.4925 		8.135
v -52.0875 		13.4125 		10.49
v -52.0875 		15.8075 		10.235
v -52.0875 		15.8075 		11.065
v -52.0875 		13.4125 		8.47
v -54.9875 		15.8075 		10.235
v -54.9875 		15.8075 		11.065
v -54.9875 		5.0425 		10.35
v -54.3025 		-2.4917 		8.035
v -54.3025 		-4.1475 		8.2
v -54.9875 		5.0425 		7.025
v -52.7825 		-2.4917 		8.035
v -52.7825 		-4.1475 		8.2
v -54.9875 		13.4125 		8.47
v -54.9875 		13.4125 		10.49
v -52.0875 		5.0425 		7.025
v -52.0875 		5.0425 		10.35
v -54.9875 		11.0675 		10.67
v -54.9875 		11.0675 		8.195
v -52.0875 		11.0675 		8.195
v -52.0875 		11.0675 		10.67
v -28.6975 		-16.5375 		5.095
v -29.2225 		-16.5375 		5.425
v -28.2725 		-16.5375 		4.64
v -28.0725 		-16.5375 		4.27
v -28.01 		-16.5375 		2.835
v -28.405 		-16.5375 		2.1075
v -30.4625 		-16.5375 		5.545
v -31.045 		-16.5375 		5.3275
v -28.8575 		-16.5375 		1.68
v -30.0425 		-16.5375 		1.32
v -31.2275 		-16.5375 		1.68
v -27.93 		-16.5375 		3.6625
v -30.4625 		-16.5375 		1.36
v -32.0175 		-16.5375 		4.27
v -31.5525 		-16.5375 		1.945
v -31.685 		-16.5375 		4.8
v -27.99 		-20.3525 		3.6575
v -32.1575 		-16.5375 		3.6625
v -32.1375 		-16.5375 		3.035
v -29.6225 		-16.5375 		1.36
v -32.0175 		-16.5375 		2.635
v -28.2125 		-20.3425 		2.475
v -81.2275 		36.7875 		16.335
v -80.8625 		35.6675 		16.335
v -81.2475 		34.6425 		16.335
v -80.8275 		34.9575 		16.335
v -81.3275 		34.8475 		16.335
v -70.6525 		30.8825 		11.885
v -70.6525 		30.9925 		12.305
v -70.6525 		30.9225 		12.54
v -0.6275 		78.0625 		21.94
v -1.3175 		72.9475 		21.875
v -81.4175 		34.6525 		16.335
v -81.4675 		34.5225 		16.335
v -81.2475 		35.6675 		16.335
v -0.9175 		74.0125 		29.21
v -0.5325 		81.0275 		29.17
v -81.2975 		38.4875 		16.335
v -81.3625 		38.8075 		16.335
v -81.4325 		34.5275 		16.335
v -81.4225 		38.7475 		16.335
v -80.9875 		36.7875 		16.335
v -32.3275 		9.1325 		9.32
v -32.3275 		9.0675 		8.99
v -32.3275 		8.9875 		9.725
v -32.3275 		8.9175 		8.74
v -27.9775 		7.7475 		8.71
v -27.9775 		7.8275 		9.04
v -27.9775 		7.5675 		8.41
v -51.9825 		20.1425 		11.175
v -51.9825 		20.0875 		10.23
v -51.9825 		20.2475 		10.815
v -53.5725 		17.8275 		10.21
v -53.5725 		21.3125 		10.885
v -53.5625 		21.2075 		11.21
v -81.4225 		38.7925 		16.335
v -81.4375 		38.8225 		16.335
v -27.9775 		7.6475 		9.38
v -51.9825 		17.2025 		11.405
v -51.9825 		16.7475 		10.075
v -53.5625 		13.7175 		9.995
v -53.5725 		21.1675 		10.345
v -0.9025 		74.4125 		29.525
v -0.5275 		81.2725 		29.49
v -10.8175 		2.5425 		7.24
v -10.6375 		2.4175 		6.755
v -10.8975 		2.2525 		7.64
v -10.4825 		2.1175 		6.19
v -1.3325 		73.0675 		21.675
v -0.6225 		78.3025 		21.745
v -30.0425 		-25.9025 		6.91
v -30.6675 		-26.2975 		6.585
v -30.0425 		-26.2975 		6.645
v -30.7125 		-25.9025 		6.84
v -31.2675 		-26.2975 		6.4
v -31.3625 		-25.9025 		6.645
v -31.8175 		-26.2975 		6.105
v -31.9575 		-25.9025 		6.325
v -32.3025 		-26.2975 		5.71
v -32.4825 		-25.9025 		5.895
v -32.6975 		-26.2975 		5.225
v -32.9125 		-25.9025 		5.375
v -32.9925 		-26.2975 		4.675
v -33.2325 		-25.9025 		4.775
v -33.1675 		-26.2975 		4.075
v -33.4325 		-25.9025 		4.13
v -33.2325 		-26.2975 		3.455
v -33.4975 		-25.9025 		3.455
v -33.4325 		-25.9025 		2.78
v -32.9925 		-26.2975 		2.23
v -33.2325 		-25.9025 		2.13
v -32.6975 		-26.2975 		1.68
v -32.9125 		-25.9025 		1.535
v -32.3025 		-26.2975 		1.195
v -32.4825 		-25.9025 		1.01
v -31.8175 		-26.2975 		0.8
v -31.9575 		-25.9025 		0.58
v -31.2675 		-26.2975 		0.505
v -31.3625 		-25.9025 		0.26
v -30.6675 		-26.2975 		0.325
v -30.7125 		-25.9025 		0.065
v -30.0425 		-26.2975 		0.26
v -30.0425 		-25.9025 		0
v -29.4225 		-26.2975 		0.325
v -29.3625 		-25.9025 		0.065
v -28.8225 		-26.2975 		0.505
v -28.7225 		-25.9025 		0.26
v -28.2725 		-26.2975 		0.8
v -28.1175 		-25.9025 		0.58
v -27.7825 		-26.2975 		1.195
v -27.6025 		-25.9025 		1.01
v -27.3875 		-26.2975 		1.68
v -27.1725 		-25.9025 		1.535
v -27.0925 		-26.2975 		2.23
v -26.8525 		-25.9025 		2.13
v -26.9125 		-26.2975 		2.83
v -26.6525 		-25.9025 		2.78
v -26.8525 		-26.2975 		3.455
v -26.9125 		-26.2975 		4.075
v -26.6525 		-25.9025 		4.13
v -27.0925 		-26.2975 		4.675
v -26.8525 		-25.9025 		4.775
v -27.3875 		-26.2975 		5.225
v -27.1725 		-25.9025 		5.375
v -27.7825 		-26.2975 		5.71
v -27.6025 		-25.9025 		5.895
v -28.2725 		-26.2975 		6.105
v -28.1175 		-25.9025 		6.325
v -28.8225 		-26.2975 		6.4
v -28.7225 		-25.9025 		6.645
v -29.4225 		-26.2975 		6.585
v -29.3625 		-25.9025 		6.84
v -30.0425 		-21.0425 		6.73
v -30.7075 		-23.4725 		6.815
v -30.0425 		-23.4725 		6.88
v -30.6775 		-21.0425 		6.665
v -31.3525 		-23.4725 		6.62
v -31.2975 		-21.0425 		6.48
v -31.9475 		-23.4725 		6.3
v -31.8575 		-21.0425 		6.175
v -32.4675 		-23.4725 		5.875
v -32.3525 		-21.0425 		5.77
v -32.8925 		-23.4725 		5.355
v -32.7675 		-21.0425 		5.275
v -33.2025 		-23.4725 		4.765
v -33.0675 		-21.0425 		4.705
v -33.3975 		-23.4725 		4.12
v -33.2575 		-21.0425 		4.095
v -33.4625 		-23.4725 		3.455
v -33.3125 		-21.0425 		3.455
v -33.3975 		-23.4725 		2.785
v -33.2575 		-21.0425 		2.815
v -33.2025 		-23.4725 		2.145
v -33.0675 		-21.0425 		2.2
v -32.8925 		-23.4725 		1.55
v -32.7675 		-21.0425 		1.635
v -32.4675 		-23.4725 		1.03
v -32.3525 		-21.0425 		1.14
v -31.9475 		-23.4725 		0.605
v -31.8575 		-21.0425 		0.73
v -31.3525 		-23.4725 		0.29
v -31.2975 		-21.0425 		0.425
v -30.7075 		-23.4725 		0.095
v -30.6775 		-21.0425 		0.24
v -30.0425 		-23.4725 		0.03
v -30.0425 		-21.0425 		0.18
v -29.3775 		-23.4725 		0.095
v -29.3975 		-21.0425 		0.24
v -28.7325 		-23.4725 		0.29
v -28.7925 		-21.0425 		0.425
v -28.1425 		-23.4725 		0.605
v -28.2175 		-21.0425 		0.73
v -27.6175 		-23.4725 		1.03
v -27.7225 		-21.0425 		1.14
v -27.1925 		-23.4725 		1.55
v -27.3175 		-21.0425 		1.635
v -26.8825 		-23.4725 		2.145
v -27.0175 		-21.0425 		2.2
v -26.6875 		-23.4725 		2.785
v -26.8275 		-21.0425 		2.815
v -26.6875 		-23.4725 		4.12
v -26.8275 		-21.0425 		4.095
v -26.8825 		-23.4725 		4.765
v -27.0175 		-21.0425 		4.705
v -27.1925 		-23.4725 		5.355
v -27.3175 		-21.0425 		5.275
v -27.6175 		-23.4725 		5.875
v -27.7225 		-21.0425 		5.77
v -28.1425 		-23.4725 		6.3
v -28.2175 		-21.0425 		6.175
v -28.7325 		-23.4725 		6.62
v -28.7925 		-21.0425 		6.48
v -29.3775 		-23.4725 		6.815
v -29.3975 		-21.0425 		6.665
v -30.0425 		-17.7925 		6.23
v -30.5825 		-17.7925 		6.175
v -31.1025 		-17.7925 		6.015
v -31.5875 		-17.7925 		5.76
v -32.0075 		-17.7925 		5.415
v -32.3475 		-17.7925 		4.995
v -32.6075 		-17.7925 		4.515
v -32.7675 		-17.7925 		3.995
v -32.7675 		-17.7925 		2.91
v -32.6075 		-17.7925 		2.39
v -32.3475 		-17.7925 		1.91
v -32.0075 		-17.7925 		1.49
v -31.5875 		-17.7925 		1.145
v -31.1025 		-17.7925 		0.89
v -30.5825 		-17.7925 		0.73
v -29.4975 		-17.7925 		0.73
v -28.9825 		-17.7925 		0.89
v -28.5025 		-17.7925 		1.145
v -28.0775 		-17.7925 		1.49
v -27.7375 		-17.7925 		1.91
v -27.4825 		-17.7925 		2.39
v -27.3175 		-17.7925 		2.91
v -27.3175 		-17.7925 		3.995
v -27.4825 		-17.7925 		4.515
v -27.7375 		-17.7925 		4.995
v -28.0775 		-17.7925 		5.415
v -28.5025 		-17.7925 		5.76
v -28.9825 		-17.7925 		6.015
v -29.4975 		-17.7925 		6.175
v -29.1525 		-20.3275 		5.605
v -28.575 		-20.3275 		5.245
v -27.7125 		-20.3275 		3.455
v -31.1325 		-20.3275 		5.4975
v -27.8225 		-20.3275 		2.7825
v -30.4975 		-20.3275 		5.735
v -32.1875 		-20.3275 		2.565
v -30.715 		-20.3275 		1.2375
v -29.5875 		-20.3275 		5.735
v -27.8875 		-20.3275 		4.345
v -32.3225 		-20.3275 		3
v -28.9525 		-20.3275 		1.4125
v -31.8325 		-20.3275 		1.985
v -31.9775 		-20.3275 		4.745
v -31.6875 		-20.3275 		5.1
v -28.3975 		-20.3275 		1.81
v -31.3325 		-20.3275 		1.52
v -29.5875 		-20.3275 		1.17
v -28.1075 		-20.3275 		2.16
v -32.255 		-20.3275 		4.1275
v -28.1075 		-20.3275 		4.745
v -32.3725 		-20.3275 		3.455
v -31.2275 		-20.3275 		1.675
v -31.5575 		-20.3275 		1.94
v -28.5325 		-20.3275 		4.965
v -27.9425 		-20.3275 		3.035
v -29.8325 		-20.3275 		5.5725
v -28.2675 		-20.3275 		2.265
v -30.2525 		-20.3275 		1.335
v -32.1425 		-20.3275 		3.035
v -32.1625 		-20.3275 		3.6625
v -30.8625 		-20.3275 		1.475
v -30.6625 		-20.3275 		5.49
v -31.92 		-20.3275 		4.455
v -29.04 		-20.3275 		5.3325
v -29.4225 		-20.3275 		1.415
v -31.92 		-20.3275 		2.45
v -28.0675 		-20.3275 		4.27
v -28.8575 		-20.3275 		1.675
v -27.9425 		-20.3275 		3.87
v -31.3925 		-20.3275 		5.1
v -28.6175 		-14.0775 		4.62
v -31.7525 		-14.0775 		4.16
v -31.5825 		-14.0775 		4.48
v -28.28 		-14.0775 		3.9875
v -31.21 		-14.0775 		4.875
v -29.5075 		-14.0775 		1.6925
v -31.0675 		-14.0775 		1.915
v -28.4175 		-14.0775 		2.585
v -30.5775 		-14.0775 		1.6925
v -29.3325 		-14.0775 		5.165
v -31.8725 		-14.0775 		3.635
v -30.4075 		-14.0775 		5.27
v -29.8625 		-14.0775 		5.2875
v -28.875 		-14.0775 		2.03
v -30.0425 		-14.0775 		1.6
v -28.21 		-14.0775 		3.275
v -30.7475 		-14.0775 		5.165
v -31.8025 		-14.0775 		2.92
v -31.5825 		-14.0775 		2.425
v -28.8975 		-11.3125 		2.98
v -29.1675 		-11.3125 		4.325
v -29.8025 		-11.3125 		4.665
v -29.1675 		-11.3125 		2.58
v -29.5725 		-11.3125 		4.595
v -30.5125 		-11.3125 		2.315
v -30.8225 		-11.3125 		2.5025
v -30.2825 		-11.3125 		4.665
v -30.0425 		-11.3125 		2.22
v -31.2525 		-11.3125 		3.215
v -31.2625 		-11.3125 		3.575
v -29.8025 		-11.3125 		2.245
v -28.8275 		-11.3125 		3.695
v -30.6225 		-11.3125 		4.5375
v -31.0675 		-11.3125 		2.77
v -30.9125 		-11.3125 		4.325
v -29.3575 		-11.3125 		2.425
v -31.0675 		-11.3125 		4.14
v -28.8975 		-11.3125 		3.925
v -30.8675 		-11.3125 		4.1325
v -29.2825 		-11.3125 		2.695
v -29.5375 		-11.3125 		2.51
v -29.365 		-11.3125 		4.28
v -31.1075 		-11.3125 		3.56
v -30.6425 		-11.3125 		2.56
v -30.145 		-11.3125 		4.5175
v -31.0375 		-11.3125 		3.865
v -30.145 		-11.3125 		2.39
v -29.7275 		-11.3125 		4.475
v -28.9925 		-11.3125 		3.245
v -30.4525 		-11.3125 		4.445
v -29.8275 		-11.3125 		2.4
v -30.4525 		-11.3125 		2.46
v -31.0675 		-11.3125 		3.145
v -28.9775 		-11.3125 		3.56
v -30.6425 		-11.3125 		4.345
v -29.1025 		-11.3125 		2.95
v -30.8675 		-11.3125 		2.775
v -29.1025 		-11.3125 		3.9575
v -28.9925 		-12.4975 		3.665
v -28.9775 		-12.4975 		3.35
v -30.4525 		-12.4975 		4.445
v -29.7275 		-12.4975 		2.43
v -29.2825 		-12.4975 		4.215
v -30.9325 		-12.4975 		2.855
v -29.2175 		-12.4975 		2.775
v -30.7225 		-12.4975 		4.28
v -30.6425 		-12.4975 		2.56
v -31.0675 		-12.4975 		3.765
v -29.0525 		-12.4975 		3.045
v -30.35 		-12.4975 		2.43
v -31.1175 		-12.4975 		3.455
v -30.0425 		-12.4975 		4.53
v -30.0425 		-12.4975 		2.38
v -31.0975 		-12.4975 		3.245
v -29.8525 		-12.4975 		4.38
v -29.6 		-12.4975 		4.2825
v -29.1425 		-12.4975 		3.7275
v -30.98 		-12.4975 		3.3625
v -30.5675 		-12.4975 		4.24
v -29.105 		-12.4975 		3.3625
v -30.2225 		-12.4975 		4.38
v -30.8725 		-12.4975 		3.01
v -30.8325 		-12.4975 		3.98
v -29.4475 		-12.4975 		2.725
v -30.6375 		-12.4975 		2.725
v -29.7675 		-12.4975 		2.5525
v -29.3175 		-12.4975 		4.05
v -30.94 		-12.4975 		3.7275
v -29.2125 		-12.4975 		3.01
v -30.1325 		-12.4975 		2.5175
v -30.0425 		-7.9125 		3.455
v -32.0225 		-17.7925 		4.775
v -30.9575 		-17.7925 		1.255
v -27.8425 		-17.7925 		4.365
v -27.7125 		-17.7925 		3.92
v -32.3825 		-17.7925 		3.92
v -32.2475 		-17.7925 		4.365
v -28.3625 		-17.7925 		5.135
v -30.0475 		-17.7925 		1.075
v -32.3825 		-17.7925 		2.99
v -28.7225 		-17.7925 		5.435
v -28.7225 		-17.7925 		1.475
v -29.1325 		-17.7925 		1.255
v -29.5825 		-17.7925 		5.79
v -28.3625 		-17.7925 		1.77
v -30.9575 		-17.7925 		5.655
v -30.5075 		-17.7925 		5.79
v -31.8725 		-17.7925 		1.95
v -27.7125 		-17.7925 		2.99
v -31.3625 		-17.7925 		5.435
v -32.6325 		-20.3425 		3.97
v -32.4775 		-20.3425 		4.465
v -28.5725 		-20.3425 		5.65
v -28.1725 		-20.3425 		5.32
v -29.0325 		-20.3425 		1.015
v -32.6325 		-20.3425 		2.94
v -32.6825 		-20.3425 		3.455
v -29.5275 		-20.3425 		6.045
v -28.1725 		-20.3425 		1.585
v -28.5725 		-20.3425 		1.26
v -32.2425 		-20.3425 		1.985
v -27.8475 		-20.3425 		1.985
v -31.0575 		-20.3425 		5.89
v -30.5625 		-20.3425 		6.045
v -31.5125 		-20.3425 		1.26
v -31.9125 		-20.3425 		1.585
v -27.4525 		-20.3425 		2.94
v -31.9125 		-20.3425 		5.32
v -31.5125 		-20.3425 		5.65
v -30.5625 		-20.3425 		0.865
v -31.0575 		-20.3425 		1.015
v -27.6075 		-20.3425 		4.465
v -27.4525 		-20.3425 		3.97
v -32.2425 		-20.3425 		4.92
v -27.8475 		-20.3425 		4.92
v -30.0475 		-20.3425 		0.81
v -30.0475 		-20.3425 		6.095
v -28.9225 		-26.2975 		1.355
v -32.4075 		-26.2975 		3.6875
v -28.0525 		-26.2975 		4.78
v -28.5375 		-26.2975 		5.2925
v -29.81 		-26.2975 		1.0875
v -32.1375 		-26.2975 		4.575
v -31.5475 		-26.2975 		5.2925
v -30.7325 		-26.2975 		1.1775
v -27.6525 		-26.2975 		3.455
v -30.7325 		-26.2975 		5.725
v -31.5475 		-26.2975 		1.615
v -28.0525 		-26.2975 		2.125
v -32.1375 		-26.2975 		2.3325
v -32.3825 		-26.2975 		2.99
v -30.0425 		-26.2975 		5.84
v -28.7175 		-23.5925 		5.44
v -29.1275 		-23.5925 		5.66
v -28.7175 		-23.5925 		1.465
v -32.3825 		-23.5925 		3.92
v -32.4075 		-23.5925 		3.2225
v -28.0525 		-23.5925 		4.78
v -29.5775 		-23.5925 		1.11
v -32.2475 		-23.5925 		4.37
v -27.7025 		-23.5925 		3.92
v -31.7275 		-23.5925 		5.145
v -30.5075 		-23.5925 		1.11
v -27.6525 		-23.5925 		3.455
v -30.9575 		-23.5925 		5.66
v -31.3675 		-23.5925 		1.465
v -28.0525 		-23.5925 		2.125
v -27.8375 		-23.5925 		2.54
v -32.2475 		-23.5925 		2.54
v -32.0275 		-23.5925 		2.125
v -30.0425 		-23.5925 		5.84
v -28.6875 		-6.6775 		8.195
v -28.6875 		3.1925 		7.84
v -28.6875 		3.1925 		9.53
v -28.6875 		-6.6775 		5.495
v -31.5875 		3.1925 		7.84
v -31.5875 		3.1925 		9.53
v -31.5875 		-15.0475 		8.285
v -30.9025 		-23.3298 		5.78
v -30.9025 		-24.2525 		5.905
v -31.5875 		-15.0475 		4.73
v -29.3775 		-24.2525 		5.905
v -31.5875 		-6.6775 		5.495
v -31.5875 		-6.6775 		8.195
v -28.6875 		-15.0475 		4.73
v -28.6875 		-15.0475 		8.285
v -31.5875 		-9.0275 		8.375
v -31.5875 		-9.0275 		5.36
v -28.6875 		-9.0275 		5.36
v -28.6875 		-9.0275 		8.375
v -0.2925 		87.0975 		43.71
v -0.6275 		78.7225 		23.555
v -1.2625 		70.5925 		23.675
v -11.2375 		76.0525 		17.08
v -23.0125 		83.9425 		18.245
v -10.3625 		80.4475 		17.605
v -23.0375 		82.2125 		18.04
v -10.3425 		80.4875 		18.05
v -22.9875 		84.1375 		18.755
v -10.2825 		80.5225 		18.56
v -23.0075 		84.0475 		18.495
v -23.0225 		82.4375 		18.7
v -11.2425 		76.1225 		18.4
v -3.0625 		72.0775 		16.45
v -10.1175 		80.3625 		17.59
v -1.9775 		78.1075 		17.175
v -10.9775 		76.0425 		17.07
v -10.0425 		80.4375 		18.53
v -1.8675 		78.1075 		18.405
v -10.9825 		76.1025 		18.375
v -3.0725 		72.0325 		18.18
v -0.2525 		82.4525 		16.8
v -0.4275 		83.2875 		18.16
v -0.6225 		82.4525 		17.355
v -0.6475 		83.2875 		18.45
v -0.74 		83.2875 		18.7225
v -0.77 		83.2875 		19.125
v -0.84 		82.4525 		19.6025
v -0.6475 		83.2875 		19.6
v -0.5475 		83.2875 		19.755
v -0.6225 		82.4525 		20.55
v -0.4275 		83.2875 		19.885
v -0.4875 		82.4525 		20.83
v -0.2525 		82.4525 		21.1025
v -1.6275 		29.5775 		3.935
v -1.6275 		6.9075 		2.735
v -3.1975 		29.5775 		4.435
v -4.6275 		12.3225 		4.27
v -4.6425 		29.5775 		5.25
v -5.2925 		13.4325 		5.09
v -5.9125 		29.5775 		6.345
v -6.1225 		13.9175 		6.195
v -6.9525 		29.5775 		7.68
v -6.9525 		12.8325 		7.545
v -7.7225 		29.5775 		9.205
v -7.7225 		9.2425 		9.08
v -8.1975 		29.5775 		10.855
v -8.1975 		9.2425 		10.745
v -8.3125 		22.5875 		12.005
v -8.3025 		22.4325 		11.93
v -8.3125 		23.1325 		12.005
v -8.3325 		22.6475 		12.26
v -8.3575 		23.0775 		12.54
v -8.3625 		23.0775 		12.54
v -8.3325 		23.9725 		12.26
v -8.3575 		24.5125 		12.54
v -8.3625 		24.5125 		12.545
v -8.3575 		25.8625 		12.54
v -8.3625 		26.7625 		12.555
v -8.3575 		27.1875 		12.56
v -8.3625 		28.0875 		12.565
v -8.3625 		28.5675 		12.565
v -8.3525 		28.5675 		12.48
v -8.3475 		28.0875 		12.435
v -8.3625 		29.5775 		12.57
v -8.3575 		29.4675 		12.565
v -8.3625 		29.4675 		12.57
v -8.3325 		29.4625 		12.265
v -8.3075 		16.9675 		11.92
v -8.3025 		18.0875 		11.92
v -8.3075 		16.7775 		11.92
v -8.3025 		18.0575 		11.92
v -8.3075 		16.9825 		11.925
v -8.3075 		17.8625 		11.925
v -8.3025 		19.4925 		11.92
v -8.3025 		18.3125 		11.92
v -8.3125 		17.1375 		12
v -8.3075 		16.5175 		11.925
v -8.3025 		19.2375 		11.925
v -8.3125 		19.0675 		12.005
v -8.3025 		20.885 		11.92
v -8.3025 		19.6875 		11.92
v -8.3325 		19.0275 		12.205
v -8.3075 		18.3225 		11.925
v -8.3025 		21.0925 		11.92
v -8.3025 		20.8425 		11.92
v -8.3125 		16.3525 		12.005
v -8.3125 		21.8025 		12.005
v -8.3025 		20.6475 		11.925
v -8.3325 		21.7575 		12.21
v -8.3025 		21.1075 		11.925
v -8.3125 		18.4775 		12
v -8.3125 		20.4775 		12.005
v -8.3325 		18.5425 		12.245
v -8.3075 		10.18 		11.9225
v -8.3125 		17.6925 		12.005
v -8.3075 		9.7225 		11.925
v -8.3375 		10.4025 		12.245
v -8.3175 		10.3425 		12
v -8.3325 		10.3825 		12.18
v -8.3325 		20.4275 		12.21
v -8.3025 		19.6975 		11.925
v -8.3125 		19.8575 		12
v -8.3125 		21.2625 		12
v -8.3025 		21.9525 		11.9325
v -8.3375 		17.1975 		12.245
v -8.3175 		9.5575 		12.005
v -8.3325 		21.3225 		12.245
v -8.3175 		21.2775 		12.08
v -8.3325 		19.9175 		12.245
v -8.3225 		17.1625 		12.115
v -8.3575 		16.3025 		12.5437
v -8.3375 		18.5425 		12.255
v -8.3375 		19.9175 		12.255
v -8.3625 		9.2425 		12.475
v -8.3625 		20.4175 		12.525
v -8.3625 		19.0125 		12.52
v -8.3562 		17.6475 		12.5525
v -8.3625 		21.7525 		12.54
v -8.3025 		26.2775 		11.92
v -8.3025 		25.1825 		11.92
v -8.3025 		26.0825 		11.925
v -8.3025 		26.5275 		11.92
v -8.3025 		26.5375 		11.925
v -8.3025 		27.6525 		11.92
v -8.3075 		25.9125 		12.005
v -8.2975 		29.0325 		11.92
v -8.2975 		29.24 		11.9225
v -8.3075 		29.4025 		12.005
v -8.3275 		29.4625 		12.245
v -8.3025 		24.7275 		11.925
v -8.3025 		23.7425 		11.92
v -8.3025 		27.6125 		11.92
v -8.3025 		27.3975 		11.9325
v -8.3025 		27.8575 		11.92
v -8.3075 		27.2425 		12.005
v -8.2975 		28.9925 		11.92
v -8.3025 		28.7925 		11.925
v -8.3362 		27.1887 		12.2925
v -8.3075 		26.6975 		12.005
v -8.3025 		23.3025 		11.925
v -8.3025 		22.4175 		11.92
v -8.3075 		28.6225 		12.005
v -8.3075 		25.3475 		12.005
v -8.3075 		28.0225 		12.005
v -8.3325 		28.0825 		12.245
v -8.3075 		28.0325 		12.02
v -8.3075 		23.9125 		12.005
v -8.3075 		24.5575 		12.005
v -8.3325 		28.0825 		12.265
v -8.3525 		9.5025 		12.55
v -8.3525 		10.4025 		12.5725
v -8.1975 		9.2425 		14.21
v -8.2975 		10.3575 		13.145
v -8.2925 		16.7437 		13.2338
v -8.2925 		10.1875 		13.23
v -8.2925 		9.9488 		13.2338
v -8.2925 		9.7425 		13.235
v -8.2975 		9.5725 		13.15
v -8.2925 		16.9825 		13.23
v -8.1975 		29.5775 		14.29
v -8.295 		16.505 		13.215
v -8.3525 		9.5025 		12.585
v -8.3275 		9.5075 		12.83
v -8.3025 		16.3675 		13.15
v -8.2975 		17.0925 		13.175
v -8.2975 		23.4725 		13.23
v -8.2925 		19.7025 		13.23
v -8.2975 		25.1925 		13.23
v -8.2925 		19.4175 		13.235
v -8.2925 		18.0425 		13.235
v -8.3025 		17.7175 		13.15
v -8.295 		20.625 		13.215
v -8.3025 		20.4875 		13.15
v -8.2975 		26.1025 		13.23
v -8.3225 		17.6475 		12.9
v -8.3025 		17.1525 		13.145
v -8.3025 		25.9325 		13.15
v -8.2975 		23.7625 		13.23
v -8.3275 		25.8725 		12.9
v -8.2925 		18.3325 		13.23
v -8.3025 		23.9325 		13.145
v -8.2975 		26.5425 		13.23
v -8.3275 		20.4275 		12.9
v -8.2975 		19.7475 		13.21
v -8.2975 		24.715 		13.215
v -8.3025 		24.5775 		13.15
v -8.3025 		18.4975 		13.145
v -8.3488 		23.9775 		12.6675
v -8.295 		21.96 		13.215
v -8.2925 		21.1075 		13.23
v -8.3025 		19.0875 		13.15
v -8.3075 		27.2575 		13.15
v -8.295 		22.245 		13.23
v -8.3488 		18.545 		12.6613
v -8.3275 		27.1925 		12.9
v -8.2975 		26.5925 		13.205
v -8.2975 		22.4325 		13.23
v -8.2975 		23.3125 		13.23
v -8.3375 		17.2025 		12.78
v -8.3025 		27.3575 		13.2
v -8.2975 		27.4225 		13.23
v -8.3325 		19.0275 		12.835
v -8.3025 		23.1425 		13.15
v -8.3025 		22.5975 		13.145
v -8.2975 		27.8775 		13.23
v -8.3025 		25.3575 		13.145
v -8.3225 		22.64 		12.9475
v -8.3475 		25.4125 		12.695
v -8.3075 		28.0425 		13.145
v -8.2975 		29.2575 		13.23
v -8.3025 		21.8225 		13.15
v -8.3 		28.77 		13.215
v -8.3025 		21.2725 		13.145
v -8.3075 		29.4225 		13.145
v -8.3075 		26.7175 		13.145
v -8.3025 		19.8675 		13.145
v -8.3275 		29.4775 		12.895
v -8.3375 		21.3275 		12.78
v -8.3075 		28.6325 		13.15
v -8.3375 		28.0975 		12.785
v -8.3275 		19.9225 		12.895
v -8.3275 		24.5175 		12.9
v -8.3488 		19.9175 		12.6625
v -8.3575 		20.4175 		12.54
v -8.3575 		23.0775 		12.59
v -8.3325 		23.0825 		12.835
v -8.3525 		25.8675 		12.645
v -8.3575 		28.5675 		12.57
v -8.3575 		21.7525 		12.54
v -8.3575 		19.0125 		12.54
v -8.3575 		28.0875 		12.565
v -8.3425 		29.4675 		12.785
v -7.7225 		29.5775 		15.94
v -6.9525 		29.5775 		17.465
v -5.9125 		29.5775 		18.8
v -4.6425 		29.5775 		19.895
v -3.1975 		29.5775 		20.71
v -1.6275 		29.5775 		21.215
v -1.3775 		45.8375 		8.015
v -2.7075 		45.8375 		8.405
v -3.9325 		45.8375 		9.035
v -5.0075 		45.8375 		9.885
v -5.8875 		45.8375 		10.92
v -6.5425 		45.8375 		12.095
v -7.23 		40.87 		12.2625
v -7.3 		41.1925 		12.64
v -7.1675 		41.2275 		12.19
v -7.1238 		42.5475 		12.6025
v -7.1113 		42.0975 		12.375
v -7.0375 		42.5475 		12.32
v -7.0488 		43.4525 		12.7275
v -7.4775 		38.1475 		11.965
v -7.3475 		39.2325 		11.98
v -7.3225 		39.4575 		11.98
v -7.2775 		40.0325 		12.065
v -7.4625 		38.2625 		11.97
v -7.3675 		39.0675 		11.98
v -7.5175 		37.8175 		11.965
v -7.3225 		39.6325 		12.065
v -7.3775 		39.0075 		11.98
v -7.5625 		37.6425 		12.045
v -7.3875 		39.6825 		12.3
v -7.3825 		39.6825 		12.295
v -7.2325 		40.2025 		11.985
v -7.4175 		38.8425 		12.055
v -7.4675 		38.4325 		12.05
v -7.6175 		37.015 		11.98
v -7.5775 		37.6375 		12.09
v -7.1975 		40.4925 		11.985
v -7.5775 		37.6275 		12.1
v -7.4775 		38.795 		12.2475
v -7.6475 		36.7175 		11.96
v -7.4037 		39.9775 		12.5388
v -6.8825 		42.9725 		12.01
v -6.8075 		43.8925 		12.145
v -6.9125 		42.7725 		12.005
v -6.9675 		43.4525 		12.47
v -7.0225 		41.8725 		12
v -7.0675 		41.5425 		11.995
v -7.0975 		41.3675 		12.02
v -7.1775 		40.6575 		11.99
v -6.9575 		42.6025 		12.085
v -7.0275 		42.0475 		12.08
v -7.1825 		40.8225 		12.07
v -7.1275 		41.2575 		12.075
v -7.0544 		43.8575 		12.9125
v -8.1225 		31.5325 		11.945
v -8.2325 		30.3175 		11.93
v -8.2175 		30.4725 		11.93
v -8.1025 		31.7575 		11.95
v -8.1025 		31.7825 		11.96
v -8.0975 		31.9225 		12.035
v -8.0575 		32.3475 		12.045
v -8.2525 		30.0925 		11.93
v -8.1125 		31.9875 		12.26
v -8.0975 		31.9325 		12.075
v -8.2775 		29.9225 		12.01
v -7.9075 		33.9275 		11.955
v -8.0375 		32.5125 		11.96
v -8.0175 		32.72 		11.96
v -8.0125 		32.8025 		11.96
v -8.1325 		31.4625 		11.945
v -7.9975 		32.9675 		11.965
v -8.1125 		32.2925 		12.59
v -8.1425 		31.3075 		11.945
v -7.9275 		33.7625 		12.035
v -8.1675 		31.1375 		12.03
v -7.9525 		33.7175 		12.2425
v -7.9875 		33.1375 		12.045
v -8.2075 		30.7075 		12.02
v -7.9863 		33.7075 		12.5738
v -8.2125 		31.0875 		12.4712
v -8.245 		30.7725 		12.515
v -8.2375 		31.0925 		12.725
v -8.0575 		33.2025 		12.8775
v -7.8825 		34.2225 		11.955
v -8.3375 		29.8725 		12.61
v -7.6925 		36.3625 		12.04
v -7.7425 		35.7025 		11.955
v -7.6675 		36.5225 		11.965
v -7.7375 		35.8675 		12.04
v -7.7175 		36.3125 		12.27
v -7.7825 		35.2475 		11.955
v -7.8675 		34.3825 		11.955
v -7.7875 		35.2275 		11.965
v -7.6675 		36.5275 		11.96
v -7.8775 		34.2275 		11.955
v -7.8625 		34.3975 		11.965
v -7.8075 		35.0775 		12.035
v -7.8575 		34.5175 		12.03
v -7.6325 		37.5925 		12.595
v -7.6025 		37.5825 		12.285
v -7.6125 		37.5925 		12.375
v -7.6175 		37.1475 		12.045
v -7.6025 		37.5925 		12.28
v -7.5237 		38.485 		12.34
v -7.5375 		38.7825 		12.74
v -7.6825 		37.6525 		13.165
v -7.7275 		37.1575 		13.17
v -7.6725 		37.8175 		13.255
v -7.7525 		36.9875 		13.255
v -7.0825 		45.8375 		14.705
v -7.7925 		36.5425 		13.255
v -7.8675 		35.7075 		13.245
v -7.6631 		37.215 		12.5538
v -7.6325 		38.2675 		13.255
v -7.9075 		35.2625 		13.245
v -7.7975 		36.3675 		13.165
v -7.9625 		34.5575 		13.165
v -7.9125 		35.0875 		13.16
v -7.8425 		35.8725 		13.165
v -7.6125 		38.4425 		13.17
v -7.5675 		39.0175 		13.26
v -7.8688 		35.0275 		12.6113
v -7.7975 		35.9325 		12.735
v -7.5725 		38.8525 		13.175
v -7.8975 		34.6125 		12.49
v -7.5275 		39.4425 		13.26
v -7.8325 		35.0425 		12.22
v -7.5275 		39.4675 		13.26
v -7.9775 		34.4575 		13.21
v -7.7725 		35.9325 		12.485
v -7.8575 		34.5525 		12.04
v -7.5125 		39.5625 		13.22
v -7.5025 		39.6325 		13.18
v -7.3425 		41.4375 		13.27
v -7.4175 		40.6575 		13.265
v -7.3475 		41.4275 		13.27
v -7.4125 		40.6725 		13.26
v -7.3225 		41.6825 		13.27
v -7.3925 		40.8275 		13.185
v -7.1925 		43.0875 		13.28
v -7.2025 		42.9975 		13.28
v -7.4375 		40.4375 		13.265
v -7.4575 		40.2125 		13.265
v -7.4625 		40.0425 		13.18
v -7.3525 		41.2625 		13.185
v -7.1675 		43.3125 		13.24
v -7.2075 		42.9375 		13.28
v -7.1575 		43.3975 		13.2
v -7.1025 		44.0775 		13.285
v -7.2225 		42.7725 		13.275
v -7.3025 		41.8725 		13.275
v -7.3325 		40.8825 		12.665
v -7.2775 		42.0475 		13.19
v -7.2275 		42.6075 		13.195
v -7.0675 		44.4425 		13.285
v -7.0325 		44.7025 		13.205
v -7.1075 		43.9025 		13.2
v -7.0325 		44.7025 		13.2
v -6.9475 		45.8375 		13.375
v -7.4325 		39.6875 		12.52
v -8.1662 		31.9825 		12.9437
v -8.2475 		30.3375 		13.24
v -8.1625 		31.5475 		13.255
v -8.1675 		31.4825 		13.255
v -8.1475 		31.7675 		13.255
v -8.2475 		30.3425 		13.24
v -8.2325 		30.5525 		13.235
v -8.265 		30.0925 		13.2275
v -8.0975 		32.5325 		13.26
v -8.2825 		29.9425 		13.15
v -8.1975 		31.1575 		13.16
v -8.2275 		30.7275 		13.155
v -8.1175 		32.3575 		13.175
v -8.0775 		32.8075 		13.26
v -6.9475 		45.8375 		16.04
v -8.1475 		31.9425 		13.165
v -8.0675 		32.9775 		13.26
v -7.9925 		34.1625 		13.255
v -8.0075 		33.9475 		13.245
v -7.9875 		34.2275 		13.245
v -7.9775 		34.3875 		13.245
v -8.0675 		33.1425 		13.175
v -8.0275 		33.7725 		13.16
v -7.9775 		34.4525 		13.22
v -6.5425 		45.8375 		17.325
v -5.8875 		45.8375 		18.5
v -5.0075 		45.8375 		19.535
v -3.9325 		45.8375 		20.385
v -2.7075 		45.8375 		21.015
v -1.7025 		45.8375 		21.405
v -1.6275 		-17.6875 		1.955
v -1.6275 		-19.6225 		1.79
v -7.7225 		-23.8025 		8.925
v -8.1975 		-21.9925 		10.54
v -7.7225 		-23.5825 		8.845
v -8.1975 		-23.2075 		10.695
v -8.3075 		-22.2325 		11.92
v -8.3125 		-22.2175 		11.93
v -8.3175 		-22.0625 		12
v -8.3375 		-22.0025 		12.245
v -8.3325 		-22.0175 		12.19
v -8.3588 		-22.0025 		12.5488
v -8.1975 		-19.3575 		14.06
v -8.2825 		-20.1825 		13.15
v -8.2775 		-20.0125 		13.235
v -7.7225 		-18.3375 		15.75
v -7.7225 		-20.0775 		16.145
v -6.9525 		-17.5125 		17.315
v -6.9525 		-19.3075 		17.78
v -5.9125 		-16.8675 		18.68
v -5.9125 		-18.7175 		19.21
v -4.6425 		-16.3875 		19.805
v -4.6425 		-18.2925 		20.385
v -3.1975 		-16.0475 		20.64
v -3.1975 		-18.0025 		21.255
v -1.6275 		-15.8175 		21.15
v -1.6275 		-17.8275 		21.795
v -1.2425 		-72.7475 		4.865
v -2.4425 		-72.7475 		5.36
v -3.5525 		-72.7475 		6.17
v -3.3525 		-74.7075 		6.485
v -4.5225 		-72.7475 		7.255
v -5.3175 		-72.7475 		8.575
v -5.9075 		-72.7475 		10.085
v -6.2725 		-72.7475 		11.72
v -6.3975 		-72.7475 		13.415
v -6.3075 		-73.2125 		13.345
v -6.3025 		-73.2675 		13.375
v -5.9925 		-74.5225 		12.225
v -6.0925 		-74.0225 		12.345
v -6.0475 		-74.4625 		12.795
v -5.9625 		-74.6825 		12.15
v -5.9575 		-74.6875 		12.145
v -6.0875 		-74.0025 		12.24
v -6.1675 		-74.0025 		13.32
v -6.3175 		-72.7625 		12.355
v -6.3125 		-72.7475 		12.265
v -6.19 		-73.385 		12.145
v -6.2225 		-73.2225 		12.22
v -6.1525 		-73.5875 		12.145
v -6.1375 		-73.6825 		12.15
v -6.1125 		-73.8375 		12.155
v -6.2787 		-73.1625 		12.8
v -5.9175 		-74.7075 		14.855
v -6.0275 		-74.6825 		13.44
v -6.2725 		-72.7475 		15.12
v -6.2575 		-73.4675 		13.44
v -6.1875 		-73.8225 		13.45
v -6.1625 		-73.9975 		13.37
v -6.0675 		-74.5175 		13.35
v -6.1625 		-74.0025 		13.33
v -5.9075 		-72.7475 		16.755
v -5.5825 		-74.7075 		16.385
v -5.3175 		-72.7475 		18.265
v -5.0175 		-74.7075 		17.79
v -4.5225 		-72.7475 		19.09
v -4.2675 		-74.7075 		19.03
v -3.5525 		-72.7475 		20.67
v -2.3075 		-74.7075 		20.795
v -2.4425 		-72.7475 		21.565
v -2.4775 		-74.7075 		20.67
v -1.2425 		-72.7475 		22.06
v -1.1725 		-74.7075 		21.345
v -0.6275 		-85.7825 		8.665
v -1.2325 		-85.7825 		8.835
v -0.8725 		-87.2175 		9.815
v -1.7925 		-85.7825 		9.12
v -1.2675 		-87.2175 		10
v -2.2875 		-85.7825 		9.505
v -1.6125 		-87.2175 		10.255
v -2.6875 		-85.7825 		9.97
v -1.8975 		-87.2175 		10.56
v -2.9875 		-85.7825 		10.495
v -2.1125 		-87.2175 		10.915
v -3.1725 		-85.7825 		11.075
v -2.2425 		-87.2175 		11.295
v -3.2325 		-85.7825 		11.675
v -2.2875 		-87.2175 		11.685
v -3.1725 		-85.7825 		12.27
v -2.9875 		-85.7825 		12.845
v -2.1125 		-87.2175 		12.46
v -2.6875 		-85.7825 		13.375
v -2.2875 		-85.7825 		13.84
v -1.2675 		-87.2175 		13.375
v -1.2325 		-85.7825 		14.505
v -0.8725 		-87.2175 		13.56
v -0.6275 		-85.7825 		14.68
v -1.0625 		-77.4475 		5.83
v -0.8475 		-81.6175 		6.98
v -2.0925 		-77.4475 		6.215
v -1.6625 		-81.6175 		7.275
v -3.0375 		-77.4475 		6.84
v -2.4175 		-81.6175 		7.76
v -3.8675 		-77.4475 		7.685
v -3.0775 		-81.6175 		8.405
v -4.5475 		-77.4475 		8.715
v -3.6175 		-81.6175 		9.195
v -5.0525 		-77.4475 		9.89
v -4.0225 		-81.6175 		10.095
v -5.3675 		-77.4475 		11.16
v -4.8275 		-79.8125 		12.17
v -5.1325 		-78.6475 		12.17
v -5.1575 		-78.5625 		12.165
v -5.3575 		-77.8075 		12.25
v -5.2375 		-78.2675 		12.235
v -4.8975 		-79.5675 		12.2
v -5.1175 		-78.7075 		12.17
v -5.0775 		-78.8725 		12.18
v -4.9175 		-79.4875 		12.24
v -4.7375 		-80.1775 		12.22
v -5.0375 		-79.0375 		12.27
v -4.3525 		-81.6175 		12.085
v -4.2675 		-81.6175 		13.1
v -4.2875 		-81.6175 		12.92
v -4.2625 		-81.6075 		13.145
v -4.3075 		-81.6175 		12.655
v -4.3525 		-81.5625 		12.275
v -4.4025 		-81.3975 		12.185
v -4.325 		-81.6075 		12.46
v -4.5375 		-80.7225 		12.82
v -4.6275 		-80.3125 		13.18
v -4.4825 		-81.1225 		12.17
v -4.5375 		-80.9175 		12.1825
v -4.5675 		-80.7925 		12.24
v -4.7125 		-80.2625 		12.27
v -4.6644 		-80.3106 		12.7012
v -4.4675 		-81.1825 		12.17
v -5.0025 		-78.8575 		13.49
v -4.8375 		-79.4725 		13.39
v -5.0025 		-78.8575 		13.495
v -4.9625 		-79.0225 		13.42
v -4.9675 		-79.0825 		13.175
v -4.9625 		-79.0625 		13.235
v -5.1275 		-78.4125 		13.475
v -4.8075 		-79.5775 		13.445
v -5.2375 		-78.1975 		12.845
v -5.1775 		-78.2475 		13.385
v -5.3025 		-77.7875 		13.395
v -5.3275 		-77.7275 		13.425
v -5.255 		-78.2 		12.5625
v -5.3325 		-77.8575 		12.8
v -5.3425 		-77.8575 		12.65
v -5.39 		-77.46 		13.465
v -4.0225 		-81.6175 		14.08
v -4.2375 		-81.3825 		13.515
v -4.2075 		-81.5475 		13.435
v -4.3825 		-80.9375 		13.49
v -4.3825 		-80.9325 		13.485
v -4.4075 		-80.8775 		13.455
v -5.0525 		-77.4475 		15.08
v -4.6375 		-80.0775 		13.505
v -4.6275 		-80.1425 		13.475
v -4.7125 		-79.8525 		13.495
v -4.7675 		-79.6725 		13.485
v -4.7225 		-79.8125 		13.49
v -4.6075 		-80.2425 		13.425
v -4.4525 		-80.7725 		13.395
v -4.5475 		-77.4475 		16.25
v -3.6175 		-81.6175 		14.955
v -3.8675 		-77.4475 		17.28
v -3.0375 		-77.4475 		18.125
v -2.4175 		-81.6175 		16.115
v -2.0925 		-77.4475 		18.75
v -1.6625 		-81.6175 		16.575
v -1.6275 		-42.1425 		1.91
v -1.5625 		-59.5275 		3.775
v -3.1975 		-44.8075 		3.98
v -3.0675 		-59.5275 		4.34
v -4.6425 		-46.5825 		4.925
v -4.4575 		-59.5275 		5.26
v -5.9125 		-46.4975 		6.195
v -5.6725 		-59.5275 		6.495
v -6.9525 		-44.4475 		7.745
v -6.6725 		-59.5275 		8.005
v -7.7225 		-40.6625 		9.515
v -7.4125 		-59.5275 		9.725
v -8.1975 		-40.4975 		11.43
v -7.8725 		-59.5275 		11.595
v -8.1425 		-51.7825 		13.265
v -8.1625 		-50.7325 		13.26
v -8.1575 		-50.8975 		13.26
v -8.1425 		-51.9325 		13.27
v -8.1425 		-52.0025 		13.27
v -8.1625 		-50.6725 		13.26
v -8.1175 		-53.1725 		13.28
v -8.2625 		-45.1175 		13.235
v -8.1425 		-51.6125 		13.18
v -8.0975 		-54.4725 		13.29
v -8.1575 		-50.9325 		13.24
v -8.0775 		-55.4975 		13.295
v -8.0775 		-55.6275 		13.3
v -8.1225 		-51.5575 		12.94
v -8.1475 		-51.0625 		13.175
v -8.0975 		-54.5525 		13.29
v -8.0925 		-54.6925 		13.29
v -8.3625 		-40.4975 		13.42
v -8.0775 		-55.7225 		13.3
v -8.2625 		-45.0925 		13.235
v -8.0775 		-55.3325 		13.21
v -8.0825 		-54.8625 		13.21
v -8.0525 		-56.9725 		13.31
v -8.0525 		-57.0625 		13.31
v -8.0475 		-57.1925 		13.31
v -8.0325 		-58.1025 		13.32
v -8.0375 		-55.2775 		12.7025
v -8.0325 		-57.9375 		13.235
v -8.0388 		-54.9275 		12.66
v -8.0125 		-57.8775 		12.99
v -8.0475 		-57.2625 		13.28
v -7.9875 		-55.3425 		12.085
v -7.9925 		-54.8725 		12.08
v -8.2375 		-46.5075 		13.24
v -8.2125 		-47.9025 		13.245
v -8.2625 		-45.1525 		13.235
v -7.9925 		-54.7075 		12
v -8.2125 		-47.8775 		13.245
v -8.1225 		-53.0925 		13.28
v -8.1375 		-52.0625 		13.27
v -7.9725 		-55.7325 		12.005
v -8.2175 		-47.6775 		13.24
v -8.2325 		-46.7225 		13.24
v -7.9275 		-58.3375 		12.03
v -7.9525 		-56.9825 		12.02
v -8.2125 		-47.5125 		13.155
v -8.1375 		-52.2275 		13.27
v -8.1225 		-52.9175 		13.26
v -8.1975 		-47.4625 		12.935
v -8.2325 		-46.7325 		13.235
v -8.0325 		-58.3275 		13.32
v -8.0125 		-59.3025 		13.33
v -8.0125 		-59.4025 		13.33
v -8.0425 		-57.3625 		13.23
v -8.1175 		-52.7825 		13.19
v -8.1275 		-52.3925 		13.185
v -7.9825 		-57.8775 		12.615
v -8.2125 		-47.9225 		13.245
v -8.1875 		-49.3425 		13.245
v -7.9525 		-56.7575 		12.02
v -7.9725 		-55.7525 		12.005
v -8.0825 		-52.7225 		12.71
v -8.1875 		-49.2925 		13.245
v -8.2075 		-48.1225 		13.245
v -7.9675 		-55.9575 		12.01
v -8.1925 		-49.1275 		13.245
v -7.9275 		-58.3725 		12.03
v -7.9125 		-59.3075 		12.035
v -7.9225 		-58.5625 		12.03
v -7.9675 		-55.9675 		12.01
v -8.2675 		-44.8925 		13.235
v -8.1875 		-48.9525 		13.16
v -7.9725 		-56.1225 		12.095
v -7.9575 		-56.7325 		12.03
v -8.0525 		-52.7275 		12.305
v -8.1075 		-52.4425 		12.985
v -8.0275 		-58.4225 		13.32
v -8.0275 		-58.5525 		13.32
v -8.1675 		-48.9025 		12.915
v -8.2075 		-48.1375 		13.24
v -8.2225 		-46.8975 		13.16
v -8.2575 		-45.3425 		13.235
v -8.2375 		-46.4975 		13.24
v -8.1075 		-52.4525 		12.945
v -8.1175 		-53.3975 		13.28
v -8.0975 		-54.3875 		13.29
v -8.2575 		-45.3675 		13.225
v -8.2425 		-46.2825 		13.235
v -8.0725 		-55.9425 		13.3
v -8.0575 		-56.8775 		13.31
v -8.2475 		-45.5075 		13.155
v -8.1025 		-54.2475 		13.285
v -7.9275 		-58.7275 		12.115
v -8.0575 		-56.7475 		13.305
v -8.0625 		-56.1125 		13.22
v -8.0575 		-56.6725 		13.27
v -8.1075 		-53.5625 		13.195
v -8.0075 		-59.1275 		13.245
v -8.0175 		-58.7175 		13.24
v -8.0475 		-56.1575 		13.045
v -8.0525 		-56.5825 		13.225
v -8.1875 		-49.3975 		13.245
v -8.1625 		-50.6125 		13.255
v -8.1825 		-49.5725 		13.245
v -8.1675 		-50.4475 		13.255
v -8.0975 		-54.0825 		13.2
v -7.985 		-59.0725 		12.91
v -7.9625 		-59.0775 		12.62
v -8.1725 		-49.7425 		13.165
v -8.06 		-54.03 		12.7225
v -7.9525 		-57.0075 		12.02
v -7.9275 		-58.3025 		12.03
v -7.9475 		-57.2075 		12.02
v -7.9325 		-58.1125 		12.03
v -8.1625 		-50.2825 		13.17
v -7.9525 		-57.3725 		12.105
v -8.06 		-53.6275 		12.6288
v -8.1225 		-50.2275 		12.665
v -7.9775 		-58.7775 		12.765
v -8.0325 		-53.6325 		12.315
v -7.9425 		-57.9475 		12.11
v -7.9175 		-59.1425 		12.12
v -8.1975 		-48.2925 		13.16
v -8.1275 		-51.1225 		12.935
v -7.9625 		-56.5925 		12.095
v -8.0375 		-56.5225 		12.98
v -8.1275 		-49.7975 		12.6025
v -8.2375 		-46.1175 		13.15
v -8.0188 		-56.18 		12.6725
v -8.0325 		-53.6225 		12.305
v -8.2175 		-46.0625 		12.915
v -8.2325 		-46.0975 		13.065
v -8.1775 		-48.3475 		12.93
v -8.1925 		-48.3225 		13.06
v -8.2625 		-44.7275 		13.15
v -8.0275 		-59.5275 		13.53
v -8.2175 		-46.0525 		12.91
v -8.2325 		-45.5525 		12.975
v -8.1275 		-49.7975 		12.585
v -8.1775 		-48.3575 		12.92
v -8.1925 		-47.4525 		12.915
v -7.9962 		-57.4275 		12.6875
v -8.1975 		-46.0625 		12.62
v -8.0525 		-52.4525 		12.27
v -7.9075 		-59.5275 		12.035
v -8.1575 		-48.3575 		12.665
v -8.0225 		-53.5975 		12.16
v -8.1525 		-45.3525 		11.945
v -8.1375 		-46.2875 		11.945
v -8.1325 		-46.4475 		11.945
v -8.1475 		-46.1175 		12.03
v -8.1325 		-46.5125 		11.945
v -8.1575 		-45.5175 		12.03
v -8.1075 		-47.9125 		11.945
v -8.1075 		-47.8675 		11.945
v -8.1075 		-47.9575 		11.95
v -8.1025 		-48.1375 		11.95
v -8.0875 		-49.1375 		11.95
v -8.0825 		-49.3375 		11.95
v -8.1325 		-46.5925 		11.945
v -8.0975 		-48.9625 		12.035
v -8.0825 		-49.3625 		11.95
v -8.1175 		-48.9125 		12.265
v -8.0375 		-52.0075 		11.975
v -8.0575 		-50.6825 		11.96
v -8.1275 		-46.7325 		11.95
v -8.1125 		-47.6875 		11.945
v -8.1325 		-46.7925 		11.98
v -8.1925 		-45.5775 		12.47
v -7.9925 		-54.4825 		11.995
v -8.0175 		-53.1825 		11.985
v -8.0575 		-50.6975 		11.96
v -8.0425 		-51.7925 		11.975
v -8.0575 		-50.9075 		11.965
v -8.0125 		-53.4075 		11.985
v -8.0425 		-51.7825 		11.975
v -8.0125 		-53.4075 		11.99
v -7.9925 		-54.4725 		11.995
v -8.0525 		-51.6175 		12.055
v -8.0575 		-51.0725 		12.05
v -8.1225 		-47.5225 		12.03
v -8.1075 		-48.3025 		12.035
v -8.1175 		-48.9025 		12.275
v -8.15 		-48.3625 		12.58
v -8.1425 		-47.4625 		12.27
v -8.1325 		-46.9075 		12.03
v -8.0375 		-52.0175 		11.975
v -8.0325 		-52.2325 		11.975
v -8.165 		-44.8725 		11.9575
v -8.0575 		-50.6725 		11.96
v -8.0825 		-49.3775 		11.95
v -8.1725 		-44.7425 		12.02
v -8.0325 		-52.2425 		11.98
v -8.0225 		-52.9625 		11.985
v -8.0625 		-50.4625 		11.96
v -8.0725 		-50.2925 		12.045
v -8.0775 		-49.5975 		11.965
v -8.0625 		-50.4625 		11.965
v -8.2125 		-44.6725 		12.505
v -8.0925 		-50.2375 		12.265
v -8.0825 		-49.7525 		12.04
v -8.18 		-46.9575 		12.63
v -7.9975 		-54.2575 		11.995
v -8.0225 		-52.9575 		11.985
v -8.2425 		-44.6725 		12.905
v -8.0075 		-54.0925 		12.075
v -8.0175 		-53.5725 		12.07
v -8.0325 		-52.7925 		12.065
v -8.0375 		-52.3975 		12.06
v -8.0725 		-51.5575 		12.295
v -8.1975 		-40.4975 		15.415
v -7.8725 		-59.5275 		15.475
v -7.7225 		-40.4975 		17.335
v -7.4125 		-59.5275 		17.34
v -6.8987 		-41.8475 		19.1475
v -6.9825 		-42.2625 		18.965
v -6.9975 		-42.3425 		18.93
v -6.8075 		-55.7075 		18.885
v -6.7975 		-56.5125 		18.88
v -6.8075 		-55.6625 		18.885
v -6.7925 		-56.6875 		18.88
v -6.7675 		-56.2875 		18.96
v -6.8275 		-54.3275 		18.885
v -6.8125 		-55.4825 		18.885
v -6.8375 		-53.9625 		18.885
v -6.7925 		-56.8625 		18.88
v -6.7775 		-57.8525 		18.88
v -6.7775 		-57.7975 		18.88
v -6.8475 		-53.1875 		18.885
v -6.8375 		-53.9175 		18.885
v -6.8175 		-55.2575 		18.885
v -6.8275 		-54.3625 		18.885
v -6.8125 		-55.3075 		18.885
v -6.8475 		-53.1475 		18.885
v -6.9675 		-45.4025 		18.89
v -6.9825 		-44.2075 		18.89
v -6.8125 		-53.3625 		18.96
v -6.9675 		-45.2025 		18.89
v -6.9725 		-45.0225 		18.89
v -6.9875 		-43.915 		18.89
v -6.9775 		-43.7125 		18.92
v -6.9275 		-48.0575 		18.89
v -6.9725 		-44.9775 		18.89
v -6.9825 		-44.2325 		18.89
v -6.9475 		-46.7075 		18.89
v -6.7725 		-58.2525 		18.88
v -6.7275 		-58.8925 		18.955
v -6.9425 		-44.8125 		18.965
v -6.9325 		-47.6325 		18.89
v -6.9475 		-46.7325 		18.89
v -6.9325 		-47.6775 		18.89
v -6.9475 		-46.5075 		18.89
v -6.7925 		-56.9125 		18.88
v -6.9525 		-46.3225 		18.89
v -6.7375 		-58.4225 		18.955
v -6.9525 		-46.2875 		18.89
v -6.9625 		-45.4375 		18.89
v -6.7475 		-57.6325 		18.955
v -6.7575 		-57.0775 		18.955
v -6.9325 		-45.5875 		18.96
v -6.9275 		-46.1425 		18.95
v -6.9625 		-43.6175 		18.965
v -6.9675 		-43.0525 		18.965
v -6.9225 		-46.1175 		18.965
v -6.9325 		-45.6025 		18.965
v -6.9125 		-46.9075 		18.965
v -6.9025 		-47.4675 		18.965
v -6.8525 		-52.9625 		18.885
v -6.7575 		-59.0975 		18.88
v -6.8075 		-53.7475 		18.96
v -6.7875 		-55.0825 		18.96
v -6.7925 		-54.5275 		18.96
v -6.9225 		-48.0875 		18.89
v -6.7725 		-55.8725 		18.96
v -6.8425 		-52.6725 		18.9125
v -6.8225 		-52.5725 		18.96
v -6.8875 		-48.2525 		18.96
v -6.9475 		-44.4075 		18.965
v -6.7525 		-59.5175 		18.88
v -7.0075 		-42.7625 		18.89
v -7.0275 		-41.4075 		18.89
v -7.0075 		-40.5525 		18.965
v -7.0075 		-41.0375 		18.955
v -7.0225 		-41.6375 		18.89
v -7.0125 		-42.4325 		18.89
v -6.9875 		-41.7925 		18.965
v -7.0025 		-41.0175 		18.97
v -6.9875 		-41.8025 		18.965
v -6.9825 		-41.8075 		18.975
v -7.0075 		-40.5425 		18.965
v -6.585 		-57.1325 		19.2525
v -6.555 		-56.2275 		19.315
v -6.4825 		-54.5825 		19.46
v -6.4375 		-53.6775 		19.55
v -6.4275 		-53.4075 		19.575
v -6.1025 		-56.4425 		19.99
v -6.1175 		-55.4975 		19.99
v -6.1175 		-55.6875 		19.99
v -5.9125 		-40.4975 		20.65
v -6.125 		-55.23 		19.9875
v -6.1375 		-54.3525 		19.99
v -6.1025 		-56.6975 		19.99
v -6.0775 		-58.2325 		19.99
v -6.1575 		-55.8625 		19.92
v -6.0675 		-59.0475 		19.99
v -6.0675 		-59.0375 		19.985
v -6.1125 		-58.8825 		19.92
v -6.1225 		-58.4075 		19.92
v -6.1775 		-54.5175 		19.925
v -6.1725 		-55.0725 		19.92
v -6.2925 		-55.025 		19.7425
v -6.1525 		-53.1725 		19.995
v -6.1525 		-56.2775 		19.92
v -6.5419 		-55.0225 		19.3631
v -6.1475 		-53.8825 		19.985
v -6.1975 		-53.3375 		19.925
v -6.2825 		-53.3825 		19.79
v -6.0825 		-57.7825 		19.99
v -6.0975 		-56.8975 		19.99
v -6.1575 		-52.7225 		19.995
v -6.1325 		-57.6175 		19.92
v -6.2525 		-57.5675 		19.7375
v -6.3025 		-58.4675 		19.6475
v -6.2075 		-52.5575 		19.925
v -6.1425 		-57.0625 		19.92
v -6.1925 		-53.7275 		19.925
v -6.3975 		-58.8325 		19.495
v -6.0675 		-59.2475 		19.99
v -5.6725 		-59.5275 		20.57
v -6.3925 		-52.5025 		19.65
v -6.595 		-58.4725 		19.205
v -6.0575 		-59.4975 		19.99
v -6.5525 		-57.5725 		19.29
v -6.4375 		-53.6775 		19.555
v -6.3275 		-41.6175 		20
v -6.3375 		-41.6625 		19.98
v -6.3725 		-41.7825 		19.93
v -6.3675 		-42.2475 		19.93
v -6.3175 		-42.4175 		20
v -6.3125 		-42.6925 		20
v -6.34 		-41.15 		19.995
v -6.2725 		-45.2375 		20
v -6.2925 		-44.0425 		20
v -6.2725 		-45.1525 		20
v -6.2775 		-44.9675 		19.995
v -6.2875 		-44.2225 		20
v -6.3825 		-40.9975 		19.93
v -6.2325 		-47.8075 		19.995
v -6.2525 		-46.5325 		19.995
v -6.2375 		-47.6275 		19.995
v -6.2475 		-46.7225 		19.995
v -6.2925 		-43.9525 		20
v -6.2575 		-46.2725 		19.995
v -6.2675 		-45.4125 		19.995
v -6.2525 		-46.4525 		19.995
v -6.3075 		-46.0975 		19.925
v -6.6288 		-40.5938 		19.5756
v -6.2975 		-43.7725 		20
v -6.3075 		-42.8675 		20
v -6.2325 		-48.09 		19.9875
v -6.3325 		-44.3875 		19.93
v -6.3125 		-45.5875 		19.93
v -6.44 		-44.435 		19.7675
v -6.2725 		-48.2425 		19.925
v -6.3275 		-44.7975 		19.93
v -6.5475 		-46.0475 		19.57
v -6.3525 		-43.0325 		19.93
v -6.4925 		-48.3025 		19.6
v -6.7475 		-48.3125 		19.22
v -6.3025 		-43.7475 		19.985
v -6.4325 		-43.0675 		19.81
v -6.4875 		-43.0975 		19.725
v -6.3425 		-43.6075 		19.93
v -6.66 		-40.9525 		19.52
v -6.8175 		-42.2025 		19.26
v -6.2825 		-47.4525 		19.925
v -6.2925 		-46.8875 		19.925
v -6.6225 		-43.5525 		19.5175
v -6.605 		-44.7525 		19.515
v -6.6125 		-46.9575 		19.45
v -6.8525 		-43.1025 		19.18
v -6.6375 		-41.8475 		19.535
v -6.7275 		-47.4075 		19.27
v -6.3925 		-40.5325 		19.93
v -6.8025 		-45.6575 		19.1975
v -4.6425 		-40.4975 		21.92
v -4.4575 		-59.5275 		21.81
v -3.1975 		-40.4975 		22.865
v -3.0675 		-59.5275 		22.73
v -1.6275 		-40.4975 		23.445
v -1.5625 		-59.5275 		23.295
v -1.4575 		-66.1325 		4.085
v -2.8675 		-66.1325 		4.635
v -4.1625 		-66.1325 		5.525
v -5.2975 		-66.1325 		6.725
v -6.2325 		-66.1325 		8.19
v -6.9275 		-66.1325 		9.86
v -7.3525 		-66.1325 		11.67
v -7.8175 		-61.9575 		13.34
v -7.4975 		-66.1325 		13.55
v -7.8875 		-61.0425 		13.345
v -7.8025 		-62.1125 		13.345
v -7.8975 		-60.9475 		13.345
v -7.7825 		-62.3975 		13.35
v -7.7625 		-62.5725 		13.27
v -7.8675 		-61.2175 		13.265
v -7.9075 		-60.8175 		13.345
v -7.9175 		-60.6975 		13.34
v -7.8225 		-61.7925 		13.255
v -7.9225 		-60.6025 		13.34
v -7.7125 		-62.6325 		12.705
v -7.9925 		-59.7425 		13.335
v -7.8075 		-61.7325 		13.01
v -7.7075 		-62.6325 		12.655
v -7.8075 		-60.7775 		12.045
v -7.8425 		-60.4475 		12.125
v -7.7975 		-60.8875 		12.05
v -7.7125 		-61.9725 		12.05
v -7.8825 		-59.9175 		12.125
v -7.7875 		-61.0525 		12.055
v -7.7325 		-61.8025 		12.13
v -7.8875 		-60.3775 		12.64
v -7.7775 		-61.2275 		12.14
v -7.7825 		-61.7325 		12.675
v -7.6975 		-62.1825 		12.05
v -7.6975 		-62.1925 		12.05
v -7.6775 		-62.4075 		12.055
v -7.6775 		-62.4175 		12.055
v -7.6725 		-62.5825 		12.14
v -7.9725 		-59.9075 		13.255
v -7.815 		-61.2775 		12.635
v -7.9325 		-60.4375 		13.255
v -7.7075 		-62.6325 		12.65
v -7.9075 		-59.5325 		12.035
v -7.3525 		-66.1325 		15.435
v -6.9275 		-66.1325 		17.245
v -6.5825 		-62.0525 		18.82
v -6.5175 		-63.0775 		18.79
v -6.5975 		-61.8625 		18.82
v -6.5275 		-62.8575 		18.8
v -6.4325 		-64.3075 		18.76
v -6.6725 		-60.6875 		18.85
v -6.5075 		-62.6875 		18.88
v -6.5025 		-63.2475 		18.79
v -6.4425 		-64.1975 		18.765
v -6.4475 		-64.0825 		18.77
v -6.5025 		-63.3025 		18.79
v -6.6125 		-61.6075 		18.83
v -6.4275 		-63.9175 		18.85
v -6.6775 		-59.6975 		19.015
v -6.6875 		-60.315 		18.88
v -6.6725 		-60.1875 		18.94
v -6.4575 		-63.4675 		18.86
v -6.3775 		-64.6975 		18.83
v -6.5925 		-61.4375 		18.91
v -6.6225 		-60.9775 		18.92
v -6.5375 		-62.2175 		18.89
v -6.6325 		-60.1675 		19.04
v -6.2325 		-66.1325 		18.915
v -6.7075 		-59.6825 		18.95
v -6.1175 		-64.7525 		19.265
v -5.2975 		-66.1325 		20.38
v -6.2375 		-63.5175 		19.2312
v -6.005 		-63.5112 		19.5825
v -6.0994 		-63.8513 		19.3962
v -5.8225 		-63.2825 		19.9
v -5.7725 		-64.0725 		19.88
v -5.7475 		-64.5175 		19.87
v -5.7825 		-64.6825 		19.795
v -5.9025 		-64.7425 		19.595
v -5.8625 		-64.7275 		19.665
v -5.8325 		-63.1025 		19.905
v -5.8325 		-63.0575 		19.905
v -5.8575 		-63.4475 		19.825
v -5.8275 		-63.9075 		19.815
v -5.8475 		-62.8425 		19.91
v -6.0475 		-64.7525 		19.365
v -5.9525 		-63.8575 		19.63
v -5.8475 		-63.8925 		19.78
v -5.9025 		-62.6775 		19.84
v -6.005 		-60.36 		19.97
v -5.9075 		-61.8175 		19.935
v -5.9775 		-60.7475 		19.96
v -5.9325 		-62.2075 		19.855
v -6.0675 		-60.1775 		19.905
v -6.1925 		-60.1225 		19.715
v -5.9175 		-61.6975 		19.935
v -5.9775 		-60.7925 		19.96
v -6.3825 		-60.1225 		19.43
v -5.9275 		-61.5925 		19.94
v -6.2275 		-59.7325 		19.71
v -6.38 		-62.6225 		19.125
v -5.9825 		-61.4275 		19.87
v -6.0125 		-60.9575 		19.885
v -6.4075 		-59.7325 		19.44
v -6.1575 		-61.3675 		19.615
v -6.1425 		-61.0175 		19.68
v -6.3025 		-61.3725 		19.4
v -6.2425 		-62.2675 		19.375
v -6.1875 		-59.7075 		19.77
v -6.1425 		-61.0175 		19.675
v -6.33 		-61.0275 		19.395
v -6.0975 		-59.6725 		19.915
v -4.1625 		-66.1325 		21.58
v -2.8675 		-66.1325 		22.47
v -1.4575 		-66.1325 		23.02
v -6.3925 		-72.7275 		13.36
v -6.425 		-72.58 		13.4275
v -7.0675 		-68.6825 		13.395
v -6.8475 		-70.0175 		13.405
v -6.6825 		-71.0025 		13.415
v -6.9175 		-69.5775 		13.39
v -7.0325 		-68.8475 		13.32
v -6.6475 		-71.2275 		13.42
v -6.8375 		-70.0625 		13.385
v -6.7175 		-70.7825 		13.405
v -6.4825 		-72.2325 		13.43
v -6.5225 		-71.9475 		13.335
v -6.6125 		-71.3925 		13.34
v -6.7925 		-70.2275 		13.155
v -6.8125 		-70.1825 		13.325
v -6.7425 		-70.6175 		13.32
v -6.49 		-71.9025 		12.7837
v -6.7825 		-70.2475 		13.085
v -6.7325 		-70.5575 		13.085
v -6.4375 		-71.9625 		12.21
v -6.5594 		-71.4513 		12.7194
v -6.4075 		-72.1225 		12.135
v -6.4075 		-72.1275 		12.13
v -6.7075 		-70.5575 		12.7325
v -7.2575 		-67.5025 		13.395
v -7.1375 		-68.2325 		13.385
v -7.305 		-67.2375 		13.3875
v -6.9375 		-69.4125 		13.305
v -6.9175 		-69.5525 		13.38
v -6.3325 		-72.5725 		12.14
v -7.2275 		-67.6675 		13.315
v -7.1425 		-68.2225 		13.375
v -7.1575 		-68.0675 		13.295
v -7.1575 		-68.0825 		13.3
v -7.1475 		-68.1475 		13.335
v -6.7375 		-70.5825 		13.17
v -6.91 		-69.3525 		12.7825
v -6.9875 		-68.9075 		12.86
v -7.3525 		-66.8875 		13.295
v -6.5325 		-71.3975 		12.215
v -6.7375 		-70.25 		12.43
v -6.3125 		-72.7375 		12.23
v -7.1625 		-67.5125 		12.1
v -7.0375 		-68.2475 		12.09
v -7.1375 		-67.6775 		12.19
v -7.0725 		-68.0825 		12.17
v -6.9975 		-68.4925 		12.095
v -6.9675 		-68.6925 		12.105
v -6.9725 		-68.6675 		12.105
v -6.8525 		-69.4225 		12.18
v -7.2325 		-67.0675 		12.09
v -7.2675 		-66.9025 		12.17
v -7.2925 		-66.8425 		12.41
v -7.1625 		-67.7275 		12.6
v -6.9475 		-68.8575 		12.19
v -7.1937 		-67.725 		13.0113
v -7.3175 		-66.8425 		12.7325
v -6.8225 		-69.5875 		12.1
v -6.6225 		-70.7925 		12.115
v -7.3075 		-66.8425 		12.61
v -6.5925 		-71.0025 		12.115
v -6.7825 		-69.8125 		12.105
v -6.7775 		-69.8475 		12.105
v -6.5875 		-71.0175 		12.115
v -6.7475 		-70.0275 		12.11
v -6.5875 		-71.0275 		12.115
v -6.5525 		-71.2375 		12.125
v -6.9725 		-68.9075 		12.67
v -6.6575 		-70.6275 		12.19
v -6.7275 		-70.1925 		12.2
v -7.1262 		-68.0125 		12.7112
v -6.4425 		-72.4775 		13.435
v -1.6275 		-28.8975 		1.845
v -8.1975 		-30.9675 		11.26
v -7.7225 		-30.9875 		9.37
v -8.3575 		-33.5725 		13.225
v -8.3575 		-33.8275 		13.225
v -8.3525 		-35.1325 		13.225
v -8.3475 		-37.7025 		13.225
v -8.3475 		-37.8025 		13.225
v -8.3475 		-38.6825 		13.225
v -8.3575 		-33.4725 		13.22
v -8.3575 		-32.5975 		13.225
v -8.3425 		-37.9675 		13.145
v -8.3525 		-36.4025 		13.225
v -8.3525 		-32.7675 		13.14
v -8.3425 		-38.5975 		13.185
v -8.3525 		-36.1575 		13.225
v -8.3225 		-38.0325 		12.9
v -8.3425 		-38.5075 		13.14
v -8.3525 		-35.2275 		13.225
v -8.3475 		-37.5725 		13.225
v -8.3525 		-36.4975 		13.225
v -8.3475 		-37.405 		13.2225
v -8.3475 		-35.3925 		13.145
v -8.3425 		-35.8875 		13.14
v -8.3525 		-35.0025 		13.225
v -8.3575 		-33.9225 		13.225
v -8.3525 		-34.8275 		13.2225
v -8.3425 		-37.1825 		13.14
v -8.3425 		-36.6625 		13.145
v -8.3475 		-34.0875 		13.145
v -8.3575 		-32.3725 		13.225
v -8.3475 		-34.6125 		13.14
v -8.3475 		-39.1225 		13.225
v -8.285 		-38.0325 		12.4313
v -8.3475 		-33.3075 		13.14
v -8.31 		-34.5525 		12.6675
v -8.2825 		-37.1375 		12.365
v -8.3375 		-39.2925 		13.145
v -8.355 		-31.4275 		13.1975
v -8.3562 		-32.175 		13.2125
v -8.3125 		-39.3575 		12.815
v -8.2975 		-38.4625 		12.575
v -8.2725 		-39.3575 		12.31
v -8.3087 		-36.7263 		12.72
v -8.2475 		-39.3075 		12.02
v -8.3163 		-35.8325 		12.78
v -8.2475 		-38.5225 		12.01
v -8.2425 		-39.1425 		11.93
v -8.3575 		-31.1525 		13.225
v -8.2425 		-38.6925 		11.93
v -8.2525 		-37.9725 		12.015
v -8.3575 		-30.9575 		13.22
v -8.3625 		-30.9425 		13.225
v -8.3575 		-31.0275 		13.22
v -8.3525 		-31.5375 		13.14
v -8.3525 		-31.9825 		13.14
v -8.2425 		-37.8075 		11.93
v -8.3225 		-33.2475 		12.79
v -8.2825 		-35.8325 		12.365
v -8.2525 		-33.6075 		11.93
v -8.2525 		-32.6075 		11.93
v -8.2575 		-32.7675 		12.01
v -8.2525 		-33.9325 		11.93
v -8.2475 		-34.905 		11.93
v -8.2575 		-33.3125 		12.01
v -8.2525 		-32.2762 		11.93
v -8.2525 		-31.3875 		11.93
v -8.2912 		-32.83 		12.4262
v -8.2575 		-31.9875 		12.01
v -8.2575 		-34.6175 		12.01
v -8.2575 		-34.1 		12.025
v -8.2625 		-31.5475 		12.01
v -8.2825 		-34.5525 		12.36
v -8.2475 		-36.1025 		11.93
v -8.2475 		-35.2375 		11.93
v -8.2475 		-36.5125 		11.93
v -8.3075 		-31.6025 		12.58
v -8.2525 		-35.8975 		12.01
v -8.2525 		-36.6775 		12.02
v -8.2475 		-37.3675 		11.93
v -8.2525 		-35.4025 		12.02
v -8.2425 		-37.4075 		11.93
v -8.2788 		-35.4575 		12.3275
v -8.3175 		-31.9225 		12.7025
v -8.2525 		-37.1925 		12.01
v -8.3175 		-33.2575 		12.76
v -8.3275 		-32.8275 		12.8625
v -8.315 		-34.1525 		12.7312
v -8.1975 		-30.9325 		15.19
v -7.7225 		-30.9325 		17.085
v -7.0275 		-39.0825 		18.88
v -7.0125 		-39.8025 		18.945
v -7.0025 		-39.7675 		18.96
v -7.0275 		-38.8575 		18.875
v -7.0175 		-37.8225 		18.865
v -7.0075 		-36.4575 		18.85
v -7.0175 		-37.6775 		18.865
v -7.0275 		-38.6275 		18.875
v -7.0225 		-37.9025 		18.865
v -6.9975 		-35.0875 		18.835
v -6.9975 		-39.2475 		18.955
v -7.0175 		-37.5625 		18.86
v -6.9875 		-38.0725 		18.945
v -7.0175 		-37.4525 		18.86
v -6.9975 		-34.995 		18.835
v -6.9525 		-30.9325 		18.825
v -7.0375 		-39.9325 		18.885
v -6.9925 		-38.4625 		18.945
v -7.0075 		-36.1275 		18.85
v -6.9625 		-34.6275 		18.91
v -6.9725 		-35.9625 		18.92
v -6.9675 		-35.4125 		18.915
v -6.9825 		-37.2875 		18.935
v -6.9775 		-36.7475 		18.93
v -7.0425 		-40.3875 		18.89
v -6.7775 		-38.1325 		19.285
v -6.8675 		-38.3975 		19.16
v -6.7225 		-36.7975 		19.33
v -6.6575 		-35.8975 		19.4
v -6.6425 		-35.4675 		19.41
v -6.3125 		-37.6675 		19.965
v -6.3275 		-38.8425 		19.98
v -6.3425 		-40.1825 		20
v -6.3425 		-40.1025 		19.995
v -6.3275 		-39.0625 		19.98
v -6.3375 		-39.9175 		19.995
v -6.3125 		-37.8925 		19.965
v -6.3225 		-38.6175 		19.975
v -6.3775 		-39.2375 		19.915
v -6.3625 		-38.0625 		19.9
v -6.3675 		-38.4525 		19.905
v -6.6425 		-38.3975 		19.495
v -6.3825 		-39.7475 		19.92
v -6.2925 		-36.3325 		19.95
v -5.9125 		-30.9325 		20.355
v -6.2925 		-36.1925 		19.945
v -6.2775 		-35.0075 		19.93
v -6.2825 		-35.1275 		19.935
v -6.3075 		-37.4875 		19.96
v -6.2975 		-36.4925 		19.95
v -6.2825 		-35.2325 		19.935
v -6.2925 		-36.1175 		19.945
v -6.2975 		-36.5575 		19.95
v -6.3075 		-37.4425 		19.96
v -6.3325 		-35.4025 		19.865
v -6.3525 		-37.2775 		19.89
v -6.3475 		-36.7275 		19.885
v -6.2775 		-34.7825 		19.93
v -6.6675 		-39.7025 		19.4975
v -6.3375 		-35.9425 		19.875
v -6.52 		-38.1163 		19.67
v -6.3675 		-36.7425 		19.855
v -6.4825 		-36.7875 		19.685
v -6.5025 		-37.2175 		19.67
v -6.63 		-39.2975 		19.5413
v -6.3125 		-34.6475 		19.87
v -6.4825 		-36.7875 		19.68
v -6.6425 		-34.5625 		19.385
v -6.49 		-34.56 		19.6075
v -6.3225 		-34.6125 		19.855
v -4.6425 		-30.9325 		21.61
v -3.1975 		-30.9325 		22.54
v -1.6275 		-30.9325 		23.115
v -1.6275 		-23.2425 		1.705
v -8.3588 		-26.4713 		12.8837
v -8.3375 		-26.8225 		12.6825
v -8.3475 		-25.575 		12.685
v -8.2725 		-28.9525 		12.01
v -8.2675 		-29.4875 		12.01
v -8.2625 		-29.6575 		11.925
v -8.2925 		-29.4275 		12.2925
v -8.2575 		-30.1125 		11.93
v -8.3425 		-29.4225 		12.895
v -8.2925 		-29.0025 		12.255
v -8.2675 		-28.7825 		11.93
v -8.2675 		-28.8425 		11.96
v -8.2675 		-28.3375 		11.925
v -8.2825 		-27.6775 		12.035
v -8.2775 		-27.6775 		12.01
v -8.2775 		-28.1675 		12.005
v -8.2625 		-30.2725 		12.01
v -8.2975 		-27.7325 		12.255
v -8.2975 		-27.7225 		12.23
v -8.2625 		-30.7675 		12.01
v -8.285 		-30.3325 		12.2675
v -8.3275 		-27.7225 		12.575
v -8.3475 		-27.7225 		12.85
v -8.2775 		-28.1525 		12.045
v -8.3238 		-30.33 		12.7238
v -8.3175 		-28.9975 		12.575
v -8.3575 		-30.2675 		13.14
v -8.3525 		-30.7575 		13.14
v -8.2775 		-28.9625 		12.06
v -8.3625 		-30.9275 		13.22
v -8.3575 		-30.2125 		13.165
v -8.3625 		-30.2025 		13.175
v -8.2525 		-30.9325 		11.93
v -8.3575 		-28.9575 		13.085
v -8.3625 		-28.9525 		13.09
v -8.3475 		-28.1025 		12.895
v -8.3625 		-28.1325 		13.035
v -8.2925 		-25.1225 		12.01
v -8.2825 		-25.8075 		11.925
v -8.2775 		-27.0575 		11.925
v -8.2775 		-26.2625 		11.925
v -8.2875 		-25.6425 		12.005
v -8.2875 		-26.4275 		12.01
v -8.2825 		-26.8875 		12.005
v -8.2725 		-27.2825 		11.925
v -8.2875 		-24.9525 		11.925
v -8.2725 		-27.5075 		11.93
v -8.2725 		-27.3725 		11.925
v -8.2725 		-27.5125 		11.93
v -8.3075 		-26.4825 		12.255
v -8.3375 		-25.1825 		12.575
v -8.1975 		-23.9625 		14.695
v -8.3575 		-30.0975 		13.225
v -8.3425 		-27.4925 		13.225
v -8.3375 		-27.3825 		13.225
v -8.3475 		-28.6675 		13.225
v -8.3475 		-28.7675 		13.225
v -8.3525 		-29.7525 		13.225
v -8.3475 		-28.3225 		13.225
v -8.3325 		-26.2425 		13.225
v -8.3375 		-27.2725 		13.225
v -8.3375 		-27.0475 		13.225
v -8.3325 		-25.7975 		13.225
v -8.3425 		-26.8825 		13.14
v -8.3375 		-25.6325 		13.14
v -8.3275 		-24.9425 		13.23
v -8.3425 		-26.4175 		13.145
v -8.3475 		-27.6675 		13.145
v -8.3325 		-25.1125 		13.145
v -8.3525 		-28.1525 		13.14
v -8.3225 		-24.4925 		13.225
v -8.3575 		-29.4875 		13.14
v -8.3575 		-28.9375 		13.14
v -8.3575 		-28.1375 		13.04
v -7.7225 		-23.4175 		16.535
v -6.9525 		-22.9525 		18.225
v -5.9125 		-22.5975 		19.705
v -4.6425 		-22.3575 		20.925
v -3.1975 		-22.2175 		21.83
v -1.6275 		-22.1575 		22.385
v -0.2325 		-87.8675 		10.325
v -0.6625 		-87.8675 		10.4725
v -1.135 		-87.8675 		10.8225
v -1.5025 		-87.8675 		11.72
v -1.3075 		-87.8675 		12.3775
v -0.9175 		-87.8675 		12.805
v -0.1875 		81.6175 		15.98
v -0.2975 		78.3025 		15.24
v -0.3725 		81.6175 		16.15
v -0.5925 		78.3025 		15.43
v -0.5475 		81.6175 		16.42
v -0.8575 		78.3025 		15.735
v -0.6975 		81.6175 		16.79
v -1.2875 		78.3025 		16.435
v -0.9125 		81.6175 		17.75
v -0.9675 		81.6175 		18.305
v -1.5225 		78.3025 		17.07
v -0.9875 		81.6175 		18.88
v -1.5525 		78.3025 		17.16
v -0.9675 		81.6175 		19.455
v -1.4325 		78.3025 		18.455
v -0.8175 		81.6175 		20.525
v -1.2875 		78.3025 		20.335
v -0.6225 		81.6175 		21.155
v -0.8575 		78.3025 		21.25
v -0.3725 		81.6175 		21.615
v -0.5925 		78.3025 		21.56
v -0.1875 		81.6175 		21.78
v -8.3275 		-22.9075 		12.25
v -8.2975 		-24.3375 		12.005
v -8.3225 		-24.2825 		12.285
v -8.2875 		-24.5125 		11.925
v -8.3075 		-22.6775 		11.925
v -8.3125 		-22.8475 		12.005
v -8.3275 		-24.3275 		13.14
v -8.3075 		-22.0525 		13.14
v -8.3025 		-22.2175 		13.23
v -8.3125 		-22.7425 		13.195
v -8.3175 		-22.8325 		13.145
v -8.3275 		-21.9925 		12.895
v -8.36 		-24.2725 		12.785
v -5.8075 		-75.7125 		12.71
v -5.825 		-75.7125 		12.9425
v -5.8762 		-75.3575 		12.7225
v -5.6425 		-76.3925 		12.16
v -5.4925 		-77.1975 		12.14
v -5.6375 		-76.4075 		12.17
v -5.5275 		-77.0325 		12.22
v -5.6675 		-76.2275 		12.15
v -5.5575 		-76.9725 		12.46
v -5.6175 		-76.5575 		12.245
v -5.6275 		-76.6075 		12.475
v -5.6225 		-76.5725 		12.335
v -5.4325 		-77.4875 		12.1525
v -5.6363 		-76.6075 		12.84
v -5.7575 		-75.7825 		12.22
v -5.7375 		-75.8625 		12.18
v -5.8525 		-75.2975 		12.245
v -5.8775 		-75.1325 		12.16
v -5.9125 		-74.9325 		12.15
v -5.9175 		-74.9175 		12.15
v -5.7225 		-75.9475 		12.145
v -5.9175 		-74.8975 		12.15
v -5.6125 		-76.5375 		13.385
v -5.5025 		-77.0175 		13.36
v -5.4675 		-77.1625 		13.445
v -5.6425 		-76.3725 		13.465
v -5.5431 		-76.965 		12.9863
v -5.75 		-75.915 		13.4375
v -5.9275 		-75.1225 		13.46
v -5.8975 		-75.2875 		13.38
v -5.7875 		-75.7675 		13.355
v -2.2925 		-74.8725 		20.67
v -1.1375 		-75.5475 		20.67
v -8.3425 		0.9375 		12.24
v -8.3425 		0.9375 		12.245
v -8.3225 		1.2825 		12.005
v -8.3225 		0.8775 		12
v -8.3625 		0.9425 		12.425
v -8.355 		2.6325 		12.4975
v -8.3225 		2.6875 		12.005
v -8.3325 		3.4975 		12.12
v -8.3375 		4.8925 		12.205
v -8.3425 		4.9025 		12.245
v -8.3175 		4.8475 		12
v -8.3175 		-4.8925 		11.92
v -8.3175 		-6.1875 		11.92
v -8.3175 		-3.2175 		11.92
v -8.3175 		-2.3625 		11.92
v -8.3225 		-2.5275 		12.005
v -8.3175 		-6.1625 		11.93
v -8.3175 		-5.0725 		11.92
v -8.3175 		-4.6275 		11.92
v -8.3175 		-2.0975 		11.92
v -8.3125 		-0.7575 		11.92
v -8.3175 		-1.9125 		11.92
v -8.3125 		0.2625 		11.92
v -8.3125 		-0.5725 		11.92
v -8.3425 		-2.5725 		12.2
v -8.3175 		-3.1975 		11.93
v -8.3225 		0.0925 		12.005
v -8.3225 		-0.4025 		12
v -8.3425 		-0.3425 		12.24
v -8.3225 		-6.0175 		12
v -8.3425 		-0.3425 		12.245
v -8.3225 		-5.2425 		12.005
v -8.3225 		-3.0525 		12
v -8.3537 		-5.2938 		12.3038
v -8.3475 		-5.9625 		12.235
v -8.3175 		-7.7775 		11.92
v -8.3225 		-15.9025 		11.92
v -8.3225 		-15.7225 		11.92
v -8.3225 		-17.1125 		11.92
v -8.3175 		-7.5925 		11.92
v -8.3175 		-3.4875 		11.92
v -8.3175 		-4.6025 		11.93
v -8.3175 		-3.6675 		11.92
v -8.3325 		-19.4225 		12
v -8.3275 		-19.5575 		11.93
v -8.3225 		-17.5625 		11.92
v -8.3175 		-6.6375 		11.92
v -8.3475 		-5.9575 		12.24
v -8.3225 		-4.4575 		12
v -8.3275 		-6.8025 		12.005
v -8.3225 		-19.5875 		11.92
v -8.3425 		-6.8475 		12.19
v -8.3175 		-7.5675 		11.93
v -8.3275 		-20.0325 		11.92
v -8.3225 		-16.1725 		11.92
v -8.3125 		-0.8375 		11.92
v -8.3175 		-1.0175 		11.92
v -8.3175 		-8.0425 		11.92
v -8.3325 		-20.2025 		12.005
v -8.3275 		-7.4225 		12
v -8.3325 		-16.3425 		12.005
v -8.3225 		-1.1875 		12.005
v -8.3275 		-8.2075 		12.005
v -8.3475 		-16.3825 		12.185
v -8.3225 		-17.0875 		11.93
v -8.3425 		-1.2375 		12.2225
v -8.3225 		-1.7425 		12
v -8.3325 		-17.7275 		12.005
v -8.3325 		-15.5575 		12
v -8.3325 		-16.9425 		12
v -8.3225 		-3.8375 		12.005
v -8.3425 		-1.6875 		12.24
v -8.3425 		-1.6875 		12.245
v -8.3475 		-17.7725 		12.18
v -8.3525 		-19.36 		12.2325
v -8.355 		-8.2625 		12.3075
v -8.3575 		-5.9575 		12.375
v -8.3475 		-16.395 		12.4213
v -8.3588 		-20.2575 		12.2762
v -8.3625 		-5.9575 		12.385
v -8.3625 		-2.9925 		12.4
v -8.3625 		-7.3625 		12.375
v -8.3625 		-1.6825 		12.41
v -8.3625 		0.0375 		12.42
v -8.3125 		5.7325 		11.92
v -8.3075 		7.1075 		11.92
v -8.3125 		3.0375 		11.92
v -8.3075 		8.7125 		11.9225
v -8.3175 		8.8725 		12
v -8.3125 		6.8525 		11.92
v -8.3125 		5.9275 		11.92
v -8.3125 		5.4775 		11.92
v -8.3125 		1.9175 		11.93
v -8.3125 		2.8525 		11.92
v -8.3125 		4.6775 		11.92
v -8.3175 		6.0925 		12
v -8.3175 		5.3075 		12.005
v -8.3175 		6.6825 		12.005
v -8.3425 		6.1525 		12.245
v -8.3125 		1.8975 		11.92
v -8.3125 		4.2275 		11.92
v -8.3125 		3.3025 		11.92
v -8.3075 		8.2575 		11.92
v -8.3075 		7.2975 		11.92
v -8.3125 		1.4475 		11.92
v -8.3125 		0.7075 		11.92
v -8.3175 		7.4675 		12
v -8.3175 		8.0875 		12.005
v -8.3375 		6.1475 		12.22
v -8.3225 		2.0675 		12
v -8.3175 		3.4725 		12
v -8.3175 		4.0575 		12.005
v -8.3375 		8.9325 		12.25
v -8.3575 		-19.3575 		12.34
v -8.3562 		-15.4975 		12.2888
v -8.3125 		-7.3525 		12.895
v -8.3425 		-6.8525 		12.575
v -8.2875 		-6.7875 		13.15
v -8.3575 		-7.3625 		12.38
v -8.2825 		-7.8475 		13.235
v -8.2775 		-17.3625 		13.235
v -8.2775 		-15.9775 		13.235
v -8.2725 		-19.5675 		13.23
v -8.2775 		-17.5425 		13.235
v -8.2825 		-7.5625 		13.225
v -8.2825 		-6.6175 		13.235
v -8.2775 		-16.1525 		13.235
v -8.2825 		-17.7125 		13.15
v -8.2775 		-17.0825 		13.225
v -8.2775 		-15.8875 		13.235
v -8.2825 		-8.0225 		13.235
v -8.2825 		-16.9275 		13.145
v -8.2775 		-15.695 		13.225
v -8.2825 		-16.3225 		13.15
v -8.2825 		-15.5425 		13.145
v -8.3125 		-17.7775 		12.815
v -8.3375 		-17.7775 		12.575
v -8.2775 		-19.5425 		13.22
v -8.2825 		-19.4025 		13.145
v -8.2825 		-6.4063 		13.235
v -8.3375 		-17.7825 		12.545
v -8.2825 		-6.1675 		13.23
v -8.2825 		-6.1525 		13.22
v -8.2875 		-8.1925 		13.15
v -8.3175 		-15.4875 		12.76
v -8.2875 		-7.4075 		13.145
v -8.2725 		-19.7725 		13.235
v -8.34 		-16.8775 		12.555
v -8.2825 		-0.5525 		13.23
v -8.2825 		0.2825 		13.235
v -8.2925 		0.1125 		13.15
v -8.2875 		-0.5225 		13.22
v -8.2825 		-2.145 		13.235
v -8.2825 		-3.4525 		13.235
v -8.2825 		-6.1375 		13.22
v -8.2825 		-5.08 		13.2225
v -8.2875 		-5.2225 		13.15
v -8.2875 		-6.0025 		13.145
v -8.2825 		-0.805 		13.235
v -8.2825 		0.5025 		13.235
v -8.2825 		-2.3425 		13.235
v -8.2875 		1.4675 		13.235
v -8.2875 		0.5525 		13.235
v -8.2875 		0.7275 		13.23
v -8.2825 		-1.0025 		13.235
v -8.2875 		4.44 		13.235
v -8.2825 		-1.8975 		13.23
v -8.2875 		5.7012 		13.235
v -8.2925 		1.2975 		13.15
v -8.3025 		1.2675 		13.035
v -8.2875 		0.7625 		13.22
v -8.2875 		5.9425 		13.23
v -8.2925 		0.8925 		13.145
v -8.2925 		-0.3875 		13.145
v -8.2975 		6.1075 		13.145
v -8.2875 		6.8675 		13.235
v -8.32 		-0.3375 		12.8575
v -8.2825 		-3.2025 		13.23
v -8.2875 		3.0675 		13.235
v -8.2875 		7.0625 		13.235
v -8.2925 		-1.1675 		13.15
v -8.2925 		-1.7325 		13.145
v -8.2875 		4.2475 		13.235
v -8.2875 		3.3175 		13.23
v -8.2875 		8.7225 		13.23
v -8.2875 		8.2725 		13.235
v -8.2875 		8.4812 		13.2338
v -8.2925 		4.0775 		13.15
v -8.2975 		8.8875 		13.145
v -8.2875 		7.3175 		13.23
v -8.3175 		-5.2875 		12.82
v -8.3425 		-5.2925 		12.58
v -8.3275 		-5.2925 		12.695
v -8.2925 		-2.5125 		13.15
v -8.2975 		7.4825 		13.145
v -8.3175 		4.0125 		12.9
v -8.2825 		-3.6475 		13.235
v -8.2975 		8.1025 		13.15
v -8.3025 		-2.5425 		13.035
v -8.2825 		-3.1725 		13.22
v -8.2925 		-3.0375 		13.145
v -8.2875 		2.8725 		13.235
v -8.2825 		-4.5925 		13.225
v -8.3225 		-2.5775 		12.82
v -8.3425 		-2.5825 		12.585
v -8.3325 		-2.5775 		12.695
v -8.2875 		1.9125 		13.23
v -8.2925 		-4.4425 		13.145
v -8.2925 		3.4825 		13.145
v -8.3175 		-4.3925 		12.8562
v -8.2975 		6.6975 		13.15
v -8.2925 		2.7025 		13.15
v -8.2925 		-3.8175 		13.15
v -8.2875 		4.6075 		13.2325
v -8.3175 		2.6425 		12.905
v -8.2875 		1.9475 		13.22
v -8.2875 		5.4975 		13.235
v -8.3425 		-2.5825 		12.575
v -8.3275 		3.5375 		12.775
v -8.3225 		4.0125 		12.825
v -8.2925 		2.0775 		13.145
v -8.3275 		-2.9825 		12.77
v -8.3225 		2.6375 		12.825
v -8.2975 		5.3275 		13.15
v -8.3275 		6.6375 		12.83
v -8.3525 		6.6312 		12.5437
v -8.3325 		8.9375 		12.775
v -8.3425 		-5.2925 		12.575
v -8.3275 		-1.6775 		12.77
v -8.3175 		2.1325 		12.895
v -8.2975 		4.8575 		13.145
v -8.3475 		8.0375 		12.585
v -8.3275 		8.0425 		12.83
v -8.3225 		-1.2325 		12.825
v -8.3425 		-1.2375 		12.59
v -8.3325 		-1.2375 		12.7
v -8.3562 		5.255 		12.5087
v -8.3225 		-3.8825 		12.82
v -8.3425 		-3.8875 		12.58
v -8.3325 		-3.8825 		12.695
v -8.34 		4.91 		12.6725
v -8.3475 		1.2275 		12.5712
v -8.3425 		-1.2375 		12.575
v -8.3475 		-1.2375 		12.575
v -8.3175 		6.1625 		12.895
v -8.34 		6.16 		12.6725
v -8.355 		-4.3963 		12.4187
v -8.3425 		-3.8875 		12.575
v -8.5575 		-36.1975 		4.075
v -9.1525 		-37.4425 		6.05
v -8.6775 		1.0875 		4.865
v -6.6775 		-20.5575 		2.975
v -6.6775 		-21.6975 		2.86
v -6.6775 		-23.5375 		2.8
v -9.2375 		-1.3625 		7.645
v -9.1975 		1.6875 		7.27
v -6.6775 		-27.1325 		2.66
v -9.1125 		1.9925 		6.84
v -8.9225 		1.8575 		6.31
v -9.9275 		-36.3675 		7.98
v -9.9775 		-33.3025 		9.25
v -6.6775 		-34.3425 		3.125
v -9.6225 		-37.3775 		6.935
v -8.7575 		1.5475 		5.68
v -9.9775 		-21.8075 		8.785
v -9.9775 		-22.8275 		8.84
v -9.9775 		-24.1325 		8.925
v -79.2125 		30.8725 		12.865
v -70.6525 		23.9275 		12.5
v -79.2125 		31.8875 		12.84
v -79.2125 		33.4375 		12.675
v -70.6525 		28.3325 		12.685
v -79.2125 		35.8275 		12.645
v -79.2125 		27.3525 		12.875
v -70.6525 		20.1125 		12.52
v -79.2125 		35.8725 		12.585
v -79.2125 		35.8575 		12.525
v -79.2125 		26.8475 		12.73
v -70.6525 		19.4025 		12.26
v -70.6525 		19.1725 		12.01
v -79.2125 		26.6675 		12.39
v -70.6525 		19.1625 		11.78
v -79.2125 		26.6825 		12.565
v -70.6525 		27.6025 		11.785
v -79.2125 		35.8025 		12.47
v -79.2125 		32.5475 		12.44
v -70.6525 		19.4425 		11.405
v -79.2125 		27.1825 		12.08
v -70.6525 		19.8775 		11.25
v -79.2125 		26.8775 		12.2
v -70.6525 		26.0275 		11.31
v -79.2125 		32.6425 		12.11
v -70.6525 		25.7125 		11.29
v -79.2125 		32.145 		12.095
v -70.6525 		23.9325 		11.295
v -79.2125 		32.6425 		12.825
v -70.6525 		25.9025 		12.425
v -1.0975 		71.4525 		13.745
v -1.4875 		71.4775 		13.975
v -1.8475 		71.5025 		14.35
v -2.2025 		71.5325 		14.855
v -2.4225 		71.5475 		15.295
v -2.5175 		71.5725 		15.615
v -2.6925 		71.9575 		16.395
v -23.8575 		75.7125 		18.26
v -27.6875 		79.0875 		18.205
v -23.7675 		75.8875 		17.66
v -27.6875 		79.0275 		18.515
v -23.8075 		76.1725 		18.635
v -27.6875 		79.4625 		18.81
v -2.7075 		71.9025 		18.215
v -2.4075 		71.9025 		19.955
v -2.1475 		71.8775 		20.57
v -1.8325 		71.8525 		21.07
v -1.4725 		71.8325 		21.445
v -0.2875 		87.4125 		43.985
v -0.3325 		78.3725 		46.67
v -0.4425 		74.8625 		43.95
v -0.9375 		59.1275 		10.975
v -1.8425 		59.1275 		11.28
v -2.6775 		59.1275 		11.78
v -3.4075 		59.1275 		12.445
v -4.0075 		59.1275 		13.175
v -4.2625 		59.1875 		13.68
v -4.5825 		60.2275 		14.98
v -5.1175 		59.5075 		17.03
v -4.8425 		60.0975 		17.775
v -4.0075 		60.1325 		19.25
v -3.4075 		60.1325 		20.07
v -2.6775 		60.1325 		20.74
v -1.8425 		60.1325 		21.24
v -1.2625 		60.1325 		21.545
v -0.3648 		80.5769 		44.4959
v -0.3775 		80.1075 		43.97
v -27.4225 		84.6775 		18.385
v -27.6875 		85.6625 		18.67
v -27.6875 		85.5375 		18.48
v -27.6875 		85.7825 		18.85
v -27.4075 		84.9675 		18.835
v -23.2675 		82.7475 		18.73
v -23.2775 		82.5175 		18.045
v -23.2475 		84.3075 		18.255
v -23.2325 		84.5175 		18.785
v -1.3025 		57.0275 		28.9
v -0.9825 		66.7725 		28.995
v -1.6325 		50.1275 		23.075
v -1.2175 		61.6075 		23.205
v -1.0575 		-77.5475 		19.09
v -1.0575 		-77.5375 		19.09
v -4.2125 		-74.7075 		19.09
v -3.1925 		-76.0775 		19.09
v -1.1975 		-77.4675 		19.09
v -2.1275 		-76.9975 		19.09
v -4.0475 		-74.5675 		18.85
v -4.3575 		-72.6075 		18.85
v -3.0325 		-75.9325 		18.85
v -1.9625 		-76.8575 		18.85
v -2.3175 		-74.5675 		20.43
v -3.3875 		-72.6075 		20.43
v -2.1325 		-74.7425 		20.43
v -0.9775 		-75.4125 		20.43
v -0.8975 		-77.3725 		18.85
v -3.1875 		-74.5675 		19.665
v -32.3275 		-6.1025 		10.175
v -27.9775 		-10.0075 		10.01
v -32.3275 		5.6075 		9.98
v -27.9775 		3.9875 		9.625
v -32.3275 		-12.5775 		10.225
v -27.9775 		-16.3775 		10.065
v -32.3275 		-14.0775 		9.625
v -27.9775 		-18.1625 		9.385
v -27.9775 		-18.7525 		8.82
v -32.3275 		-14.6025 		8.69
v -27.9775 		-18.7875 		8.335
v -32.3275 		-14.5725 		9.125
v -27.9775 		4.1175 		8.12
v -32.3275 		5.5125 		8.59
v -27.9775 		-18.0675 		7.285
v -32.3275 		-13.0875 		7.525
v -27.9775 		-16.9825 		6.795
v -32.3275 		-13.9975 		7.765
v -27.9775 		-5.8775 		6.95
v -32.3275 		-2.5825 		7.665
v -27.9775 		-7.6725 		6.86
v -32.3275 		-4.1125 		7.58
v -32.3275 		-6.0425 		7.625
v -32.3275 		-3.1425 		10.005
v -27.9775 		-6.5625 		9.815
v -51.9825 		9.6225 		11.505
v -51.9825 		5.0575 		11.535
v -51.9825 		4.0075 		11.16
v -51.9825 		3.6375 		10.525
v -51.9825 		3.6575 		10.83
v -51.9825 		4.7025 		9.785
v -51.9825 		4.0625 		9.965
v -51.9825 		12.4425 		9.87
v -51.9825 		9.6525 		9.85
v -51.9825 		12.1625 		11.4
v -53.5475 		6.3825 		11.61
v -53.5625 		5.3525 		11.25
v -53.5725 		5.0125 		10.925
v -53.5725 		4.9925 		10.625
v -53.5725 		5.4075 		10.09
v -53.5725 		6.0325 		9.91
v -53.5625 		12.5175 		9.945
v -53.5625 		18.3025 		11.415
v -53.5475 		13.4575 		11.48
v -0.4031 		-88.5075 		11.4887
v -0.5275 		-88.5075 		11.65
v -0.5425 		-88.5075 		12.01
v -0.3125 		-88.5075 		12.31
v -0.2175 		-88.5075 		12.36
v -11.6225 		-25.7825 		9.075
v -10.9375 		-2.5675 		7.98
v -11.6225 		-31.7225 		9.155
v -11.5825 		-34.6675 		8.155
v -10.8375 		-35.6975 		6.64
v -11.2875 		-35.6375 		7.335
v -10.4025 		-1.5075 		5.455
v -8.5175 		-32.7175 		3.58
v -10.2725 		-34.5075 		5.085
v -8.5175 		-19.1825 		3.815
v -8.5175 		-25.5225 		3.575
v -11.6225 		-20.3725 		8.79
v -3.6325 		-84.1675 		12.255
v -4.1775 		-81.9525 		13.035
v -3.8075 		-83.5625 		12.145
v -4.1025 		-82.5025 		12.165
v -4.1675 		-82.2575 		12.155
v -4.1875 		-82.1875 		12.155
v -4.2275 		-82.0225 		12.23
v -4.2225 		-81.9625 		12.475
v -4.0125 		-82.7975 		12.265
v -3.8475 		-83.3925 		12.22
v -3.6875 		-84.0075 		12.165
v -3.9825 		-82.8375 		12.46
v -4.0075 		-82.7975 		12.28
v -3.9625 		-82.8475 		12.685
v -3.5325 		-84.22 		12.785
v -3.5525 		-83.5375 		13.485
v -3.6375 		-83.3725 		13.39
v -3.6675 		-83.3575 		13.32
v -3.9975 		-82.1625 		13.485
v -3.8525 		-82.6125 		13.51
v -3.8375 		-82.7025 		13.47
v -3.8225 		-82.7775 		13.43
v -3.7225 		-83.3225 		13.14
v -4.0725 		-82.0075 		13.39
v -4.1475 		-81.9525 		13.155
v -4.1575 		-81.9525 		13.14
v -3.7175 		-83.3325 		13.16
v -3.8662 		-82.83 		13.1925
v -3.3475 		-84.1475 		13.435
v -3.3775 		-83.9775 		13.515
v -12.1575 		66.4175 		16.04
v -12.5225 		65.9075 		17.515
v -12.3375 		66.4425 		18.115
v -11.0375 		76.1925 		18.42
v -1.2775 		70.6725 		23.52
v -11.0325 		76.1225 		17.05
v -0.9225 		74.1675 		29.175
v -5.7425 		-63.8375 		19.505
v -5.8875 		-63.8375 		19.215
v -5.6975 		-63.8225 		19.12
v -5.4425 		-63.8825 		19.635
v -6.2175 		-63.8575 		19.02
v -6.0275 		-63.8375 		18.925
v -5.9375 		-63.8825 		18.605
v -5.9425 		-64.5075 		18.525
v -5.9525 		-64.2825 		18.525
v -6.2875 		-64.6925 		18.79
v -5.8975 		-64.6725 		18.595
v -6.3525 		-64.0825 		18.72
v -5.9625 		-64.0575 		18.53
v -6.0375 		-64.7525 		19.295
v -5.8975 		-64.7425 		19.585
v -5.8425 		-64.7425 		19.2
v -5.6475 		-64.7325 		19.105
v -5.6025 		-64.6725 		19.71
v -5.4025 		-64.6725 		19.62
v -5.3875 		-64.2725 		19.7
v -5.3975 		-64.0475 		19.705
v -5.5725 		-64.5075 		19.79
v -5.7625 		-62.5975 		19.505
v -5.9025 		-62.6075 		19.215
v -5.7075 		-62.5875 		19.12
v -5.4575 		-62.6425 		19.635
v -6.0425 		-62.6075 		18.925
v -5.9525 		-62.6525 		18.605
v -6.3475 		-63.2925 		18.715
v -5.9675 		-63.0425 		18.525
v -6.1075 		-63.4475 		18.69
v -5.9175 		-63.4425 		18.595
v -5.9825 		-62.8225 		18.53
v -5.6675 		-63.4925 		19.105
v -5.4225 		-63.4325 		19.62
v -6.0025 		-63.5025 		18.91
v -5.3925 		-63.2675 		19.695
v -5.4025 		-63.0425 		19.7
v -5.6125 		-62.8225 		19.795
v -5.5875 		-63.2675 		19.79
v -6.1125 		-61.3675 		19.31
v -5.7775 		-61.3475 		19.505
v -5.9875 		-61.3575 		19.07
v -5.8675 		-61.4175 		19.815
v -5.7275 		-61.3425 		19.12
v -5.4725 		-61.3925 		19.635
v -6.1625 		-61.4175 		18.705
v -5.9675 		-61.4025 		18.605
v -6.28 		-61.8125 		18.6675
v -5.9775 		-62.0175 		18.525
v -5.9875 		-61.7925 		18.525
v -6.1275 		-62.1925 		18.69
v -5.9325 		-62.1925 		18.595
v -5.9975 		-61.5675 		18.53
v -6.5575 		-62.0525 		18.81
v -6.0725 		-62.2625 		19.295
v -5.8075 		-62.2525 		19.345
v -5.6825 		-62.2425 		19.105
v -5.4425 		-62.1825 		19.62
v -5.4125 		-62.0175 		19.695
v -5.4325 		-61.5675 		19.705
v -5.9375 		-60.1075 		19.215
v -5.6875 		-60.1575 		19.725
v -5.8825 		-60.1675 		19.815
v -5.7425 		-60.0925 		19.12
v -5.4925 		-60.1425 		19.635
v -6.2725 		-60.1175 		19.02
v -6.3725 		-60.1775 		18.8
v -6.0775 		-60.1075 		18.925
v -5.9875 		-60.1525 		18.605
v -6.1875 		-60.7775 		18.62
v -6.0025 		-60.5425 		18.525
v -6.435 		-60.9625 		18.835
v -5.9525 		-60.9425 		18.595
v -6.0125 		-60.3175 		18.53
v -6.1625 		-61.0125 		19.15
v -5.9525 		-61.0125 		19.585
v -5.7025 		-60.9925 		19.105
v -5.4575 		-60.9325 		19.62
v -6.0375 		-61.0025 		18.91
v -6.4275 		-61.0275 		19.1
v -5.4275 		-60.7675 		19.695
v -5.4475 		-60.3175 		19.705
v -6.1475 		-58.8225 		19.31
v -5.8125 		-58.8075 		19.505
v -5.69 		-58.7975 		19.2675
v -5.5125 		-58.8475 		19.635
v -6.3925 		-58.8825 		18.8
v -6.0075 		-58.8575 		18.605
v -6.3025 		-59.4875 		18.6675
v -6.2175 		-59.2575 		18.62
v -6.0225 		-59.2475 		18.525
v -6.3575 		-59.6575 		18.79
v -5.9675 		-59.6475 		18.595
v -6.0325 		-59.0225 		18.53
v -6.1075 		-59.7175 		19.295
v -6.1625 		-59.7275 		19.68
v -5.8675 		-59.6575 		19.805
v -5.7725 		-59.7075 		19.49
v -5.9125 		-59.7075 		19.2
v -5.65 		-59.6925 		19.2525
v -5.4725 		-59.6375 		19.62
v -6.0525 		-59.7075 		18.91
v -6.4425 		-59.7325 		19.1
v -5.4475 		-59.4725 		19.695
v -5.4675 		-59.0125 		19.705
v -6.0975 		-57.5575 		19.455
v -5.7225 		-57.5975 		19.725
v -5.7775 		-57.5275 		19.12
v -5.5275 		-57.5825 		19.635
v -6.2225 		-57.5575 		19.695
v -6.3625 		-57.5625 		19.4
v -6.015 		-57.6125 		19.8625
v -6.4075 		-57.6175 		18.8
v -6.0225 		-57.5925 		18.605
v -6.2225 		-58.2225 		18.62
v -6.0425 		-57.9825 		18.525
v -6.47 		-58.4025 		18.835
v -5.9875 		-58.3825 		18.595
v -6.0525 		-57.7625 		18.53
v -6.1975 		-58.4475 		19.15
v -5.9875 		-58.4475 		19.585
v -5.9325 		-58.4425 		19.2
v -5.7375 		-58.4325 		19.105
v -5.6875 		-58.3825 		19.71
v -5.4925 		-58.3725 		19.62
v -6.0725 		-58.4425 		18.91
v -5.4675 		-58.2075 		19.695
v -5.4825 		-57.7475 		19.705
v -6.1875 		-56.2125 		19.31
v -5.9925 		-56.2025 		19.215
v -5.7425 		-56.2525 		19.725
v -5.7975 		-56.1925 		19.12
v -5.5475 		-56.2475 		19.635
v -6.3825 		-56.2175 		19.4
v -6.4275 		-56.2725 		18.8
v -6.2325 		-56.2625 		18.705
v -6.0425 		-56.2525 		18.605
v -6.0575 		-56.6425 		18.525
v -6.1975 		-57.0425 		18.69
v -6.0075 		-57.0425 		18.595
v -6.0675 		-56.4175 		18.53
v -6.6525 		-56.4525 		18.815
v -6.5875 		-57.0625 		18.88
v -6.1425 		-57.1125 		19.295
v -5.9525 		-57.0975 		19.2
v -5.7575 		-57.0875 		19.105
v -5.7075 		-57.0425 		19.71
v -5.5125 		-57.0275 		19.62
v -5.8975 		-57.0975 		18.815
v -5.4825 		-56.8625 		19.695
v -5.5025 		-56.4075 		19.705
v -6.0675 		-56.8875 		19.975
v -5.8725 		-56.8775 		19.88
v -6.2025 		-55.0025 		19.31
v -6.0075 		-54.9975 		19.215
v -5.7575 		-55.0475 		19.725
v -5.8125 		-54.9875 		19.12
v -5.5625 		-55.0375 		19.635
v -6.3975 		-55.0125 		19.4
v -6.4425 		-55.0725 		18.8
v -6.2525 		-55.0575 		18.705
v -6.0575 		-55.0475 		18.605
v -6.4525 		-55.6825 		18.715
v -6.0225 		-55.8375 		18.595
v -6.0875 		-55.2125 		18.53
v -6.2175 		-55.9175 		19.68
v -6.3575 		-55.9175 		19.39
v -5.7725 		-55.8875 		19.105
v -5.5275 		-55.8275 		19.62
v -5.5075 		-55.4275 		19.7
v -5.5225 		-55.2025 		19.705
v -6.2225 		-53.6675 		19.31
v -6.0275 		-53.6575 		19.215
v -5.9725 		-53.7175 		19.815
v -5.8325 		-53.6425 		19.12
v -5.5825 		-53.6925 		19.635
v -6.2775 		-53.6775 		19.695
v -6.4175 		-53.6775 		19.4
v -6.5575 		-53.6775 		19.11
v -6.4625 		-53.7275 		18.8
v -6.2675 		-53.7175 		18.705
v -6.0775 		-53.7025 		18.605
v -6.2775 		-54.3375 		18.62
v -6.0925 		-54.1025 		18.525
v -6.2325 		-54.5025 		18.69
v -6.4275 		-54.5075 		18.79
v -6.0425 		-54.4925 		18.595
v -6.2975 		-53.8825 		18.625
v -6.1775 		-54.5625 		19.295
v -6.3725 		-54.5775 		19.39
v -5.9375 		-54.5025 		19.805
v -5.7925 		-54.5425 		19.105
v -5.5475 		-54.4825 		19.62
v -5.5175 		-54.3175 		19.695
v -5.5375 		-53.8675 		19.705
v -6.2375 		-52.4875 		19.31
v -5.9725 		-52.4775 		19.36
v -6.0975 		-52.4875 		19.6
v -5.8475 		-52.4675 		19.12
v -5.5975 		-52.5225 		19.635
v -6.4325 		-52.5025 		19.4
v -6.1825 		-52.5575 		19.91
v -6.4775 		-52.5575 		18.8
v -6.1825 		-52.4875 		18.925
v -6.0925 		-52.5325 		18.605
v -6.4 		-52.9425 		18.6675
v -6.2925 		-53.1625 		18.62
v -6.1125 		-52.9225 		18.525
v -6.2475 		-53.3275 		18.69
v -6.0575 		-53.3175 		18.595
v -6.1225 		-52.7025 		18.53
v -6.0575 		-53.3825 		19.585
v -6.0025 		-53.3825 		19.2
v -5.6675 		-53.3725 		19.4
v -5.8075 		-53.3725 		19.105
v -5.7575 		-53.3175 		19.71
v -5.5625 		-53.3125 		19.62
v -6.3375 		-53.3875 		19.005
v -5.5325 		-53.1375 		19.695
v -5.5575 		-52.6875 		19.705
v -6.3075 		-47.3925 		19.31
v -6.1675 		-47.3925 		19.6
v -6.1125 		-47.3825 		19.215
v -5.8675 		-47.4375 		19.725
v -5.9175 		-47.3725 		19.12
v -5.6675 		-47.4175 		19.635
v -6.5025 		-47.4025 		19.4
v -6.4475 		-47.3925 		19.02
v -6.5525 		-47.4525 		18.8
v -6.2525 		-47.3825 		18.925
v -6.1625 		-47.4275 		18.605
v -6.4725 		-47.8375 		18.6675
v -6.5575 		-48.0675 		18.715
v -6.1825 		-47.8175 		18.525
v -6.3225 		-48.2225 		18.69
v -6.1275 		-48.2175 		18.595
v -6.1925 		-47.5925 		18.53
v -6.7525 		-48.0775 		18.81
v -6.0025 		-48.2775 		19.345
v -5.8775 		-48.2675 		19.105
v -5.6325 		-48.2075 		19.62
v -5.6075 		-48.0425 		19.695
v -5.6175 		-47.8175 		19.7
v -5.8225 		-47.5975 		19.795
v -5.8125 		-47.8275 		19.795
v -6.3275 		-46.0375 		19.31
v -6.0625 		-46.0275 		19.36
v -5.9375 		-46.0125 		19.12
v -5.6875 		-46.0625 		19.635
v -6.5225 		-46.0475 		19.4
v -6.6625 		-46.0475 		19.11
v -6.5675 		-46.0975 		18.8
v -6.2725 		-46.0275 		18.925
v -6.1825 		-46.0725 		18.605
v -6.5775 		-46.7075 		18.715
v -6.2025 		-46.4725 		18.525
v -6.5325 		-46.8775 		18.79
v -6.1475 		-46.8625 		18.595
v -6.4025 		-46.2525 		18.625
v -6.7925 		-46.2725 		18.815
v -6.2875 		-46.9325 		19.295
v -6.1475 		-46.9325 		19.585
v -5.8975 		-46.9125 		19.105
v -5.8475 		-46.8625 		19.71
v -5.6525 		-46.8525 		19.62
v -6.1625 		-46.9225 		19.055
v -5.6225 		-46.6875 		19.695
v -5.6425 		-46.2375 		19.705
v -6.0125 		-44.7275 		19.505
v -6.1525 		-44.7275 		19.215
v -6.0975 		-44.7875 		19.815
v -5.9575 		-44.7175 		19.12
v -5.7075 		-44.7625 		19.635
v -6.3925 		-44.7875 		18.705
v -6.2025 		-44.7775 		18.605
v -6.51 		-45.1825 		18.6675
v -6.4025 		-45.4025 		18.62
v -6.2175 		-45.1625 		18.525
v -6.5525 		-45.5775 		18.79
v -6.1625 		-45.5625 		18.595
v -6.2275 		-44.9425 		18.53
v -6.7925 		-45.4225 		18.81
v -6.3025 		-45.6375 		19.295
v -6.1625 		-45.6275 		19.585
v -6.4975 		-45.6475 		19.39
v -5.9125 		-45.6125 		19.105
v -5.8675 		-45.5625 		19.71
v -5.6675 		-45.5525 		19.62
v -6.1775 		-45.6225 		19.055
v -6.4425 		-45.6375 		19.005
v -5.6425 		-45.3875 		19.695
v -5.6625 		-44.9375 		19.705
v -6.3625 		-43.5375 		19.31
v -6.1125 		-43.5975 		19.815
v -5.9725 		-43.5125 		19.12
v -5.7225 		-43.5725 		19.635
v -6.2175 		-43.5725 		18.605
v -6.4175 		-44.2075 		18.62
v -6.2325 		-43.9725 		18.525
v -6.1825 		-44.3625 		18.595
v -6.2475 		-43.7475 		18.53
v -6.3775 		-44.4475 		19.68
v -6.5175 		-44.4475 		19.39
v -6.0775 		-44.3725 		19.805
v -6.1275 		-44.4225 		19.2
v -5.9325 		-44.4125 		19.105
v -5.6875 		-44.3525 		19.62
v -6.365 		-44.4275 		18.9575
v -5.6575 		-44.1875 		19.695
v -5.6775 		-43.7375 		19.705
v -5.8525 		-44.1975 		19.79
v -6.1325 		-42.2425 		19.815
v -5.9925 		-42.1625 		19.12
v -5.7425 		-42.2125 		19.635
v -6.4375 		-42.1975 		19.695
v -6.5775 		-42.1975 		19.4
v -6.6225 		-42.2425 		18.8
v -6.2375 		-42.2175 		18.605
v -6.4375 		-42.8525 		18.62
v -6.4475 		-42.6275 		18.62
v -6.6325 		-42.8625 		18.715
v -6.2525 		-42.6125 		18.525
v -6.3925 		-43.0175 		18.69
v -6.2025 		-43.0075 		18.595
v -6.2625 		-42.3925 		18.53
v -6.3375 		-43.0775 		19.295
v -6.3925 		-43.0875 		19.68
v -6.6025 		-43.0975 		19.245
v -6.0975 		-43.0175 		19.805
v -6.0025 		-43.0675 		19.49
v -6.1425 		-43.0675 		19.2
v -5.9525 		-43.0675 		19.105
v -5.7075 		-43.0075 		19.62
v -6.4775 		-43.0875 		19.005
v -6.0925 		-43.0675 		18.815
v -5.6775 		-42.8325 		19.695
v -5.6975 		-42.3825 		19.705
v -6.0075 		-40.9175 		19.12
v -5.7575 		-40.9625 		19.635
v -6.6913 		-40.9963 		18.8212
v -6.2525 		-40.9675 		18.605
v -6.2725 		-41.3625 		18.525
v -6.6025 		-41.7775 		18.79
v -6.2175 		-41.7575 		18.595
v -6.2825 		-41.1375 		18.53
v -6.7975 		-41.7875 		18.88
v -6.3575 		-41.8375 		19.295
v -6.1125 		-41.7725 		19.805
v -6.0225 		-41.8175 		19.49
v -6.1625 		-41.8225 		19.2
v -5.7225 		-41.7525 		19.62
v -6.3025 		-41.8225 		18.91
v -6.0375 		-41.8125 		18.96
v -5.6975 		-41.5825 		19.695
v -5.7175 		-41.1325 		19.705
v -6.0975 		-41.3825 		19.885
v -5.8925 		-41.5925 		19.79
v -6.4175 		-39.6825 		19.31
v -6.2225 		-39.6775 		19.215
v -6.1675 		-39.7425 		19.815
v -6.0275 		-39.6675 		19.12
v -5.7775 		-39.7125 		19.635
v -6.5575 		-39.6875 		19.02
v -6.8525 		-39.7525 		18.89
v -6.6575 		-39.7475 		18.8
v -6.4625 		-39.7375 		18.705
v -6.2725 		-39.7225 		18.605
v -6.4725 		-40.3475 		18.62
v -6.2875 		-40.1175 		18.525
v -6.6225 		-40.5325 		18.79
v -6.2325 		-40.5075 		18.595
v -6.2975 		-39.8875 		18.53
v -6.8175 		-40.5375 		18.88
v -6.3725 		-40.5875 		19.295
v -6.4275 		-40.5925 		19.68
v -6.5675 		-40.5975 		19.39
v -6.1325 		-40.5225 		19.805
v -5.9825 		-40.5625 		19.105
v -5.7375 		-40.5025 		19.62
v -5.7325 		-39.8825 		19.705
v -6.4325 		-38.3875 		19.31
v -6.3075 		-38.3725 		19.07
v -5.9925 		-38.4275 		19.725
v -6.0425 		-38.3625 		19.12
v -5.7925 		-38.4175 		19.635
v -6.4825 		-38.4325 		18.705
v -6.2875 		-38.4225 		18.605
v -6.585 		-39.055 		18.6675
v -6.3075 		-38.8175 		18.525
v -6.6375 		-39.2225 		18.79
v -6.2525 		-39.2125 		18.595
v -6.7025 		-38.6175 		18.72
v -6.3175 		-38.5925 		18.53
v -6.3225 		-39.2825 		19.44
v -6.5875 		-39.2925 		19.39
v -6.1525 		-39.2175 		19.805
v -6.0575 		-39.2725 		19.49
v -6.0025 		-39.2625 		19.105
v -5.7575 		-39.2075 		19.62
v -6.3375 		-39.2775 		18.91
v -6.7275 		-39.2925 		19.1
v -5.7325 		-39.0325 		19.695
v -5.7425 		-38.8125 		19.7
v -6.3175 		-39.0625 		19.975
v -5.9525 		-38.5925 		19.795
v -5.9275 		-39.0425 		19.79
v -6.1125 		-37.2025 		19.505
v -6.2575 		-37.2025 		19.215
v -6.0675 		-37.1875 		19.12
v -5.8125 		-37.2425 		19.635
v -6.5875 		-37.2125 		19.02
v -6.4975 		-37.2675 		18.705
v -6.3075 		-37.2475 		18.605
v -6.5075 		-37.8775 		18.62
v -6.3225 		-37.6425 		18.525
v -6.2675 		-38.0375 		18.595
v -6.3325 		-37.4175 		18.53
v -6.4775 		-38.1075 		19.15
v -6.2675 		-38.1075 		19.585
v -6.2125 		-38.0975 		19.2
v -6.0175 		-38.0925 		19.105
v -5.9725 		-38.0375 		19.71
v -5.7725 		-38.0325 		19.62
v -6.3525 		-38.0975 		18.91
v -5.7475 		-37.8625 		19.695
v -5.7675 		-37.4075 		19.705
v -6.4675 		-35.8875 		19.31
v -6.0275 		-35.9275 		19.725
v -6.2225 		-35.9375 		19.815
v -6.0775 		-35.8625 		19.12
v -5.8275 		-35.9175 		19.635
v -6.9075 		-35.9575 		18.89
v -6.3225 		-35.9275 		18.605
v -6.3425 		-36.3175 		18.525
v -6.4825 		-36.7175 		18.69
v -6.6725 		-36.7225 		18.79
v -6.2875 		-36.7125 		18.595
v -6.7375 		-36.1175 		18.72
v -6.3525 		-36.0925 		18.53
v -6.4275 		-36.7825 		19.295
v -6.2875 		-36.7825 		19.585
v -6.1825 		-36.7175 		19.805
v -6.2325 		-36.7775 		19.2
v -6.0375 		-36.7625 		19.105
v -5.9875 		-36.7125 		19.71
v -5.7925 		-36.7075 		19.62
v -5.7675 		-36.5325 		19.695
v -5.9825 		-36.0925 		19.795
v -5.9725 		-36.3225 		19.795
v -6.0975 		-34.5375 		19.12
v -5.8475 		-34.5875 		19.635
v -6.6275 		-34.5575 		19.02
v -6.3425 		-34.5925 		18.605
v -6.65 		-35.005 		18.6675
v -6.5425 		-35.2275 		18.62
v -6.3575 		-34.9875 		18.525
v -6.4975 		-35.3925 		18.69
v -6.79 		-35.405 		18.835
v -6.3075 		-35.3825 		18.595
v -6.5625 		-34.7775 		18.625
v -6.0575 		-35.4375 		19.105
v -5.8125 		-35.3725 		19.62
v -5.7825 		-35.2075 		19.695
v -5.7925 		-34.9825 		19.7
v -5.9875 		-34.9875 		19.795
v -5.1675 		-78.1975 		12.815
v -4.7425 		-78.1775 		12.87
v -4.8125 		-78.2225 		13.435
v -5.0975 		-78.2575 		12.255
v -4.8775 		-78.2475 		12.285
v -4.6625 		-78.2325 		12.305
v -4.6325 		-78.6325 		12.23
v -4.6275 		-79.0225 		12.315
v -4.9575 		-79.0825 		13.175
v -4.9125 		-79.0825 		12.855
v -4.6975 		-79.0725 		12.88
v -4.7775 		-79.0125 		13.445
v -4.7975 		-78.8475 		13.525
v -4.8175 		-78.3975 		13.52
v -5.4075 		-76.9625 		12.805
v -5.1925 		-76.9475 		12.835
v -5.2675 		-77.0075 		13.395
v -5.4825 		-77.0175 		13.365
v -4.9825 		-76.9375 		12.86
v -5.0525 		-76.9875 		13.425
v -5.1175 		-77.0075 		12.275
v -4.9025 		-76.9975 		12.3
v -4.8625 		-77.6225 		12.225
v -4.8725 		-77.3975 		12.22
v -5.0825 		-77.7975 		12.285
v -4.8675 		-77.7875 		12.31
v -5.1525 		-77.8475 		12.845
v -4.9825 		-77.8425 		13.195
v -4.9375 		-77.8425 		12.875
v -5.2275 		-77.7875 		13.405
v -5.0175 		-77.7775 		13.435
v -5.3275 		-77.8575 		12.5
v -5.0325 		-77.6075 		13.515
v -5.2575 		-77.3975 		13.485
v -5.2675 		-77.1725 		13.48
v -5.7225 		-75.7125 		12.795
v -5.5525 		-75.6975 		13.145
v -5.2925 		-75.6875 		12.85
v -5.3675 		-75.7375 		13.42
v -5.4675 		-75.7075 		12.505
v -5.2175 		-75.7475 		12.29
v -5.3925 		-76.3725 		12.19
v -5.6075 		-76.3825 		12.165
v -5.1775 		-76.3725 		12.215
v -5.6075 		-76.5575 		12.245
v -5.1825 		-76.5375 		12.3
v -5.1975 		-75.9225 		12.21
v -5.5075 		-76.5975 		13.155
v -5.2525 		-76.5925 		12.865
v -5.3275 		-76.5275 		13.43
v -5.4225 		-76.5975 		12.515
v -5.3575 		-76.1375 		13.505
v -5.5825 		-75.9225 		13.47
v -5.5625 		-76.3725 		13.475
v -5.8675 		-74.4475 		13.14
v -5.8225 		-74.4475 		12.815
v -5.6075 		-74.4375 		12.845
v -5.6825 		-74.4875 		13.41
v -5.7825 		-74.4475 		12.5
v -5.5325 		-74.4975 		12.28
v -5.4925 		-75.1225 		12.205
v -5.7075 		-75.2975 		12.265
v -5.4925 		-75.2875 		12.29
v -5.7275 		-74.6825 		12.18
v -5.5125 		-74.6625 		12.2
v -5.5875 		-75.3375 		13.015
v -5.6425 		-75.2775 		13.42
v -5.6725 		-74.8875 		13.495
v -5.8775 		-75.1225 		13.465
v -6.1425 		-73.1525 		13.125
v -5.8875 		-73.1425 		12.835
v -5.9575 		-73.1975 		13.4
v -6.0575 		-73.1525 		12.485
v -5.8075 		-73.2075 		12.27
v -5.9825 		-73.8325 		12.17
v -5.7775 		-73.5975 		12.2
v -5.7725 		-73.9875 		12.28
v -5.7925 		-73.3725 		12.19
v -6.1025 		-74.0475 		13.14
v -5.8425 		-74.0475 		12.845
v -6.1375 		-73.9875 		13.375
v -5.9225 		-73.9875 		13.41
v -6.0375 		-74.0575 		12.6575
v -5.9525 		-73.5875 		13.485
v -5.9425 		-73.8125 		13.485
v -6.0875 		-71.8775 		12.825
v -6.1625 		-71.9275 		13.39
v -6.0125 		-71.9375 		12.26
v -5.9725 		-72.5525 		12.185
v -5.9725 		-72.7275 		12.27
v -5.9925 		-72.1025 		12.18
v -6.3025 		-72.7875 		13.125
v -6.2625 		-72.7875 		12.805
v -6.0475 		-72.7825 		12.835
v -6.1225 		-72.7175 		13.4
v -6.2175 		-72.7875 		12.485
v -6.1525 		-72.3275 		13.475
v -6.3575 		-72.5625 		13.445
v -6.7225 		-70.5575 		13.075
v -6.2525 		-70.5325 		12.815
v -6.3275 		-70.5925 		13.38
v -6.1775 		-70.5925 		12.25
v -6.1375 		-71.3825 		12.26
v -6.4675 		-71.4425 		13.115
v -6.4275 		-71.4425 		12.795
v -6.2125 		-71.4425 		12.825
v -6.2875 		-71.3825 		13.39
v -6.3825 		-71.4525 		12.475
v -6.3075 		-71.2075 		13.465
v -6.5425 		-70.7675 		13.43
v -6.8475 		-69.3525 		12.745
v -6.6725 		-69.3425 		13.095
v -6.7025 		-69.4025 		13.335
v -6.9175 		-69.4125 		13.305
v -6.4175 		-69.3325 		12.805
v -6.4875 		-69.3875 		13.37
v -6.5875 		-69.3425 		12.455
v -6.3425 		-69.3875 		12.24
v -6.3025 		-70.0125 		12.165
v -6.3025 		-70.1775 		12.25
v -6.3225 		-69.5575 		12.16
v -6.3775 		-70.2375 		12.815
v -6.4525 		-70.1775 		13.38
v -6.5675 		-70.2425 		12.625
v -6.4725 		-70.0025 		13.46
v -6.4875 		-69.665 		13.4525
v -6.6875 		-70.0125 		13.425
v -6.6575 		-67.9875 		12.795
v -6.7325 		-68.0425 		13.36
v -6.8275 		-68.0075 		12.445
v -6.5825 		-68.0475 		12.23
v -6.9825 		-68.4675 		12.1
v -6.5425 		-68.6675 		12.155
v -6.5425 		-68.8375 		12.24
v -6.5625 		-68.2225 		12.15
v -6.8275 		-68.9025 		12.775
v -6.6375 		-68.8925 		12.965
v -6.9075 		-68.8375 		13.335
v -6.6925 		-68.8325 		13.37
v -6.7125 		-68.6675 		13.445
v -6.7325 		-68.2075 		13.44
v -7.1125 		-66.8275 		12.755
v -6.8975 		-66.8175 		12.785
v -6.9675 		-66.8675 		13.35
v -7.0325 		-66.8875 		12.2
v -6.8175 		-66.8775 		12.22
v -6.7775 		-67.4925 		12.15
v -6.7825 		-67.6675 		12.23
v -6.8025 		-67.0425 		12.14
v -7.1125 		-67.7275 		13.085
v -6.9325 		-67.6575 		13.36
v -7.0475 		-67.7275 		12.605
v -6.8325 		-67.715 		12.635
v -6.9525 		-67.4925 		13.44
v -6.9725 		-67.0325 		13.435
v -7.1875 		-67.0525 		13.4
v -7.3675 		-61.7125 		12.745
v -7.4375 		-61.7675 		13.31
v -7.2925 		-61.7725 		12.18
v -7.2525 		-62.3975 		12.11
v -7.4675 		-62.5725 		12.165
v -7.2525 		-62.5625 		12.19
v -7.2725 		-61.9475 		12.105
v -7.5825 		-62.6175 		13.05
v -7.5375 		-62.6225 		12.73
v -7.3275 		-62.6175 		12.755
v -7.4025 		-62.5575 		13.32
v -7.4225 		-62.3825 		13.4
v -7.4425 		-61.9375 		13.395
v -7.7875 		-60.3675 		13.025
v -7.5125 		-60.3625 		12.575
v -7.6075 		-60.4125 		13.3
v -7.4575 		-60.4225 		12.17
v -7.6425 		-60.8275 		12.07
v -7.4275 		-60.8175 		12.095
v -7.4175 		-61.2075 		12.18
v -7.7475 		-61.2725 		13.04
v -7.4925 		-61.2625 		12.745
v -7.5675 		-61.2025 		13.31
v -7.5875 		-61.0375 		13.39
v -7.6075 		-60.5775 		13.385
v -7.8025 		-61.0375 		13.36
v -7.6225 		-59.0575 		12.725
v -7.6975 		-59.1075 		13.29
v -7.5475 		-59.1175 		12.16
v -7.5175 		-59.5175 		12.085
v -7.5075 		-59.9075 		12.17
v -7.5275 		-59.2925 		12.085
v -7.8175 		-59.9675 		12.87
v -7.5825 		-59.9575 		12.735
v -7.6575 		-59.8975 		13.3
v -7.6775 		-59.7325 		13.38
v -7.6975 		-59.2825 		13.375
v -7.6375 		-57.8575 		12.715
v -7.7075 		-57.9125 		13.28
v -7.7725 		-57.9375 		12.13
v -7.5575 		-57.9225 		12.15
v -7.7325 		-58.5525 		12.055
v -7.5225 		-58.7125 		12.16
v -7.5425 		-58.0925 		12.075
v -7.8075 		-58.7725 		12.7
v -7.6375 		-58.7625 		13.05
v -7.5925 		-58.7625 		12.73
v -7.8875 		-58.7125 		13.26
v -7.6725 		-58.7025 		13.29
v -7.6925 		-58.5375 		13.37
v -7.7125 		-58.0875 		13.365
v -7.6325 		-56.5125 		12.545
v -7.7275 		-56.5575 		13.27
v -7.5775 		-56.5675 		12.14
v -7.7525 		-57.1925 		12.045
v -7.7625 		-56.9725 		12.04
v -7.5375 		-57.1925 		12.07
v -7.5375 		-57.3575 		12.15
v -7.8675 		-57.4175 		13.01
v -7.8225 		-57.4175 		12.69
v -7.6125 		-57.4075 		12.715
v -7.6875 		-57.3475 		13.28
v -7.7075 		-57.1825 		13.36
v -7.7275 		-56.7325 		13.355
v -7.9425 		-56.7375 		13.325
v -7.9225 		-57.1925 		13.33
v -7.6675 		-55.2625 		12.695
v -7.7375 		-55.3075 		13.26
v -7.8375 		-55.2725 		12.35
v -7.5875 		-55.3175 		12.135
v -7.7625 		-55.9425 		12.035
v -7.5625 		-55.7175 		12.055
v -7.5525 		-56.1075 		12.14
v -7.7875 		-55.4975 		12.03
v -7.5725 		-55.4875 		12.055
v -7.8825 		-56.1675 		13
v -7.8375 		-56.1675 		12.68
v -7.6275 		-56.1575 		12.71
v -7.7025 		-56.0975 		13.27
v -7.7975 		-56.1675 		12.36
v -7.7225 		-55.9325 		13.35
v -7.9375 		-55.9425 		13.32
v -7.9675 		-54.0775 		13.22
v -7.6825 		-54.0125 		12.685
v -7.7525 		-54.0675 		13.255
v -7.6025 		-54.0675 		12.125
v -7.5625 		-54.6925 		12.05
v -7.5675 		-54.8575 		12.135
v -7.5875 		-54.2425 		12.045
v -7.8525 		-54.9175 		12.67
v -7.6375 		-54.9075 		12.7
v -7.7175 		-54.8475 		13.26
v -7.8125 		-54.9175 		12.35
v -7.7375 		-54.6825 		13.34
v -7.7575 		-54.2325 		13.335
v -7.9125 		-52.7225 		12.65
v -7.9825 		-52.7725 		13.21
v -7.6975 		-52.7125 		12.675
v -7.7675 		-52.7575 		13.245
v -7.8675 		-52.7225 		12.33
v -7.6175 		-52.7725 		12.115
v -8.0075 		-53.4075 		11.985
v -7.5775 		-53.3875 		12.04
v -8.0125 		-53.5725 		12.07
v -7.5825 		-53.5525 		12.125
v -7.6025 		-52.9375 		12.035
v -7.8675 		-53.6225 		12.66
v -7.6525 		-53.6075 		12.69
v -7.7325 		-53.5525 		13.255
v -7.7525 		-53.3825 		13.33
v -7.9675 		-51.5475 		12.96
v -7.9225 		-51.5475 		12.64
v -7.7125 		-51.5325 		12.67
v -7.7825 		-51.5925 		13.235
v -7.8475 		-51.6125 		12.08
v -7.6325 		-51.5925 		12.105
v -7.5925 		-52.2175 		12.03
v -7.5975 		-52.3825 		12.115
v -7.6125 		-51.7675 		12.03
v -7.9275 		-52.4425 		12.97
v -7.8825 		-52.4425 		12.65
v -7.6675 		-52.4425 		12.68
v -7.7475 		-52.3825 		13.245
v -7.7725 		-51.9825 		13.32
v -7.7625 		-52.2075 		13.32
v -7.9975 		-51.7675 		13.285
v -7.7275 		-50.2125 		12.66
v -7.7975 		-50.2575 		13.225
v -7.8975 		-50.2225 		12.31
v -7.6475 		-50.2725 		12.095
v -7.6075 		-50.8875 		12.02
v -7.6175 		-50.6625 		12.02
v -7.6125 		-51.0525 		12.105
v -7.8425 		-50.4475 		11.99
v -8.0575 		-50.4625 		11.965
v -7.8975 		-51.1225 		12.64
v -7.6825 		-51.1075 		12.67
v -7.9775 		-51.0625 		13.2
v -7.7625 		-51.0475 		13.235
v -7.8575 		-51.1225 		12.32
v -7.7925 		-50.6575 		13.31
v -7.8025 		-50.4275 		13.305
v -7.7425 		-48.8775 		12.65
v -7.8125 		-48.9375 		13.22
v -7.9125 		-48.8925 		12.3
v -7.6625 		-48.9375 		12.085
v -7.6225 		-49.5625 		12.01
v -7.8425 		-49.7375 		12.07
v -7.6275 		-49.7275 		12.095
v -7.6475 		-49.1125 		12.005
v -7.9125 		-49.7875 		12.63
v -7.6975 		-49.7875 		12.66
v -7.7775 		-49.7275 		13.225
v -8.0875 		-49.8025 		12.285
v -7.6575 		-49.7875 		12.335
v -7.8075 		-49.3275 		13.3
v -8.0075 		-49.5625 		13.27
v -4.8675 		-79.4275 		12.815
v -4.6775 		-79.4125 		13.005
v -4.4425 		-79.4025 		12.87
v -4.5125 		-79.4525 		13.435
v -4.8275 		-79.4275 		12.5
v -4.7925 		-79.4825 		12.255
v -4.5775 		-79.4725 		12.285
v -4.3625 		-79.4625 		12.305
v -4.5375 		-80.0875 		12.21
v -4.5475 		-79.8625 		12.205
v -4.7525 		-80.0975 		12.18
v -4.3275 		-79.965 		12.2325
v -4.5425 		-80.2525 		12.295
v -4.3275 		-80.2525 		12.315
v -4.6125 		-80.3125 		12.855
v -4.3975 		-80.2975 		12.88
v -4.4775 		-80.2425 		13.445
v -4.4975 		-80.0725 		13.525
v -4.5175 		-79.6275 		13.52
v -4.7325 		-79.6375 		13.49
v -4.3625 		-80.7125 		13.165
v -4.5325 		-80.7225 		12.815
v -4.3175 		-80.7125 		12.845
v -4.1025 		-80.7025 		12.87
v -4.1775 		-80.7575 		13.435
v -4.4575 		-80.7825 		12.255
v -4.2425 		-80.7725 		12.285
v -4.0275 		-80.7675 		12.305
v -4.2025 		-81.3925 		12.21
v -3.9975 		-81.1575 		12.23
v -3.9925 		-81.5475 		12.315
v -4.0625 		-81.6075 		12.88
v -4.1375 		-81.5475 		13.445
v -4.2325 		-81.6175 		12.54
v -4.1575 		-81.3725 		13.525
v -4.1775 		-80.9225 		13.52
v -3.9475 		-81.9375 		13.165
v -3.6925 		-81.9275 		12.87
v -3.7625 		-81.9825 		13.435
v -3.6125 		-81.9875 		12.305
v -3.7875 		-82.6225 		12.21
v -3.5875 		-82.3875 		12.23
v -4.0075 		-82.7975 		12.265
v -3.5775 		-82.7775 		12.315
v -3.5975 		-82.1625 		12.23
v -3.6525 		-82.8325 		12.88
v -3.7275 		-82.7775 		13.445
v -3.7475 		-82.6075 		13.525
v -3.7675 		-82.1525 		13.52
v -3.65 		-83.3225 		12.6575
v -3.7125 		-83.3225 		13.14
v -3.2425 		-83.2975 		12.87
v -3.3125 		-83.3525 		13.435
v -3.3775 		-83.3725 		12.285
v -3.1675 		-83.3575 		12.305
v -3.1275 		-83.9775 		12.235
v -3.1275 		-84.1525 		12.315
v -3.1475 		-83.5275 		12.23
v -3.2025 		-84.2025 		12.88
v -3.2775 		-84.1375 		13.445
v -3.2975 		-83.9775 		13.525
v -3.3175 		-83.5275 		13.52
v -7.7425 		-47.4375 		12.65
v -7.8125 		-47.4875 		13.22
v -8.0925 		-47.5225 		12.035
v -7.8775 		-47.5125 		12.06
v -7.6625 		-47.4975 		12.085
v -7.6225 		-48.1125 		12.01
v -7.8425 		-48.2875 		12.07
v -7.6275 		-48.2875 		12.095
v -7.6475 		-47.6625 		12.005
v -8.1725 		-48.3575 		12.92
v -7.9125 		-48.3475 		12.63
v -7.7425 		-48.3375 		12.98
v -7.6975 		-48.3375 		12.66
v -7.9925 		-48.2875 		13.19
v -7.7775 		-48.2775 		13.225
v -8.0875 		-48.3575 		12.285
v -7.8075 		-47.8875 		13.3
v -8.0075 		-48.1125 		13.27
v -8.2125 		-46.0525 		12.91
v -7.9575 		-46.0475 		12.62
v -8.0275 		-46.0975 		13.18
v -7.7425 		-46.0375 		12.65
v -7.8125 		-46.0875 		13.22
v -7.8775 		-46.1075 		12.06
v -7.6625 		-46.0975 		12.085
v -7.6225 		-46.7125 		12.01
v -7.6275 		-46.8875 		12.095
v -7.6475 		-46.2625 		12.005
v -8.02 		-46.9525 		12.615
v -7.9575 		-46.9475 		12.95
v -7.6975 		-46.9325 		12.66
v -7.7775 		-46.8725 		13.225
v -7.8075 		-46.4825 		13.3
v -8.0075 		-46.7125 		13.27
v -8.1675 		-44.6675 		12.59
v -7.9575 		-44.6575 		12.62
v -8.0275 		-44.7175 		13.18
v -7.7425 		-44.6475 		12.65
v -7.8125 		-44.7025 		13.22
v -7.6975 		-44.6475 		12.325
v -7.8775 		-44.7275 		12.06
v -7.6625 		-44.7075 		12.085
v -7.6225 		-45.3275 		12.01
v -7.6275 		-45.4975 		12.095
v -7.6475 		-44.8825 		12.005
v -8.1275 		-45.5675 		12.6
v -7.9125 		-45.5625 		12.63
v -7.7425 		-45.5525 		12.98
v -7.6975 		-45.5525 		12.66
v -7.9925 		-45.4975 		13.19
v -7.7775 		-45.4925 		13.225
v -7.8075 		-45.0925 		13.3
v -8.2225 		-45.3425 		13.24
v -8.0175 		-45.1075 		13.27
v -8.0075 		-45.3275 		13.27
v -7.9575 		-38.4375 		12.62
v -8.0275 		-38.4925 		13.18
v -7.7425 		-38.4275 		12.65
v -7.8125 		-38.4875 		13.22
v -8.1275 		-38.4575 		12.275
v -7.6975 		-38.4275 		12.325
v -7.8775 		-38.5025 		12.06
v -7.6625 		-38.4925 		12.085
v -7.6225 		-39.1125 		12.01
v -7.8425 		-39.2825 		12.07
v -8.0575 		-39.2925 		12.045
v -7.6275 		-39.2825 		12.095
v -7.6475 		-38.6575 		12.005
v -8.1275 		-39.3475 		12.6
v -7.9125 		-39.3425 		12.63
v -7.7425 		-39.3275 		12.98
v -7.6975 		-39.3275 		12.66
v -7.9925 		-39.2825 		13.19
v -7.7775 		-39.2725 		13.225
v -7.8075 		-38.8775 		13.3
v -8.0175 		-38.8875 		13.27
v -8.0075 		-39.1125 		13.27
v -8.19 		-37.1225 		12.75
v -7.9975 		-37.1125 		12.94
v -7.7425 		-37.1075 		12.65
v -7.8125 		-37.1525 		13.22
v -8.0925 		-37.1875 		12.035
v -7.9125 		-37.1125 		12.3
v -7.6625 		-37.1675 		12.085
v -7.6225 		-37.7775 		12.01
v -7.6275 		-37.9475 		12.095
v -8.0725 		-37.3525 		11.955
v -7.6475 		-37.3325 		12.005
v -8.02 		-38.02 		12.615
v -8.2025 		-37.9625 		13.16
v -7.9575 		-38.0075 		12.95
v -7.6975 		-38.0025 		12.66
v -7.7775 		-37.9425 		13.225
v -7.8725 		-38.0125 		12.31
v -7.8075 		-37.5475 		13.3
v -8.0325 		-37.3375 		13.265
v -8.0075 		-37.7825 		13.27
v -8.2125 		-35.8275 		12.91
v -7.9575 		-35.8175 		12.62
v -8.0275 		-35.8675 		13.18
v -7.7425 		-35.7975 		12.65
v -7.8125 		-35.8575 		13.22
v -8.0925 		-35.8875 		12.035
v -7.9125 		-35.8175 		12.3
v -7.6625 		-35.8625 		12.085
v -7.6225 		-36.4825 		12.01
v -7.6275 		-36.6525 		12.095
v -7.6475 		-36.0275 		12.005
v -8.1075 		-36.7175 		12.4425
v -7.9575 		-36.7125 		12.95
v -7.9125 		-36.7125 		12.63
v -7.6975 		-36.6975 		12.66
v -8.0975 		-36.655 		13.175
v -7.7775 		-36.6475 		13.225
v -7.7975 		-36.4775 		13.3
v -8.2225 		-36.4875 		13.24
v -8.0325 		-36.0325 		13.265
v -8.0175 		-36.2575 		13.27
v -8.1675 		-34.5475 		12.59
v -7.9975 		-34.5375 		12.94
v -8.2125 		-34.5475 		12.91
v -7.7425 		-34.5225 		12.65
v -7.8125 		-34.5825 		13.22
v -8.0925 		-34.6125 		12.035
v -7.8775 		-34.6025 		12.06
v -7.6625 		-34.5875 		12.085
v -7.6225 		-35.2075 		12.01
v -7.8425 		-35.3775 		12.07
v -8.0575 		-35.3925 		12.045
v -7.6275 		-35.3725 		12.095
v -7.6475 		-34.7525 		12.005
v -7.9575 		-35.4375 		12.95
v -7.9125 		-35.4375 		12.63
v -7.6975 		-35.4275 		12.66
v -7.7775 		-35.3725 		13.225
v -7.8725 		-35.4425 		12.31
v -7.7975 		-35.2025 		13.3
v -7.8175 		-34.7475 		13.295
v -8.1675 		-33.2425 		12.59
v -7.9575 		-33.2325 		12.62
v -8.0275 		-33.2925 		13.18
v -8.2425 		-33.3025 		13.15
v -7.7425 		-33.2275 		12.65
v -7.8125 		-33.2775 		13.22
v -8.1275 		-33.2475 		12.275
v -7.8775 		-33.2975 		12.06
v -7.6625 		-33.2875 		12.085
v -7.8375 		-33.9175 		11.985
v -8.0575 		-34.0875 		12.045
v -7.6275 		-34.0775 		12.095
v -7.6475 		-33.4575 		12.005
v -7.9575 		-34.1325 		12.95
v -7.9125 		-34.1325 		12.63
v -7.6975 		-34.1225 		12.66
v -7.7775 		-34.0625 		13.225
v -7.8075 		-33.6675 		13.3
v -8.2425 		-33.4675 		13.235
v -8.2125 		-31.9175 		12.91
v -7.9575 		-31.9125 		12.62
v -8.0275 		-31.9625 		13.18
v -7.7425 		-31.8975 		12.65
v -7.8125 		-31.9525 		13.22
v -7.985 		-31.9775 		12.0475
v -7.6625 		-31.9575 		12.085
v -7.6225 		-32.5775 		12.01
v -7.6275 		-32.7425 		12.095
v -7.6475 		-32.1225 		12.005
v -8.1075 		-32.8175 		12.4425
v -7.9125 		-32.8075 		12.63
v -7.6975 		-32.8025 		12.66
v -7.7775 		-32.7425 		13.225
v -7.8725 		-32.8075 		12.31
v -7.8075 		-32.3475 		13.3
v -7.7975 		-32.5725 		13.3
v -8.1675 		-30.6975 		12.59
v -7.9575 		-30.6825 		12.62
v -8.0275 		-30.7375 		13.18
v -7.7425 		-30.6725 		12.65
v -7.8125 		-30.7325 		13.22
v -8.1275 		-30.7025 		12.275
v -7.6975 		-30.6725 		12.325
v -7.8775 		-30.7475 		12.06
v -7.6625 		-30.7375 		12.085
v -7.6225 		-31.3575 		12.01
v -7.6275 		-31.5225 		12.095
v -7.6475 		-30.9025 		12.005
v -8.1075 		-31.5925 		12.4425
v -8.1725 		-31.5925 		12.92
v -7.9125 		-31.5875 		12.63
v -7.7425 		-31.5775 		12.98
v -7.6975 		-31.5775 		12.66
v -7.9925 		-31.5225 		13.19
v -7.7775 		-31.5175 		13.225
v -7.8725 		-31.5875 		12.31
v -7.8075 		-31.1225 		13.3
v -8.0325 		-30.9075 		13.265
v -8.0175 		-31.1325 		13.27
v -8.0075 		-31.3575 		13.27
v -7.7425 		-29.3975 		12.65
v -7.8125 		-29.4525 		13.22
v -7.6625 		-29.4575 		12.085
v -7.6225 		-30.0775 		12.01
v -8.0575 		-30.2675 		12.045
v -7.6275 		-30.2475 		12.095
v -7.6475 		-29.6275 		12.005
v -8.02 		-30.3125 		12.615
v -7.9575 		-30.3075 		12.95
v -7.6975 		-30.3025 		12.66
v -8.0975 		-30.25 		13.175
v -7.7775 		-30.2425 		13.225
v -7.8725 		-30.3075 		12.31
v -7.7975 		-30.0725 		13.3
v -8.0325 		-29.6375 		13.265
v -8.1675 		-28.0975 		12.59
v -7.9975 		-28.0825 		12.94
v -7.935 		-28.0825 		12.46
v -8.2425 		-28.1475 		13.15
v -7.7425 		-28.0725 		12.65
v -7.8125 		-28.1275 		13.22
v -8.0925 		-28.1525 		12.035
v -7.6625 		-28.1325 		12.085
v -7.6225 		-28.7525 		12.01
v -7.8425 		-28.9275 		12.07
v -8.0575 		-28.9325 		12.045
v -7.6275 		-28.9225 		12.095
v -7.6475 		-28.3025 		12.005
v -8.2725 		-28.9525 		12.02
v -8.1275 		-28.9925 		12.6
v -7.9575 		-28.9825 		12.95
v -7.9125 		-28.9875 		12.63
v -7.6975 		-28.9725 		12.66
v -7.7775 		-28.9175 		13.225
v -7.8075 		-28.5225 		13.3
v -8.0325 		-28.3025 		13.265
v -8.0075 		-28.7575 		13.27
v -8.1675 		-26.8225 		12.59
v -7.9575 		-26.8125 		12.62
v -8.0275 		-26.8625 		13.18
v -8.2425 		-26.8775 		13.15
v -7.7425 		-26.7925 		12.65
v -7.8125 		-26.8525 		13.22
v -7.6625 		-26.8575 		12.085
v -7.6225 		-27.4775 		12.01
v -7.8425 		-27.6525 		12.07
v -8.0575 		-27.6575 		12.045
v -7.6275 		-27.6425 		12.095
v -7.6475 		-27.0225 		12.005
v -8.2675 		-27.5075 		11.93
v -8.2725 		-27.6775 		12.02
v -8.1275 		-27.7125 		12.6
v -8.2025 		-27.6525 		13.16
v -7.9125 		-27.7125 		12.63
v -7.6975 		-27.7025 		12.66
v -7.9925 		-27.6425 		13.19
v -7.7775 		-27.6425 		13.225
v -7.7975 		-27.4725 		13.3
v -8.2225 		-27.4825 		13.24
v -8.0325 		-27.0275 		13.265
v -8.1675 		-25.5725 		12.59
v -8.2425 		-25.6275 		13.15
v -7.7425 		-25.5475 		12.65
v -7.8125 		-25.6025 		13.22
v -7.6625 		-25.6075 		12.085
v -7.6225 		-26.2325 		12.01
v -7.8425 		-26.4025 		12.07
v -7.6275 		-26.3925 		12.095
v -7.6475 		-25.7725 		12.005
v -8.1275 		-26.4675 		12.6
v -8.2025 		-26.4025 		13.16
v -7.9125 		-26.4625 		12.63
v -7.6975 		-26.4525 		12.66
v -7.7775 		-26.3925 		13.225
v -8.0875 		-26.4675 		12.285
v -7.6575 		-26.4525 		12.335
v -7.8075 		-25.9975 		13.3
v -8.0325 		-25.7775 		13.265
v -8.0075 		-26.2325 		13.27
v -8.1675 		-24.2675 		12.59
v -7.9575 		-24.2575 		12.62
v -8.0275 		-24.3175 		13.18
v -8.2425 		-24.3275 		13.15
v -7.7425 		-24.2475 		12.65
v -7.8125 		-24.2975 		13.22
v -8.0925 		-24.3275 		12.035
v -7.8775 		-24.3225 		12.06
v -7.6625 		-24.3025 		12.085
v -7.6225 		-24.9225 		12.01
v -7.8425 		-25.1025 		12.07
v -7.6275 		-25.0925 		12.095
v -7.6475 		-24.4775 		12.005
v -8.0425 		-25.16 		12.775
v -7.9125 		-25.1525 		12.63
v -7.6975 		-25.1475 		12.66
v -7.7775 		-25.0875 		13.225
v -8.0875 		-25.1725 		12.285
v -7.6575 		-25.1475 		12.335
v -7.7975 		-24.9175 		13.3
v -7.8175 		-24.4675 		13.295
v -8.1675 		-21.9875 		12.59
v -7.9575 		-21.9775 		12.62
v -8.0275 		-22.0375 		13.18
v -7.7425 		-21.9725 		12.65
v -7.8125 		-22.0225 		13.22
v -8.1275 		-21.9925 		12.275
v -8.3075 		-22.0625 		12.005
v -7.6975 		-21.9725 		12.325
v -7.8775 		-22.0425 		12.06
v -7.6625 		-22.0275 		12.085
v -7.8475 		-22.4325 		11.98
v -7.6225 		-22.6475 		12.01
v -7.6325 		-22.4225 		12.01
v -7.8425 		-22.8275 		12.07
v -7.6275 		-22.8175 		12.095
v -7.8575 		-22.2075 		11.98
v -8.1725 		-22.8825 		12.92
v -8.2025 		-22.8275 		13.16
v -7.9125 		-22.8775 		12.63
v -7.6975 		-22.8675 		12.66
v -7.9925 		-22.8175 		13.19
v -7.7775 		-22.8075 		13.225
v -7.6575 		-22.8725 		12.335
v -7.8075 		-22.4125 		13.3
v -8.0075 		-22.6475 		13.27
v -7.7425 		-19.3225 		12.65
v -7.8125 		-19.3725 		13.22
v -7.9125 		-19.3375 		12.3
v -7.6625 		-19.3825 		12.085
v -7.6225 		-20.0025 		12.01
v -7.8425 		-20.1775 		12.07
v -7.6275 		-20.1675 		12.095
v -7.6475 		-19.5525 		12.005
v -8.1275 		-20.2425 		12.6
v -7.9575 		-20.2275 		12.95
v -7.9125 		-20.2325 		12.63
v -7.6975 		-20.2275 		12.66
v -7.7775 		-20.1625 		13.225
v -8.0875 		-20.2425 		12.285
v -7.6575 		-20.2275 		12.335
v -7.8075 		-19.7675 		13.3
v -7.7975 		-19.9975 		13.3
v -8.1675 		-16.8725 		12.59
v -7.935 		-16.8625 		12.46
v -7.7425 		-16.8475 		12.65
v -7.8125 		-16.9025 		13.22
v -7.6625 		-16.9075 		12.085
v -7.6225 		-17.5275 		12.01
v -8.0575 		-17.7125 		12.045
v -7.6275 		-17.6975 		12.095
v -7.6475 		-17.0775 		12.005
v -8.1275 		-17.7675 		12.6
v -8.2025 		-17.7125 		13.16
v -7.9125 		-17.7575 		12.63
v -7.6975 		-17.7525 		12.66
v -7.9925 		-17.6975 		13.19
v -7.7775 		-17.6925 		13.225
v -7.8075 		-17.2975 		13.3
v -7.7975 		-17.5225 		13.3
v -8.0325 		-17.0825 		13.265
v -8.1475 		-15.485 		12.4325
v -7.9575 		-15.4725 		12.62
v -8.0275 		-15.5275 		13.18
v -8.2425 		-15.5375 		13.15
v -7.7425 		-15.4625 		12.65
v -7.8125 		-15.5125 		13.22
v -7.9125 		-15.4775 		12.3
v -7.6625 		-15.5225 		12.085
v -7.6225 		-16.1425 		12.01
v -7.6275 		-16.3075 		12.095
v -7.6475 		-15.6925 		12.005
v -8.1275 		-16.3825 		12.6
v -8.1725 		-16.3775 		12.92
v -7.9125 		-16.3725 		12.63
v -7.7425 		-16.3625 		12.98
v -7.6975 		-16.3625 		12.66
v -7.9925 		-16.3075 		13.19
v -7.7775 		-16.3025 		13.225
v -7.8075 		-15.9075 		13.3
v -8.0325 		-15.6925 		13.265
v -8.0175 		-15.9175 		13.27
v -8.0075 		-16.1425 		13.27
v -8.2125 		-7.3525 		12.91
v -7.9575 		-7.3425 		12.62
v -8.0275 		-7.3925 		13.18
v -7.7425 		-7.3275 		12.65
v -7.8125 		-7.3825 		13.22
v -8.0925 		-7.4125 		12.035
v -7.6625 		-7.3875 		12.085
v -7.6225 		-8.0075 		12.01
v -7.95 		-8.1875 		12.0575
v -7.6275 		-8.1775 		12.095
v -7.6475 		-7.5575 		12.005
v -8.2875 		-7.5925 		11.925
v -7.9125 		-8.2375 		12.63
v -7.6975 		-8.2275 		12.66
v -7.7775 		-8.1675 		13.225
v -7.8075 		-7.7775 		13.3
v -7.7975 		-8.0025 		13.3
v -8.1675 		-5.9475 		12.59
v -7.7425 		-5.9225 		12.65
v -7.8125 		-5.9775 		13.22
v -8.3425 		-5.9575 		12.245
v -8.0925 		-6.0075 		12.035
v -7.6625 		-5.9825 		12.085
v -7.6225 		-6.6025 		12.01
v -7.95 		-6.7825 		12.0575
v -7.6275 		-6.7725 		12.095
v -7.6475 		-6.1525 		12.005
v -8.2725 		-6.7975 		12.02
v -7.9575 		-6.8325 		12.95
v -7.9125 		-6.8325 		12.63
v -7.6975 		-6.8225 		12.66
v -7.7775 		-6.7625 		13.225
v -7.8075 		-6.3675 		13.3
v -7.7975 		-6.5975 		13.3
v -8.2425 		-6.1675 		13.235
v -7.9575 		-4.3725 		12.62
v -8.0275 		-4.4275 		13.18
v -7.7425 		-4.3625 		12.65
v -7.8125 		-4.4125 		13.22
v -7.6625 		-4.4225 		12.085
v -7.6225 		-5.0425 		12.01
v -7.6275 		-5.2075 		12.095
v -7.6475 		-4.5925 		12.005
v -8.2875 		-4.6225 		11.925
v -7.9575 		-5.2675 		12.95
v -7.9125 		-5.2725 		12.63
v -7.6975 		-5.2625 		12.66
v -7.7775 		-5.2025 		13.225
v -7.98 		-5.2775 		12.2975
v -7.8075 		-4.8075 		13.3
v -8.0075 		-5.0425 		13.27
v -8.1675 		-2.9775 		12.59
v -8.0275 		-3.0225 		13.18
v -7.7425 		-2.9575 		12.65
v -7.8125 		-3.0125 		13.22
v -8.0925 		-3.0425 		12.035
v -7.8775 		-3.0275 		12.06
v -7.6625 		-3.0175 		12.085
v -7.6225 		-3.6375 		12.01
v -7.6275 		-3.8025 		12.095
v -7.6475 		-3.1875 		12.005
v -8.1275 		-3.8775 		12.6
v -8.2025 		-3.8125 		13.16
v -7.9125 		-3.8675 		12.63
v -7.6975 		-3.8575 		12.66
v -7.9925 		-3.8075 		13.19
v -7.7775 		-3.7975 		13.225
v -7.8025 		-3.515 		13.3
v -8.2425 		-3.2025 		13.235
v -8.0175 		-3.4125 		13.27
v -8.0075 		-3.6375 		13.27
v -8.1675 		-1.6725 		12.59
v -8.2125 		-1.6725 		12.91
v -7.9575 		-1.6625 		12.62
v -8.0275 		-1.7175 		13.18
v -7.7425 		-1.6525 		12.65
v -7.8125 		-1.7025 		13.22
v -8.3075 		-1.7425 		12.005
v -7.6625 		-1.7075 		12.085
v -7.6225 		-2.3275 		12.01
v -7.6275 		-2.4975 		12.095
v -7.6475 		-1.8775 		12.005
v -8.1275 		-2.5725 		12.6
v -8.1725 		-2.5675 		12.92
v -7.9125 		-2.5625 		12.63
v -7.7425 		-2.5475 		12.98
v -7.6975 		-2.5525 		12.66
v -7.9925 		-2.4975 		13.19
v -7.7775 		-2.4925 		13.225
v -7.98 		-2.5675 		12.2975
v -7.8075 		-2.0975 		13.3
v -8.2425 		-1.8925 		13.235
v -8.0325 		-1.8825 		13.265
v -8.0075 		-2.3325 		13.27
v -7.7425 		-0.3075 		12.65
v -7.8125 		-0.3625 		13.22
v -8.3075 		-0.4025 		12.005
v -8.02 		-0.325 		12.2875
v -7.6625 		-0.3625 		12.085
v -7.6225 		-0.9875 		12.01
v -8.0575 		-1.1725 		12.045
v -7.6275 		-1.1575 		12.095
v -7.6475 		-0.5375 		12.005
v -8.2725 		-1.1825 		12.02
v -8.1275 		-1.2275 		12.6
v -8.2025 		-1.1625 		13.16
v -7.9125 		-1.2175 		12.63
v -7.6975 		-1.2075 		12.66
v -7.9925 		-1.1575 		13.19
v -7.7775 		-1.1475 		13.225
v -7.8075 		-0.7525 		13.3
v -8.2425 		-0.5525 		13.235
v -8.0075 		-0.9875 		13.27
v -8.1675 		0.9525 		12.59
v -7.9575 		0.9625 		12.62
v -8.0275 		0.9075 		13.18
v -7.7425 		0.9725 		12.65
v -7.8125 		0.9225 		13.22
v -8.3075 		0.8775 		12.005
v -8.0925 		0.8875 		12.035
v -7.8775 		0.9025 		12.06
v -7.6625 		0.9125 		12.085
v -7.6225 		0.2925 		12.01
v -7.95 		0.1125 		12.0575
v -7.6275 		0.1275 		12.095
v -7.6475 		0.7425 		12.005
v -8.2725 		0.0975 		12.02
v -8.3425 		0.0425 		12.575
v -7.9125 		0.0625 		12.63
v -7.6975 		0.0725 		12.66
v -8.0975 		0.12 		13.175
v -7.7775 		0.1325 		13.225
v -7.8075 		0.5275 		13.3
v -8.2425 		0.7275 		13.235
v -8.0075 		0.2925 		13.27
v -7.9575 		2.1475 		12.62
v -8.0275 		2.0925 		13.18
v -7.7425 		2.1575 		12.65
v -7.8125 		2.1075 		13.22
v -7.6625 		2.1025 		12.085
v -7.6225 		1.4825 		12.01
v -8.0575 		1.2975 		12.045
v -7.6275 		1.3125 		12.095
v -7.6475 		1.9325 		12.005
v -8.3425 		1.2275 		12.575
v -8.1275 		1.2375 		12.6
v -8.1725 		1.2425 		12.92
v -7.9125 		1.2475 		12.63
v -7.7425 		1.2625 		12.98
v -7.6975 		1.2575 		12.66
v -7.9925 		1.3125 		13.19
v -7.7775 		1.3175 		13.225
v -8.2975 		1.2275 		12.255
v -7.8075 		1.7125 		13.3
v -8.2425 		1.9125 		13.235
v -8.0325 		1.9275 		13.265
v -8.0075 		1.4775 		13.27
v -7.9575 		3.5525 		12.62
v -8.0275 		3.4975 		13.18
v -7.7425 		3.5675 		12.65
v -7.8125 		3.5125 		13.22
v -8.0925 		3.4825 		12.035
v -7.6625 		3.5075 		12.085
v -7.6225 		2.8875 		12.01
v -7.8425 		2.7075 		12.07
v -8.0575 		2.7025 		12.045
v -7.6275 		2.7175 		12.095
v -7.6475 		3.3375 		12.005
v -8.3425 		2.6325 		12.575
v -8.1275 		2.6425 		12.6
v -8.2025 		2.7075 		13.16
v -7.9125 		2.6575 		12.63
v -7.6975 		2.6625 		12.66
v -7.9925 		2.7175 		13.19
v -7.7775 		2.7225 		13.225
v -7.7975 		2.8925 		13.3
v -8.0325 		3.3325 		13.265
v -7.8075 		5.7425 		13.3
v -8.0275 		6.1225 		13.18
v -7.8125 		6.1375 		13.22
v -8.0075 		5.5075 		13.27
v -7.7775 		5.3475 		13.225
v -7.6475 		5.9575 		12.005
v -7.7425 		6.1875 		12.65
v -7.6625 		6.1275 		12.085
v -7.6975 		5.2875 		12.66
v -7.6225 		5.5075 		12.01
v -7.6275 		5.3425 		12.095
v -8.3425 		5.2575 		12.575
v -8.1275 		5.2675 		12.6
v -7.9125 		5.2775 		12.63
v -7.8425 		5.3325 		12.07
v -8.0575 		5.3225 		12.045
v -8.3075 		6.0925 		12.005
v -7.935 		6.175 		12.46
v -7.7425 		4.9375 		12.65
v -7.8125 		4.8875 		13.22
v -8.1275 		4.9125 		12.275
v -8.3075 		4.8475 		12.005
v -7.9125 		4.9225 		12.3
v -7.6625 		4.8775 		12.085
v -7.6225 		4.2575 		12.01
v -7.6275 		4.0925 		12.095
v -7.6475 		4.7125 		12.005
v -7.6975 		4.0375 		12.66
v -7.7775 		4.0975 		13.225
v -7.8075 		4.4925 		13.3
v -8.0325 		4.7075 		13.265
v -8.0075 		4.2575 		13.27
v -8.2025 		6.7025 		13.16
v -7.8075 		7.1175 		13.3
v -8.0275 		7.4975 		13.18
v -7.8125 		7.5075 		13.22
v -8.0075 		6.8825 		13.27
v -7.9925 		6.7125 		13.19
v -7.7775 		6.7225 		13.225
v -7.6475 		7.3325 		12.005
v -7.7425 		7.5625 		12.65
v -7.6625 		7.5025 		12.085
v -7.6975 		6.6625 		12.66
v -7.6225 		6.8825 		12.01
v -7.6275 		6.7125 		12.095
v -8.3425 		6.6325 		12.575
v -8.1275 		6.6425 		12.6
v -7.9125 		6.6525 		12.63
v -7.8425 		6.7075 		12.07
v -8.0575 		6.6975 		12.045
v -7.8775 		7.4875 		12.06
v -8.1675 		7.5475 		12.59
v -7.9575 		7.5525 		12.62
v -8.1275 		7.5375 		12.275
v -8.2025 		8.1075 		13.16
v -8.0325 		8.7325 		13.265
v -7.8075 		8.5225 		13.3
v -7.8125 		8.9125 		13.22
v -8.0075 		8.2875 		13.27
v -7.9925 		8.1225 		13.19
v -7.7775 		8.1275 		13.225
v -7.6475 		8.7375 		12.005
v -7.7425 		8.9675 		12.65
v -7.6625 		8.9075 		12.085
v -7.6575 		8.0625 		12.335
v -7.6975 		8.0675 		12.66
v -7.6225 		8.2875 		12.01
v -7.6275 		8.1225 		12.095
v -8.1275 		8.0475 		12.6
v -7.9125 		8.0575 		12.63
v -7.8425 		8.1125 		12.07
v -7.985 		8.8875 		12.0475
v -7.9975 		8.9575 		12.94
v -7.9125 		8.9525 		12.3
v -8.0325 		10.2025 		13.265
v -7.8125 		10.3825 		13.22
v -7.7975 		9.7625 		13.3
v -7.7775 		9.5925 		13.225
v -7.6475 		10.2075 		12.005
v -7.7425 		10.4375 		12.65
v -7.6625 		10.3775 		12.085
v -7.6975 		9.5325 		12.66
v -7.6225 		9.7575 		12.01
v -7.6275 		9.5875 		12.095
v -7.9125 		9.5275 		12.63
v -8.3075 		10.3425 		12.005
v -7.9975 		10.4275 		12.94
v -8.1275 		10.4075 		12.275
v -8.2225 		16.5475 		13.24
v -8.0325 		16.9975 		13.265
v -7.8075 		16.7825 		13.3
v -7.8125 		17.1825 		13.22
v -7.7975 		16.5575 		13.3
v -7.7775 		16.3875 		13.225
v -7.7425 		17.2325 		12.65
v -7.6625 		17.1725 		12.085
v -7.6975 		16.3275 		12.66
v -7.6225 		16.5525 		12.01
v -7.6275 		16.3825 		12.095
v -8.0425 		16.32 		12.775
v -7.9125 		16.3225 		12.63
v -7.8725 		16.3175 		12.31
v -8.0575 		16.3675 		12.045
v -8.2975 		16.3025 		12.255
v -8.2875 		16.9675 		11.925
v -8.3075 		17.1375 		12.005
v -7.9125 		17.2225 		12.3
v -8.0325 		18.3425 		13.265
v -7.8075 		18.1275 		13.3
v -8.0275 		18.5075 		13.18
v -7.8125 		18.5275 		13.22
v -8.0075 		17.8925 		13.27
v -7.7775 		17.7325 		13.225
v -7.6475 		18.3425 		12.005
v -7.7425 		18.5725 		12.65
v -7.6625 		18.5125 		12.085
v -7.6975 		17.6775 		12.66
v -7.6225 		17.8925 		12.01
v -7.6275 		17.7275 		12.095
v -7.9575 		17.6675 		12.95
v -7.9125 		17.6625 		12.63
v -7.98 		17.6575 		12.2975
v -8.2975 		17.6475 		12.255
v -7.8775 		18.5075 		12.06
v -8.3075 		18.4775 		12.005
v -8.1675 		18.5525 		12.59
v -7.9575 		18.5675 		12.62
v -8.1275 		18.5475 		12.275
v -8.2025 		19.0925 		13.16
v -8.0325 		19.7175 		13.265
v -7.8075 		19.5025 		13.3
v -7.8125 		19.8925 		13.22
v -8.0075 		19.2675 		13.27
v -7.9925 		19.1025 		13.19
v -7.7775 		19.1075 		13.225
v -7.6475 		19.7225 		12.005
v -7.7425 		19.9525 		12.65
v -7.6975 		19.9525 		12.325
v -7.6625 		19.8875 		12.085
v -7.6975 		19.0475 		12.66
v -7.6225 		19.2675 		12.01
v -7.6275 		19.1025 		12.095
v -8.1275 		19.0325 		12.6
v -7.9125 		19.0375 		12.63
v -7.98 		19.035 		12.2975
v -7.8775 		19.8775 		12.06
v -8.18 		19.69 		11.94
v -8.3075 		19.8575 		12.005
v -8.1675 		19.9225 		12.59
v -8.1275 		19.9225 		12.275
v -7.8075 		20.9075 		13.3
v -8.0275 		21.2925 		13.18
v -7.8125 		21.3025 		13.22
v -7.7975 		20.6825 		13.3
v -7.7775 		20.5125 		13.225
v -7.6475 		21.1275 		12.005
v -7.7425 		21.3575 		12.65
v -7.6625 		21.2975 		12.085
v -7.6975 		20.4525 		12.66
v -7.6225 		20.6775 		12.01
v -7.6275 		20.5075 		12.095
v -8.3425 		20.4225 		12.575
v -7.9125 		20.4475 		12.63
v -8.0575 		20.4875 		12.045
v -7.8775 		21.2775 		12.06
v -8.3075 		21.2625 		12.005
v -8.1675 		21.3375 		12.59
v -8.2125 		21.3375 		12.91
v -7.9575 		21.3425 		12.62
v -8.1275 		21.3325 		12.275
v -8.0325 		22.4525 		13.265
v -7.8075 		22.2325 		13.3
v -8.135 		22.6125 		13.165
v -7.8125 		22.6275 		13.22
v -8.0075 		21.9975 		13.27
v -7.7775 		21.8375 		13.225
v -7.6475 		22.4525 		12.005
v -7.7425 		22.6825 		12.65
v -7.6625 		22.6175 		12.085
v -7.6975 		21.7825 		12.66
v -7.6225 		21.9975 		12.01
v -7.6275 		21.8325 		12.095
v -8.3425 		21.7525 		12.575
v -7.9575 		21.7725 		12.95
v -7.9125 		21.7675 		12.63
v -8 		21.765 		12.455
v -8.0875 		21.7625 		12.285
v -7.8775 		22.6125 		12.06
v -8.2875 		22.4175 		11.925
v -8.1675 		22.6575 		12.59
v -7.9575 		22.6725 		12.62
v -8.1275 		22.6525 		12.275
v -8.2025 		23.1475 		13.16
v -7.8075 		23.5675 		13.3
v -8.0275 		23.9425 		13.18
v -7.8125 		23.9575 		13.22
v -7.9925 		23.1625 		13.19
v -7.7975 		23.3375 		13.3
v -7.7775 		23.1725 		13.225
v -7.6475 		23.7775 		12.005
v -7.7425 		24.0075 		12.65
v -7.6625 		23.9525 		12.085
v -7.6575 		23.1075 		12.335
v -7.6975 		23.1125 		12.66
v -7.6225 		23.3325 		12.01
v -7.6275 		23.1625 		12.095
v -8.1275 		23.0875 		12.6
v -7.9125 		23.1025 		12.63
v -7.8425 		23.1525 		12.07
v -8.2125 		23.9925 		12.91
v -7.9575 		23.9975 		12.62
v -8.1275 		23.9875 		12.275
v -8.2425 		25.3675 		13.15
v -7.8075 		24.9925 		13.3
v -7.8125 		25.3875 		13.22
v -8.0075 		24.7575 		13.27
v -7.9925 		24.5925 		13.19
v -7.7775 		24.5975 		13.225
v -7.6475 		25.2125 		12.005
v -7.7425 		25.4425 		12.65
v -7.6625 		25.3825 		12.085
v -7.6975 		24.5375 		12.66
v -7.6225 		24.7575 		12.01
v -7.6275 		24.5925 		12.095
v -7.7425 		24.5375 		12.98
v -8.1275 		24.5225 		12.6
v -7.9125 		24.5275 		12.63
v -7.98 		24.525 		12.2975
v -8.0325 		26.5625 		13.265
v -7.8075 		26.3425 		13.3
v -8.0275 		26.7275 		13.18
v -7.8125 		26.7375 		13.22
v -8.0075 		26.1125 		13.27
v -7.7775 		25.9575 		13.225
v -7.6475 		26.5625 		12.005
v -7.7425 		26.7925 		12.65
v -7.6625 		26.7325 		12.085
v -7.6975 		25.8975 		12.66
v -7.6225 		26.1125 		12.01
v -7.6275 		25.9425 		12.095
v -8.3425 		25.8675 		12.575
v -7.9575 		25.8825 		12.95
v -7.9125 		25.8825 		12.63
v -8 		25.875 		12.455
v -8.0875 		25.8725 		12.285
v -8.2725 		25.9125 		12.02
v -7.8775 		26.7225 		12.06
v -8.18 		26.5325 		11.94
v -7.9575 		26.7825 		12.62
v -7.8075 		27.6775 		13.3
v -8.0275 		28.0525 		13.18
v -7.8125 		28.0725 		13.22
v -7.7975 		27.4475 		13.3
v -7.7775 		27.2825 		13.225
v -7.6475 		27.8875 		12.005
v -7.6625 		28.0625 		12.085
v -7.6975 		27.2175 		12.66
v -7.6225 		27.4425 		12.01
v -7.6275 		27.2775 		12.095
v -7.7825 		28.1275 		12.97
v -8.1725 		27.2075 		12.92
v -7.9125 		27.2125 		12.63
v -7.98 		27.205 		12.2975
v -7.985 		28.0425 		12.0475
v -8.2125 		28.1025 		12.91
v -7.9575 		28.1125 		12.62
v -7.8075 		29.0575 		13.3
v -8.0275 		29.4325 		13.18
v -7.8125 		29.4475 		13.22
v -8.0075 		28.8225 		13.27
v -7.7775 		28.6625 		13.225
v -7.6475 		29.2675 		12.005
v -7.7425 		29.4975 		12.65
v -7.6625 		29.4425 		12.085
v -7.6575 		28.5975 		12.335
v -7.6975 		28.6025 		12.66
v -7.6225 		28.8225 		12.01
v -7.6275 		28.6525 		12.095
v -7.9575 		28.5975 		12.95
v -7.9125 		28.5925 		12.63
v -7.8425 		28.6425 		12.07
v -8.0925 		29.4175 		12.035
v -8.1675 		29.4825 		12.59
v -7.9575 		29.4875 		12.62
v -8.0325 		30.5725 		13.265
v -7.8075 		30.3525 		13.3
v -7.8125 		30.7475 		13.22
v -8.0075 		30.1175 		13.27
v -7.7775 		29.9575 		13.225
v -7.6475 		30.5725 		12.005
v -7.7425 		30.8025 		12.65
v -7.6975 		30.8025 		12.325
v -7.6625 		30.7375 		12.085
v -7.6975 		29.9025 		12.66
v -7.6225 		30.1175 		12.01
v -7.6275 		29.9525 		12.095
v -7.9575 		29.8925 		12.95
v -7.9125 		29.8875 		12.63
v -7.8725 		29.8875 		12.31
v -8.2725 		29.9225 		12.02
v -7.8775 		30.7325 		12.06
v -8.0925 		30.7125 		12.035
v -8.1675 		30.7775 		12.59
v -7.9975 		30.7925 		12.94
v -8.1275 		30.7725 		12.275
v -8.0325 		31.7825 		13.265
v -7.8125 		31.675 		13.2975
v -7.8125 		31.9575 		13.22
v -8.0075 		31.3275 		13.27
v -7.9925 		31.1625 		13.19
v -7.7775 		31.1675 		13.225
v -7.6475 		31.7825 		12.005
v -7.7425 		32.0125 		12.65
v -7.6625 		31.9525 		12.085
v -7.6975 		31.1075 		12.66
v -7.6225 		31.3275 		12.01
v -7.6275 		31.1625 		12.095
v -7.7425 		31.1075 		12.98
v -8.1725 		31.0975 		12.92
v -7.9125 		31.0975 		12.63
v -7.8725 		31.0975 		12.31
v -8.0725 		31.7575 		11.955
v -8.0925 		31.9225 		12.035
v -7.8175 		32.9925 		13.295
v -7.8125 		33.1625 		13.22
v -7.7975 		32.5425 		13.3
v -7.7775 		32.3775 		13.225
v -7.6475 		32.9825 		12.005
v -7.7425 		33.2125 		12.65
v -7.6625 		33.1575 		12.085
v -7.6975 		32.3175 		12.66
v -7.6225 		32.5375 		12.01
v -7.6275 		32.3675 		12.095
v -7.9125 		33.2025 		12.3
v -7.6175 		34.1875 		13.3
v -7.6275 		34.5825 		13.22
v -7.6075 		33.9575 		13.3
v -7.5875 		33.7925 		13.225
v -7.4575 		34.4075 		12.005
v -7.5525 		34.6275 		12.65
v -7.4775 		34.5725 		12.085
v -7.5125 		33.7275 		12.66
v -7.4375 		33.9525 		12.01
v -7.4375 		33.7875 		12.095
v -7.6825 		33.7225 		12.31
v -7.8725 		34.045 		11.9575
v -7.7275 		34.6175 		12.3
v -7.5175 		35.7325 		13.295
v -7.5125 		35.8975 		13.22
v -7.4975 		35.2775 		13.3
v -7.4775 		35.1075 		13.225
v -7.3475 		35.7225 		12.005
v -7.4425 		35.9525 		12.65
v -7.3625 		35.8925 		12.085
v -7.3975 		35.0475 		12.66
v -7.3225 		35.2725 		12.01
v -7.3275 		35.1025 		12.095
v -7.6575 		35.0425 		12.95
v -7.6125 		35.0425 		12.63
v -7.5725 		35.0425 		12.31
v -7.5775 		35.8725 		12.06
v -7.6975 		35.9375 		12.94
v -7.4325 		36.7825 		13.3
v -7.4375 		37.1775 		13.22
v -7.4225 		36.5575 		13.3
v -7.4025 		36.3925 		13.225
v -7.2725 		37.0025 		12.005
v -7.3875 		37.2275 		12.81
v -7.2875 		37.1675 		12.085
v -7.3225 		36.3275 		12.66
v -7.2475 		36.5525 		12.01
v -7.2525 		36.3825 		12.095
v -7.5375 		36.3225 		12.63
v -7.5825 		36.3225 		12.95
v -7.7125 		36.3125 		12.285
v -7.6825 		36.3625 		12.045
v -7.5825 		37.2175 		12.62
v -7.5425 		38.2775 		13.265
v -7.3275 		38.4525 		13.22
v -7.5025 		37.6625 		13.19
v -7.3075 		37.8375 		13.3
v -7.2875 		37.6625 		13.225
v -7.1575 		38.2775 		12.005
v -7.275 		38.5125 		12.81
v -7.1775 		38.4525 		12.085
v -7.2125 		37.6025 		12.66
v -7.1375 		37.8275 		12.01
v -7.1425 		37.6625 		12.095
v -7.4275 		37.6025 		12.63
v -7.5975 		37.5825 		12.285
v -7.3825 		37.5925 		12.31
v -7.5125 		38.5025 		12.94
v -7.4275 		38.4975 		12.3
v -7.2925 		39.4775 		13.295
v -7.2875 		39.6475 		13.22
v -7.4675 		38.8525 		13.19
v -7.2775 		39.145 		13.3
v -7.2525 		38.8575 		13.225
v -7.1225 		39.4675 		12.005
v -7.2175 		39.7025 		12.65
v -7.1375 		39.6425 		12.085
v -7.1725 		38.7975 		12.66
v -7.0975 		39.0175 		12.01
v -7.1025 		38.8525 		12.095
v -7.2175 		38.7975 		12.98
v -7.3875 		38.7925 		12.63
v -7.4325 		39.6925 		12.62
v -7.2075 		40.4475 		13.3
v -7.2125 		40.8375 		13.22
v -7.4075 		40.2125 		13.27
v -7.1775 		40.0475 		13.225
v -7.0375 		40.4375 		12.01
v -7.1425 		40.8975 		12.65
v -7.0625 		40.8375 		12.085
v -7.0775 		39.9925 		12.4975
v -7.0225 		40.2125 		12.01
v -7.0275 		40.0475 		12.095
v -7.3125 		39.9875 		12.63
v -7.1325 		41.6625 		13.3
v -7.1425 		41.8875 		13.295
v -7.1375 		42.0525 		13.22
v -7.3325 		41.4275 		13.27
v -7.1025 		41.2625 		13.225
v -6.9625 		41.6525 		12.01
v -6.9725 		41.8825 		12.005
v -7.0225 		42.1075 		12.325
v -6.9875 		42.0525 		12.085
v -7.0225 		41.2025 		12.66
v -6.9525 		41.2625 		12.095
v -7.0575 		43.0075 		13.3
v -7.0625 		43.3975 		13.22
v -7.0275 		42.6075 		13.225
v -6.9475 		42.5475 		12.66
v -6.8775 		42.7725 		12.01
v -6.8775 		42.6075 		12.095
v -7.0325 		43.4525 		12.97
v -6.9825 		44.3025 		13.3
v -6.9875 		44.7025 		13.22
v -6.9725 		44.0775 		13.3
v -6.9525 		43.9125 		13.225
v -6.8775 		43.8525 		12.66
v -7.0225 		44.7075 		13.165
v -2.6075 		-74.0325 		18.905
v -3.6225 		-74.0075 		17.985
v -3.6125 		-73.7225 		17.98
v -2.5925 		-73.7475 		18.9
v -4.3925 		-73.9775 		18.98
v -3.6775 		-73.8875 		19.865
v -4.3275 		-74.2775 		19.015
v -3.5575 		-74.1625 		19.88
v -2.6975 		-74.0425 		20.745
v -1.8425 		-74.0525 		19.595
v -1.8275 		-73.7625 		19.59
v -2.8925 		-73.7525 		20.71
v -0.1225 		-75.7475 		20.63
v -0.1225 		-77.8175 		19.015
v -0.1225 		-76.8725 		17.82
v -0.1225 		-74.8025 		19.435
v -1.8725 		-74.7225 		18.94
v -2.0275 		-75.5975 		18.02
v -2.2725 		-75.4425 		18.015
v -2.1175 		-74.5725 		18.935
v -2.8125 		-76.4275 		19.055
v -2.5025 		-75.5475 		20.01
v -2.4775 		-76.7525 		19.03
v -2.1725 		-75.6125 		20.025
v -1.9125 		-74.8325 		20.85
v -1.4775 		-74.0675 		19.63
v -1.7225 		-73.9175 		19.625
v -2.2625 		-74.8325 		20.69
# 10543 vertices

g group_0_11452141

usemtl color_11452141
s 0

f 2 	4 	3
f 2 	5 	4
f 2 	6 	5
f 2 	7 	6
f 2 	8 	7
f 2 	9 	8
f 2 	10 	9
f 14 	1 	13
f 14 	13 	15
f 14 	15 	16
f 14 	16 	17
f 14 	17 	18
f 14 	18 	19
f 20 	21 	19
f 14 	19 	21
f 26 	27 	25
f 24 	25 	27
f 14 	61 	1
f 28 	1 	61
f 29 	12 	22
f 29 	30 	12
f 30 	24 	12
f 24 	27 	12
f 27 	31 	12
f 32 	33 	31
f 12 	31 	33
f 12 	33 	34
f 28 	48 	35
f 3 	1 	28
f 36 	37 	12
f 37 	60 	12
f 39 	40 	38
f 35 	50 	59
f 59 	70 	35
f 40 	58 	38
f 51 	38 	58
f 3 	63 	2
f 41 	23 	11
f 42 	41 	11
f 43 	42 	11
f 25 	43 	11
f 26 	25 	11
f 44 	26 	11
f 45 	44 	11
f 11 	47 	45
f 46 	45 	47
f 12 	49 	36
f 2 	63 	61
f 61 	14 	2
f 24 	30 	43
f 43 	25 	24
f 42 	43 	30
f 30 	29 	42
f 41 	42 	29
f 29 	22 	23
f 23 	41 	29
f 17 	5 	6
f 5 	17 	16
f 5 	16 	15
f 15 	4 	5
f 4 	15 	13
f 13 	3 	4
f 3 	13 	1
f 27 	26 	44
f 44 	31 	27
f 31 	44 	45
f 45 	32 	31
f 45 	33 	32
f 33 	45 	46
f 33 	46 	47
f 47 	34 	33
f 34 	47 	11
f 11 	12 	34
f 7 	8 	19
f 19 	18 	7
f 8 	9 	20
f 20 	19 	8
f 9 	10 	21
f 21 	20 	9
f 10 	2 	14
f 14 	21 	10
f 18 	17 	6
f 6 	7 	18
f 11 	23 	48
f 48 	49 	11
f 48 	28 	49
f 22 	50 	48
f 48 	23 	22
f 50 	35 	48
f 50 	22 	12
f 51 	58 	52
f 50 	53 	52
f 50 	54 	53
f 50 	55 	54
f 50 	12 	56
f 56 	55 	50
f 50 	52 	58
f 58 	57 	50
f 57 	59 	50
f 12 	60 	56
f 12 	11 	49
f 49 	28 	61
f 3 	28 	35
f 63 	64 	62
f 63 	65 	64
f 3 	66 	65
f 65 	63 	3
f 37 	36 	62
f 3 	70 	66
f 69 	68 	67
f 67 	66 	70
f 70 	69 	67
f 68 	38 	67
f 39 	38 	68
f 70 	3 	35
f 63 	62 	36
f 63 	36 	61
f 49 	61 	36
f 51 	71 	38
f 72 	71 	51
f 71 	73 	38
f 38 	73 	67
f 62 	64 	75
f 64 	65 	74
f 74 	75 	64
f 65 	76 	74
f 65 	66 	76
f 66 	73 	76
f 66 	67 	73
f 78 	77 	37
f 60 	37 	77
f 77 	79 	60
f 75 	78 	37
f 37 	62 	75
f 81 	80 	74
f 76 	73 	81
f 81 	73 	71
f 76 	81 	74
f 75 	74 	78
f 78 	74 	80
f 79 	77 	80
f 77 	78 	80
f 81 	71 	72
f 52 	53 	81
f 53 	54 	80
f 80 	81 	53
f 51 	52 	72
f 81 	72 	52
f 55 	79 	80
f 80 	54 	55
f 55 	56 	79
f 56 	60 	79
f 83 	70 	85
f 59 	85 	70
f 83 	82 	69
f 68 	69 	82
f 69 	70 	83
f 40 	84 	58
f 84 	40 	39
f 39 	68 	84
f 82 	84 	68
f 82 	83 	84
f 83 	85 	84
f 58 	84 	57
f 85 	57 	84
f 59 	57 	85
f 87 	89 	88
f 87 	90 	89
f 87 	91 	90
f 87 	92 	91
f 87 	93 	92
f 87 	94 	93
f 87 	96 	94
f 95 	94 	96
f 100 	86 	99
f 100 	99 	101
f 100 	101 	102
f 100 	102 	103
f 100 	103 	104
f 100 	104 	105
f 106 	107 	105
f 100 	105 	107
f 100 	107 	108
f 111 	112 	113
f 113 	114 	111
f 110 	115 	130
f 116 	98 	109
f 116 	117 	98
f 117 	111 	98
f 111 	114 	98
f 114 	118 	98
f 118 	119 	98
f 98 	119 	120
f 131 	140 	115
f 115 	110 	131
f 86 	140 	88
f 142 	122 	121
f 121 	139 	142
f 149 	137 	123
f 123 	147 	149
f 140 	131 	138
f 138 	150 	140
f 140 	87 	88
f 124 	110 	97
f 125 	124 	97
f 126 	125 	97
f 112 	126 	97
f 113 	112 	97
f 127 	113 	97
f 128 	127 	97
f 97 	129 	128
f 142 	132 	130
f 111 	117 	126
f 126 	112 	111
f 117 	116 	125
f 125 	126 	117
f 124 	125 	116
f 116 	109 	110
f 110 	124 	116
f 91 	103 	102
f 102 	90 	91
f 90 	102 	101
f 101 	89 	90
f 89 	101 	99
f 99 	88 	89
f 88 	99 	86
f 114 	113 	127
f 127 	118 	114
f 118 	127 	128
f 128 	119 	118
f 119 	128 	129
f 129 	120 	119
f 120 	129 	97
f 97 	98 	120
f 92 	93 	105
f 105 	104 	92
f 93 	94 	106
f 106 	105 	93
f 94 	95 	107
f 107 	106 	94
f 95 	96 	108
f 108 	107 	95
f 96 	87 	100
f 100 	108 	96
f 91 	92 	103
f 104 	103 	92
f 110 	130 	97
f 109 	131 	110
f 131 	109 	132
f 98 	132 	109
f 134 	137 	133
f 131 	135 	133
f 131 	136 	135
f 131 	132 	136
f 131 	133 	137
f 137 	138 	131
f 123 	137 	134
f 132 	139 	136
f 132 	142 	139
f 130 	132 	97
f 98 	97 	132
f 100 	130 	86
f 115 	86 	130
f 140 	86 	115
f 142 	143 	141
f 142 	144 	143
f 142 	145 	144
f 140 	146 	145
f 145 	142 	140
f 141 	122 	142
f 140 	150 	146
f 148 	149 	147
f 147 	146 	150
f 150 	148 	147
f 140 	142 	87
f 130 	100 	142
f 87 	142 	100
f 123 	152 	151
f 123 	134 	152
f 123 	151 	147
f 153 	147 	151
f 141 	143 	154
f 143 	144 	155
f 155 	154 	143
f 156 	141 	154
f 145 	153 	155
f 155 	144 	145
f 145 	146 	153
f 146 	147 	153
f 139 	121 	157
f 158 	157 	121
f 157 	159 	139
f 121 	122 	158
f 156 	158 	122
f 122 	141 	156
f 160 	156 	153
f 155 	153 	156
f 160 	158 	156
f 154 	155 	156
f 157 	158 	160
f 160 	159 	157
f 153 	151 	160
f 160 	151 	152
f 133 	135 	152
f 134 	133 	152
f 135 	160 	152
f 135 	136 	160
f 136 	159 	160
f 136 	139 	159
f 138 	164 	150
f 162 	150 	164
f 149 	148 	161
f 162 	161 	148
f 148 	150 	162
f 137 	149 	161
f 163 	137 	161
f 164 	161 	162
f 161 	164 	163
f 164 	138 	163
f 138 	137 	163
f 166 	168 	167
f 166 	169 	168
f 166 	170 	169
f 166 	171 	170
f 166 	172 	171
f 166 	173 	172
f 166 	175 	173
f 174 	173 	175
f 179 	165 	178
f 179 	178 	180
f 179 	180 	181
f 179 	181 	182
f 179 	182 	183
f 179 	183 	184
f 185 	186 	184
f 179 	184 	186
f 191 	192 	190
f 189 	190 	192
f 194 	165 	179
f 179 	217 	194
f 195 	177 	187
f 195 	196 	177
f 196 	189 	177
f 189 	192 	177
f 192 	197 	177
f 197 	198 	177
f 199 	177 	198
f 209 	218 	193
f 167 	165 	194
f 194 	218 	167
f 220 	219 	200
f 177 	220 	200
f 200 	216 	177
f 228 	214 	201
f 226 	214 	228
f 218 	209 	215
f 215 	227 	218
f 166 	167 	218
f 202 	188 	176
f 203 	202 	176
f 204 	203 	176
f 190 	204 	176
f 191 	190 	176
f 205 	191 	176
f 206 	205 	176
f 176 	207 	206
f 208 	220 	177
f 217 	179 	166
f 204 	190 	189
f 189 	196 	203
f 203 	204 	189
f 196 	195 	202
f 202 	203 	196
f 188 	202 	195
f 195 	187 	188
f 171 	182 	181
f 181 	170 	171
f 170 	181 	180
f 180 	169 	170
f 180 	168 	169
f 168 	180 	178
f 178 	167 	168
f 167 	178 	165
f 192 	191 	205
f 205 	197 	192
f 197 	205 	206
f 206 	198 	197
f 198 	206 	207
f 207 	199 	198
f 199 	207 	176
f 176 	177 	199
f 172 	173 	183
f 173 	174 	184
f 184 	183 	173
f 185 	184 	174
f 174 	175 	186
f 186 	185 	174
f 175 	166 	179
f 179 	186 	175
f 171 	172 	182
f 183 	182 	172
f 188 	208 	176
f 188 	193 	208
f 187 	209 	188
f 193 	188 	209
f 209 	187 	177
f 210 	214 	211
f 209 	212 	211
f 209 	177 	213
f 213 	212 	209
f 209 	211 	214
f 209 	214 	215
f 177 	216 	213
f 201 	214 	210
f 177 	176 	208
f 217 	208 	194
f 193 	194 	208
f 218 	194 	193
f 221 	219 	220
f 220 	222 	221
f 220 	223 	222
f 218 	224 	223
f 223 	220 	218
f 218 	227 	224
f 225 	224 	227
f 227 	226 	225
f 226 	228 	225
f 218 	220 	166
f 208 	217 	220
f 166 	220 	217
f 229 	228 	201
f 230 	229 	201
f 201 	210 	230
f 231 	228 	229
f 228 	231 	225
f 221 	222 	232
f 222 	223 	233
f 233 	232 	222
f 221 	232 	219
f 234 	219 	232
f 223 	231 	233
f 223 	224 	231
f 224 	225 	231
f 236 	235 	200
f 216 	200 	235
f 235 	237 	216
f 219 	234 	200
f 236 	200 	234
f 229 	230 	233
f 233 	231 	229
f 230 	237 	233
f 232 	233 	237
f 237 	235 	232
f 234 	232 	236
f 238 	237 	239
f 230 	239 	237
f 236 	232 	235
f 239 	230 	211
f 210 	211 	230
f 212 	238 	239
f 239 	211 	212
f 212 	213 	238
f 213 	216 	238
f 237 	238 	216
f 243 	241 	215
f 241 	227 	215
f 227 	241 	226
f 240 	226 	241
f 242 	214 	240
f 226 	240 	214
f 241 	243 	240
f 242 	240 	243
f 214 	243 	215
f 243 	214 	242
f 245 	247 	246
f 245 	248 	247
f 245 	249 	248
f 245 	250 	249
f 245 	251 	250
f 245 	254 	251
f 252 	251 	253
f 253 	251 	254
f 257 	244 	258
f 257 	258 	259
f 257 	259 	260
f 257 	260 	261
f 257 	261 	262
f 263 	264 	262
f 257 	262 	264
f 269 	270 	268
f 267 	268 	270
f 257 	289 	244
f 272 	256 	265
f 272 	273 	256
f 273 	267 	256
f 267 	270 	256
f 270 	274 	256
f 274 	275 	256
f 275 	276 	256
f 256 	276 	277
f 278 	302 	271
f 291 	304 	279
f 279 	299 	291
f 302 	278 	310
f 281 	280 	309
f 309 	297 	281
f 282 	266 	255
f 283 	282 	255
f 284 	283 	255
f 268 	284 	255
f 269 	268 	255
f 285 	269 	255
f 286 	285 	255
f 287 	286 	288
f 288 	286 	255
f 289 	304 	291
f 289 	257 	245
f 267 	273 	284
f 284 	268 	267
f 273 	272 	284
f 283 	284 	272
f 282 	283 	272
f 272 	265 	266
f 266 	282 	272
f 250 	260 	259
f 259 	249 	250
f 259 	248 	249
f 248 	259 	258
f 258 	247 	248
f 258 	246 	247
f 246 	258 	244
f 270 	269 	285
f 285 	274 	270
f 274 	285 	286
f 286 	275 	274
f 275 	286 	287
f 287 	276 	275
f 276 	287 	288
f 288 	277 	276
f 277 	288 	255
f 255 	256 	277
f 262 	261 	251
f 251 	252 	262
f 252 	253 	263
f 263 	262 	252
f 253 	254 	264
f 264 	263 	253
f 254 	245 	257
f 257 	264 	254
f 250 	251 	260
f 261 	260 	251
f 266 	289 	255
f 266 	271 	289
f 265 	290 	266
f 271 	266 	278
f 290 	278 	266
f 256 	291 	290
f 290 	265 	256
f 292 	297 	293
f 290 	294 	293
f 290 	295 	294
f 296 	295 	291
f 290 	291 	295
f 290 	293 	297
f 290 	297 	298
f 298 	300 	290
f 291 	299 	296
f 292 	281 	297
f 301 	310 	278
f 278 	290 	300
f 300 	301 	278
f 256 	255 	291
f 289 	291 	255
f 271 	244 	289
f 302 	244 	271
f 244 	302 	246
f 305 	303 	304
f 304 	306 	305
f 302 	307 	306
f 306 	304 	302
f 303 	279 	304
f 302 	310 	307
f 308 	307 	309
f 310 	309 	307
f 280 	308 	309
f 302 	304 	245
f 245 	246 	302
f 245 	304 	289
f 280 	281 	311
f 312 	311 	281
f 281 	292 	312
f 313 	280 	311
f 280 	313 	308
f 306 	314 	305
f 305 	314 	303
f 315 	303 	314
f 306 	316 	314
f 306 	307 	316
f 307 	313 	316
f 307 	308 	313
f 318 	317 	279
f 299 	279 	317
f 317 	319 	299
f 318 	279 	315
f 279 	303 	315
f 314 	313 	311
f 316 	313 	314
f 317 	318 	314
f 318 	315 	314
f 314 	311 	317
f 319 	317 	320
f 311 	312 	317
f 320 	317 	312
f 320 	312 	294
f 293 	294 	312
f 292 	293 	312
f 320 	294 	295
f 295 	296 	320
f 296 	319 	320
f 296 	299 	319
f 300 	322 	301
f 301 	322 	310
f 310 	321 	309
f 321 	310 	322
f 309 	323 	297
f 321 	323 	309
f 322 	324 	321
f 323 	321 	324
f 297 	324 	298
f 324 	297 	323
f 322 	300 	298
f 322 	298 	324
f 325 	327 	326
f 325 	328 	327
f 325 	329 	328
f 325 	330 	329
f 325 	331 	330
f 325 	332 	331
f 333 	332 	325
f 325 	334 	333
f 338 	353 	337
f 338 	337 	339
f 338 	339 	340
f 338 	340 	341
f 338 	341 	342
f 338 	342 	343
f 344 	345 	343
f 338 	343 	345
f 347 	348 	349
f 349 	350 	347
f 361 	351 	352
f 346 	354 	336
f 354 	355 	336
f 355 	347 	336
f 347 	350 	336
f 350 	356 	336
f 356 	357 	336
f 357 	358 	336
f 367 	381 	351
f 351 	361 	367
f 353 	381 	326
f 359 	379 	336
f 360 	387 	396
f 396 	380 	360
f 381 	367 	376
f 376 	392 	381
f 368 	360 	380
f 381 	383 	325
f 325 	326 	381
f 362 	361 	335
f 363 	362 	335
f 348 	363 	335
f 349 	348 	335
f 364 	349 	335
f 335 	366 	364
f 365 	364 	366
f 325 	383 	338
f 347 	355 	363
f 363 	348 	347
f 355 	354 	362
f 362 	363 	355
f 354 	346 	362
f 361 	362 	346
f 330 	341 	340
f 340 	329 	330
f 340 	328 	329
f 328 	340 	339
f 328 	339 	337
f 337 	327 	328
f 337 	326 	327
f 326 	337 	353
f 350 	349 	364
f 364 	356 	350
f 356 	364 	365
f 356 	365 	366
f 366 	357 	356
f 366 	358 	357
f 358 	366 	335
f 335 	336 	358
f 331 	332 	342
f 343 	342 	332
f 332 	333 	344
f 344 	343 	332
f 333 	334 	345
f 345 	344 	333
f 334 	325 	338
f 338 	345 	334
f 342 	341 	330
f 330 	331 	342
f 352 	335 	361
f 346 	367 	361
f 367 	346 	336
f 368 	375 	369
f 367 	370 	369
f 367 	371 	370
f 367 	336 	372
f 372 	371 	367
f 373 	374 	367
f 367 	369 	375
f 375 	373 	367
f 374 	376 	367
f 368 	377 	375
f 378 	377 	368
f 336 	379 	372
f 380 	378 	368
f 335 	352 	336
f 351 	353 	338
f 338 	352 	351
f 381 	353 	351
f 384 	382 	383
f 383 	385 	384
f 381 	386 	385
f 385 	383 	381
f 382 	359 	383
f 381 	390 	386
f 388 	389 	387
f 387 	386 	390
f 390 	388 	387
f 389 	393 	387
f 381 	391 	390
f 381 	392 	391
f 393 	394 	387
f 394 	395 	396
f 396 	387 	394
f 336 	383 	359
f 352 	338 	383
f 383 	336 	352
f 360 	397 	398
f 368 	397 	360
f 360 	398 	387
f 399 	387 	398
f 384 	385 	401
f 401 	400 	384
f 384 	400 	382
f 402 	382 	400
f 385 	399 	401
f 385 	386 	399
f 386 	387 	399
f 379 	359 	403
f 404 	403 	359
f 403 	405 	379
f 402 	404 	359
f 359 	382 	402
f 401 	399 	398
f 404 	402 	398
f 400 	398 	402
f 398 	400 	401
f 404 	407 	406
f 398 	407 	404
f 403 	404 	406
f 405 	403 	406
f 398 	397 	407
f 369 	370 	407
f 406 	407 	370
f 369 	407 	368
f 397 	368 	407
f 371 	405 	406
f 406 	370 	371
f 371 	372 	405
f 372 	379 	405
f 376 	411 	392
f 409 	392 	411
f 409 	391 	392
f 409 	408 	388
f 389 	388 	408
f 393 	389 	408
f 388 	390 	409
f 390 	391 	409
f 410 	380 	408
f 377 	378 	380
f 377 	380 	410
f 380 	396 	408
f 396 	393 	408
f 395 	394 	393
f 393 	396 	395
f 411 	408 	409
f 411 	410 	408
f 373 	411 	374
f 376 	374 	411
f 375 	410 	373
f 411 	373 	410
f 410 	375 	377
f 413 	415 	414
f 413 	416 	415
f 413 	417 	416
f 413 	418 	417
f 413 	419 	418
f 413 	420 	419
f 413 	421 	420
f 425 	412 	424
f 425 	424 	426
f 425 	426 	427
f 425 	427 	428
f 425 	428 	429
f 425 	429 	430
f 425 	430 	431
f 425 	431 	432
f 425 	432 	413
f 435 	436 	437
f 437 	438 	435
f 434 	465 	453
f 439 	423 	433
f 439 	440 	423
f 440 	435 	423
f 435 	438 	423
f 438 	441 	423
f 442 	423 	441
f 443 	423 	442
f 434 	454 	465
f 466 	465 	454
f 412 	466 	414
f 469 	445 	444
f 469 	444 	423
f 444 	464 	423
f 446 	474 	476
f 466 	454 	463
f 463 	480 	466
f 455 	446 	476
f 414 	466 	413
f 469 	413 	466
f 447 	434 	422
f 448 	447 	422
f 449 	448 	422
f 436 	449 	422
f 437 	436 	422
f 450 	437 	422
f 451 	450 	422
f 452 	451 	422
f 453 	469 	423
f 413 	469 	425
f 449 	436 	435
f 435 	440 	448
f 448 	449 	435
f 440 	439 	447
f 447 	448 	440
f 439 	433 	434
f 434 	447 	439
f 417 	428 	427
f 417 	427 	426
f 426 	416 	417
f 426 	415 	416
f 415 	426 	424
f 424 	414 	415
f 414 	424 	412
f 438 	437 	450
f 450 	441 	438
f 441 	450 	451
f 451 	442 	441
f 442 	451 	452
f 452 	443 	442
f 443 	452 	422
f 422 	423 	443
f 418 	419 	429
f 430 	429 	419
f 419 	420 	430
f 420 	421 	431
f 431 	430 	420
f 432 	431 	421
f 421 	413 	432
f 417 	418 	428
f 429 	428 	418
f 434 	453 	422
f 433 	454 	434
f 454 	433 	423
f 454 	456 	455
f 454 	457 	456
f 454 	458 	457
f 454 	459 	458
f 454 	423 	460
f 460 	459 	454
f 454 	455 	462
f 462 	461 	454
f 454 	461 	463
f 423 	464 	460
f 476 	462 	455
f 423 	422 	453
f 425 	453 	465
f 465 	412 	425
f 465 	466 	412
f 467 	468 	469
f 469 	470 	467
f 469 	471 	470
f 469 	472 	471
f 466 	473 	472
f 472 	469 	466
f 468 	445 	469
f 466 	478 	473
f 475 	476 	474
f 475 	474 	477
f 474 	473 	478
f 478 	477 	474
f 466 	479 	478
f 466 	480 	479
f 453 	425 	469
f 446 	482 	481
f 455 	482 	446
f 446 	483 	474
f 481 	483 	446
f 467 	470 	485
f 470 	471 	484
f 484 	485 	470
f 468 	467 	485
f 472 	486 	484
f 484 	471 	472
f 472 	473 	486
f 473 	483 	486
f 473 	474 	483
f 464 	444 	487
f 487 	488 	464
f 444 	445 	487
f 485 	487 	445
f 445 	468 	485
f 488 	484 	486
f 486 	483 	481
f 488 	487 	484
f 484 	487 	485
f 489 	488 	490
f 490 	488 	486
f 486 	482 	490
f 482 	486 	481
f 456 	457 	490
f 457 	458 	490
f 455 	456 	490
f 490 	482 	455
f 459 	489 	490
f 490 	458 	459
f 459 	460 	489
f 460 	464 	489
f 488 	489 	464
f 463 	494 	480
f 492 	480 	494
f 492 	479 	480
f 476 	475 	491
f 477 	492 	491
f 491 	475 	477
f 477 	478 	492
f 478 	479 	492
f 476 	491 	462
f 493 	462 	491
f 493 	491 	494
f 494 	491 	492
f 461 	494 	463
f 461 	493 	494
f 493 	461 	462
f 496 	498 	497
f 496 	499 	498
f 496 	500 	499
f 496 	501 	500
f 496 	502 	501
f 503 	502 	496
f 496 	504 	503
f 507 	495 	508
f 507 	508 	509
f 507 	509 	510
f 507 	510 	511
f 507 	511 	512
f 507 	512 	513
f 507 	513 	514
f 517 	518 	519
f 519 	520 	517
f 522 	506 	515
f 522 	523 	506
f 523 	517 	506
f 517 	520 	506
f 520 	524 	506
f 524 	525 	506
f 525 	526 	506
f 495 	550 	497
f 552 	551 	528
f 506 	552 	528
f 528 	547 	506
f 527 	530 	531
f 558 	545 	529
f 531 	560 	527
f 497 	550 	496
f 550 	555 	496
f 532 	516 	505
f 533 	532 	505
f 518 	533 	505
f 519 	518 	505
f 534 	519 	505
f 505 	535 	534
f 536 	552 	506
f 496 	552 	507
f 533 	518 	517
f 517 	523 	533
f 532 	533 	523
f 523 	522 	532
f 522 	515 	516
f 516 	532 	522
f 510 	499 	500
f 499 	510 	509
f 499 	509 	508
f 508 	498 	499
f 508 	497 	498
f 497 	508 	495
f 520 	519 	534
f 534 	524 	520
f 534 	525 	524
f 525 	534 	535
f 535 	526 	525
f 526 	535 	505
f 505 	506 	526
f 501 	502 	512
f 512 	511 	501
f 502 	503 	513
f 513 	512 	502
f 514 	513 	503
f 503 	504 	514
f 504 	496 	507
f 507 	514 	504
f 500 	501 	510
f 511 	510 	501
f 521 	536 	516
f 505 	516 	536
f 515 	537 	521
f 521 	516 	515
f 537 	527 	521
f 537 	515 	506
f 538 	545 	539
f 537 	540 	539
f 537 	541 	540
f 537 	506 	542
f 542 	541 	537
f 544 	543 	537
f 537 	539 	545
f 545 	544 	537
f 543 	546 	537
f 546 	548 	537
f 506 	547 	542
f 538 	529 	545
f 549 	530 	527
f 527 	537 	548
f 548 	549 	527
f 536 	506 	505
f 521 	495 	507
f 507 	536 	521
f 521 	527 	550
f 550 	495 	521
f 552 	553 	551
f 552 	554 	553
f 552 	555 	554
f 550 	556 	555
f 550 	560 	556
f 558 	557 	559
f 557 	556 	560
f 560 	559 	557
f 529 	557 	558
f 560 	550 	527
f 552 	496 	555
f 536 	507 	552
f 529 	561 	563
f 538 	561 	529
f 562 	561 	538
f 529 	563 	557
f 564 	557 	563
f 551 	553 	566
f 553 	554 	565
f 565 	566 	553
f 555 	567 	565
f 565 	554 	555
f 555 	556 	567
f 556 	564 	567
f 556 	557 	564
f 547 	528 	568
f 569 	568 	528
f 568 	570 	547
f 551 	566 	528
f 569 	528 	566
f 565 	567 	563
f 564 	563 	567
f 566 	565 	569
f 563 	561 	569
f 565 	563 	569
f 568 	569 	561
f 561 	562 	568
f 562 	571 	570
f 570 	568 	562
f 538 	539 	562
f 539 	540 	571
f 571 	562 	539
f 541 	570 	571
f 571 	540 	541
f 541 	542 	570
f 542 	547 	570
f 530 	575 	531
f 530 	549 	575
f 560 	531 	575
f 573 	560 	575
f 558 	559 	573
f 573 	572 	558
f 559 	560 	573
f 545 	572 	574
f 545 	558 	572
f 575 	574 	572
f 575 	572 	573
f 545 	574 	544
f 543 	544 	575
f 546 	543 	575
f 546 	575 	548
f 549 	548 	575
f 575 	544 	574
f 577 	579 	578
f 577 	580 	579
f 577 	581 	580
f 577 	582 	581
f 577 	583 	582
f 577 	584 	583
f 585 	584 	577
f 577 	586 	585
f 589 	576 	590
f 589 	590 	591
f 589 	591 	592
f 589 	592 	593
f 589 	593 	594
f 589 	594 	595
f 596 	597 	595
f 598 	595 	597
f 589 	595 	598
f 603 	604 	602
f 601 	602 	604
f 605 	606 	622
f 606 	576 	589
f 589 	634 	606
f 607 	588 	599
f 607 	608 	588
f 608 	601 	588
f 601 	604 	588
f 604 	609 	588
f 588 	609 	610
f 588 	610 	611
f 606 	605 	612
f 578 	576 	606
f 606 	635 	578
f 637 	614 	613
f 613 	633 	637
f 615 	649 	645
f 624 	615 	645
f 645 	631 	624
f 612 	632 	616
f 578 	635 	577
f 637 	577 	635
f 617 	600 	587
f 618 	617 	587
f 602 	618 	587
f 603 	602 	587
f 619 	603 	587
f 620 	619 	587
f 621 	620 	587
f 577 	637 	634
f 634 	589 	577
f 601 	608 	618
f 618 	602 	601
f 608 	607 	617
f 617 	618 	608
f 607 	599 	600
f 600 	617 	607
f 581 	593 	592
f 592 	580 	581
f 580 	592 	591
f 580 	591 	590
f 590 	579 	580
f 590 	578 	579
f 578 	590 	576
f 604 	603 	619
f 619 	609 	604
f 609 	619 	620
f 620 	610 	609
f 610 	620 	621
f 621 	611 	610
f 611 	621 	587
f 587 	588 	611
f 582 	583 	595
f 595 	594 	582
f 583 	584 	596
f 596 	595 	583
f 584 	585 	597
f 597 	596 	584
f 585 	586 	598
f 598 	597 	585
f 586 	577 	589
f 589 	598 	586
f 594 	593 	581
f 581 	582 	594
f 622 	587 	605
f 600 	605 	587
f 599 	623 	605
f 605 	600 	599
f 623 	612 	605
f 623 	599 	588
f 624 	631 	625
f 623 	626 	625
f 623 	627 	626
f 623 	588 	628
f 628 	627 	623
f 629 	630 	623
f 623 	625 	631
f 631 	629 	623
f 630 	632 	623
f 588 	633 	628
f 612 	623 	632
f 633 	588 	637
f 622 	588 	587
f 588 	622 	637
f 634 	622 	606
f 606 	612 	635
f 638 	636 	637
f 637 	639 	638
f 637 	640 	639
f 637 	641 	640
f 635 	642 	641
f 641 	637 	635
f 636 	614 	637
f 635 	646 	642
f 644 	645 	643
f 643 	642 	646
f 646 	644 	643
f 635 	647 	646
f 635 	648 	647
f 645 	649 	643
f 635 	650 	648
f 652 	650 	612
f 612 	651 	652
f 612 	616 	651
f 650 	635 	612
f 622 	634 	637
f 615 	654 	653
f 624 	654 	615
f 615 	653 	649
f 655 	649 	653
f 649 	655 	643
f 638 	639 	657
f 639 	640 	656
f 656 	657 	639
f 636 	638 	657
f 641 	655 	656
f 656 	640 	641
f 641 	642 	655
f 642 	643 	655
f 633 	613 	658
f 659 	658 	613
f 658 	660 	633
f 613 	614 	659
f 657 	659 	614
f 614 	636 	657
f 658 	659 	656
f 655 	653 	656
f 653 	658 	656
f 657 	656 	659
f 661 	660 	658
f 654 	661 	653
f 658 	653 	661
f 624 	625 	661
f 625 	626 	661
f 661 	654 	624
f 627 	660 	661
f 661 	626 	627
f 627 	628 	660
f 628 	633 	660
f 632 	666 	616
f 662 	651 	616
f 662 	616 	666
f 652 	651 	662
f 648 	650 	652
f 652 	662 	648
f 664 	647 	648
f 648 	662 	664
f 664 	662 	666
f 644 	663 	645
f 646 	664 	644
f 663 	644 	664
f 646 	647 	664
f 645 	665 	631
f 663 	665 	645
f 665 	663 	666
f 664 	666 	663
f 632 	630 	666
f 629 	666 	630
f 631 	665 	629
f 666 	629 	665
f 668 	670 	669
f 668 	671 	670
f 668 	672 	671
f 668 	673 	672
f 668 	674 	673
f 668 	676 	674
f 675 	674 	676
f 680 	667 	679
f 680 	679 	681
f 680 	681 	682
f 680 	682 	683
f 680 	683 	684
f 680 	684 	685
f 686 	688 	685
f 687 	688 	686
f 680 	685 	688
f 693 	694 	692
f 691 	692 	694
f 697 	678 	689
f 697 	698 	678
f 698 	699 	678
f 699 	691 	678
f 691 	694 	678
f 694 	700 	678
f 700 	701 	678
f 678 	701 	702
f 712 	721 	695
f 667 	721 	669
f 723 	704 	703
f 723 	703 	713
f 703 	720 	713
f 705 	727 	733
f 721 	712 	719
f 719 	729 	721
f 669 	721 	668
f 706 	690 	677
f 707 	706 	677
f 708 	707 	677
f 692 	708 	677
f 693 	692 	677
f 709 	693 	677
f 710 	709 	677
f 677 	711 	710
f 696 	723 	713
f 691 	699 	708
f 708 	692 	691
f 699 	698 	708
f 707 	708 	698
f 698 	697 	706
f 706 	707 	698
f 697 	689 	690
f 690 	706 	697
f 672 	683 	682
f 682 	671 	672
f 682 	670 	671
f 670 	682 	681
f 670 	681 	679
f 679 	669 	670
f 669 	679 	667
f 694 	693 	709
f 709 	700 	694
f 700 	709 	710
f 710 	701 	700
f 701 	710 	711
f 711 	702 	701
f 702 	711 	677
f 677 	678 	702
f 673 	674 	685
f 685 	684 	673
f 686 	685 	674
f 674 	675 	686
f 687 	686 	675
f 675 	676 	688
f 688 	687 	675
f 676 	668 	680
f 680 	688 	676
f 672 	673 	683
f 684 	683 	673
f 696 	677 	695
f 690 	695 	677
f 689 	712 	690
f 695 	690 	712
f 678 	713 	712
f 712 	689 	678
f 715 	718 	714
f 712 	716 	714
f 717 	716 	713
f 712 	713 	716
f 712 	714 	718
f 712 	718 	719
f 715 	705 	718
f 713 	720 	717
f 733 	718 	705
f 677 	713 	678
f 696 	713 	677
f 680 	696 	667
f 695 	667 	696
f 721 	667 	695
f 724 	722 	723
f 723 	725 	724
f 725 	723 	726
f 721 	726 	723
f 722 	704 	723
f 721 	729 	726
f 727 	726 	728
f 728 	726 	729
f 728 	730 	727
f 730 	731 	727
f 731 	732 	733
f 733 	727 	731
f 721 	723 	668
f 696 	680 	723
f 668 	723 	680
f 705 	735 	734
f 705 	715 	735
f 705 	736 	727
f 734 	736 	705
f 739 	737 	725
f 724 	725 	737
f 724 	737 	722
f 738 	722 	737
f 725 	726 	739
f 726 	736 	739
f 726 	727 	736
f 720 	703 	740
f 740 	741 	720
f 703 	704 	740
f 738 	740 	704
f 704 	722 	738
f 743 	739 	736
f 734 	743 	736
f 743 	740 	739
f 738 	737 	740
f 739 	740 	737
f 743 	742 	740
f 741 	740 	742
f 735 	743 	734
f 714 	716 	743
f 742 	743 	716
f 715 	714 	735
f 743 	735 	714
f 716 	717 	742
f 717 	741 	742
f 717 	720 	741
f 747 	745 	719
f 719 	745 	729
f 728 	744 	730
f 744 	728 	745
f 728 	729 	745
f 718 	733 	746
f 746 	733 	744
f 733 	730 	744
f 732 	731 	730
f 730 	733 	732
f 745 	747 	744
f 744 	747 	746
f 718 	747 	719
f 747 	718 	746
f 749 	751 	750
f 749 	752 	751
f 749 	753 	752
f 749 	754 	753
f 749 	755 	754
f 749 	756 	755
f 759 	748 	760
f 759 	760 	761
f 759 	761 	762
f 759 	762 	763
f 759 	763 	764
f 759 	764 	765
f 759 	765 	766
f 769 	770 	771
f 771 	772 	769
f 773 	748 	759
f 759 	788 	773
f 774 	758 	767
f 774 	775 	758
f 775 	776 	758
f 776 	769 	758
f 769 	772 	758
f 772 	777 	758
f 777 	778 	758
f 778 	779 	758
f 773 	787 	800
f 750 	748 	773
f 773 	800 	750
f 802 	801 	780
f 758 	802 	780
f 780 	799 	758
f 813 	816 	781
f 800 	789 	798
f 798 	811 	800
f 790 	781 	816
f 816 	797 	790
f 750 	800 	749
f 802 	749 	800
f 782 	768 	757
f 783 	782 	757
f 770 	783 	757
f 771 	770 	757
f 784 	771 	757
f 757 	786 	784
f 785 	784 	786
f 788 	802 	758
f 788 	759 	802
f 749 	802 	759
f 769 	776 	770
f 776 	775 	783
f 783 	770 	776
f 775 	774 	782
f 782 	783 	775
f 774 	767 	768
f 768 	782 	774
f 762 	752 	753
f 752 	762 	761
f 752 	761 	760
f 760 	751 	752
f 760 	750 	751
f 750 	760 	748
f 772 	771 	784
f 784 	777 	772
f 777 	784 	785
f 785 	778 	777
f 778 	785 	786
f 786 	779 	778
f 779 	786 	757
f 757 	758 	779
f 754 	755 	764
f 764 	763 	754
f 755 	756 	765
f 765 	764 	755
f 766 	765 	756
f 759 	766 	756
f 756 	749 	759
f 753 	754 	762
f 763 	762 	754
f 757 	768 	787
f 787 	788 	757
f 787 	773 	788
f 767 	789 	787
f 787 	768 	767
f 789 	800 	787
f 789 	767 	758
f 790 	797 	791
f 789 	792 	791
f 789 	793 	792
f 789 	758 	794
f 794 	793 	789
f 795 	796 	789
f 789 	791 	797
f 797 	795 	789
f 796 	798 	789
f 758 	799 	794
f 757 	788 	758
f 803 	801 	802
f 802 	804 	803
f 802 	805 	804
f 802 	806 	805
f 800 	807 	806
f 806 	802 	800
f 800 	811 	807
f 809 	810 	808
f 808 	807 	811
f 811 	809 	808
f 810 	812 	808
f 812 	814 	808
f 813 	808 	814
f 814 	815 	816
f 816 	813 	814
f 781 	818 	817
f 790 	818 	781
f 781 	817 	813
f 819 	813 	817
f 813 	819 	808
f 803 	804 	820
f 804 	805 	821
f 821 	820 	804
f 803 	820 	801
f 822 	801 	820
f 806 	819 	821
f 821 	805 	806
f 806 	807 	819
f 807 	808 	819
f 799 	780 	823
f 824 	823 	780
f 823 	825 	799
f 801 	822 	780
f 824 	780 	822
f 819 	817 	821
f 821 	826 	823
f 822 	820 	824
f 821 	824 	820
f 827 	826 	821
f 825 	823 	826
f 824 	821 	823
f 818 	827 	821
f 821 	817 	818
f 791 	792 	827
f 827 	818 	791
f 790 	791 	818
f 793 	826 	827
f 827 	792 	793
f 793 	794 	826
f 794 	825 	826
f 794 	799 	825
f 829 	798 	831
f 811 	798 	829
f 810 	809 	828
f 810 	828 	812
f 809 	811 	829
f 829 	828 	809
f 816 	828 	797
f 828 	830 	797
f 815 	828 	816
f 812 	828 	815
f 815 	814 	812
f 828 	831 	830
f 831 	828 	829
f 796 	795 	832
f 832 	798 	796
f 832 	831 	798
f 795 	797 	832
f 832 	830 	831
f 830 	832 	797
f 835 	836 	834
f 835 	837 	836
f 835 	838 	837
f 835 	839 	838
f 835 	840 	839
f 835 	841 	840
f 835 	844 	841
f 842 	841 	843
f 843 	841 	844
f 847 	833 	848
f 847 	848 	849
f 847 	849 	850
f 847 	850 	851
f 847 	851 	852
f 853 	854 	852
f 847 	852 	854
f 847 	854 	855
f 858 	859 	860
f 860 	861 	858
f 862 	863 	891
f 863 	833 	847
f 847 	891 	863
f 864 	846 	856
f 864 	865 	846
f 865 	858 	846
f 858 	861 	846
f 861 	866 	846
f 867 	868 	866
f 846 	866 	868
f 868 	869 	846
f 863 	862 	880
f 834 	833 	863
f 863 	892 	834
f 846 	871 	870
f 890 	846 	870
f 901 	888 	872
f 881 	872 	888
f 880 	889 	903
f 835 	834 	894
f 892 	894 	834
f 873 	857 	845
f 874 	873 	845
f 875 	874 	845
f 859 	875 	845
f 860 	859 	845
f 876 	860 	845
f 877 	876 	845
f 845 	879 	877
f 878 	877 	879
f 835 	894 	891
f 891 	847 	835
f 858 	865 	875
f 875 	859 	858
f 865 	864 	875
f 874 	875 	864
f 873 	874 	864
f 864 	856 	857
f 857 	873 	864
f 850 	838 	839
f 838 	850 	849
f 838 	849 	848
f 848 	837 	838
f 848 	836 	837
f 848 	834 	836
f 834 	848 	833
f 861 	860 	876
f 876 	866 	861
f 866 	876 	877
f 877 	867 	866
f 867 	877 	878
f 878 	868 	867
f 868 	878 	879
f 879 	869 	868
f 869 	879 	845
f 845 	846 	869
f 840 	841 	852
f 852 	851 	840
f 841 	842 	853
f 853 	852 	841
f 842 	843 	854
f 854 	853 	842
f 843 	844 	855
f 855 	854 	843
f 844 	835 	847
f 847 	855 	844
f 839 	840 	850
f 851 	850 	840
f 845 	857 	862
f 862 	891 	845
f 856 	880 	862
f 862 	857 	856
f 880 	856 	846
f 881 	888 	882
f 880 	883 	882
f 880 	884 	883
f 880 	846 	885
f 885 	884 	880
f 880 	887 	886
f 880 	882 	888
f 888 	887 	880
f 886 	889 	880
f 846 	890 	885
f 891 	846 	845
f 863 	880 	892
f 895 	893 	894
f 894 	896 	895
f 894 	897 	896
f 894 	898 	897
f 892 	899 	898
f 898 	894 	892
f 893 	871 	894
f 892 	902 	899
f 900 	899 	902
f 902 	901 	900
f 901 	872 	900
f 892 	903 	902
f 903 	892 	880
f 846 	894 	871
f 846 	891 	894
f 872 	905 	904
f 881 	905 	872
f 904 	906 	872
f 872 	906 	900
f 895 	896 	907
f 896 	897 	908
f 908 	907 	896
f 893 	895 	909
f 907 	909 	895
f 898 	906 	908
f 908 	897 	898
f 898 	899 	906
f 899 	900 	906
f 911 	910 	870
f 890 	870 	910
f 910 	912 	890
f 870 	871 	911
f 909 	911 	871
f 871 	893 	909
f 908 	906 	911
f 910 	911 	906
f 909 	907 	911
f 908 	911 	907
f 914 	913 	910
f 914 	910 	906
f 906 	904 	914
f 905 	914 	904
f 912 	910 	913
f 882 	883 	914
f 913 	914 	883
f 881 	882 	905
f 914 	905 	882
f 884 	912 	913
f 913 	883 	884
f 884 	885 	912
f 885 	890 	912
f 903 	889 	915
f 917 	903 	915
f 902 	903 	917
f 917 	916 	901
f 901 	902 	917
f 918 	888 	916
f 888 	901 	916
f 916 	917 	915
f 918 	916 	915
f 919 	918 	915
f 889 	886 	920
f 919 	920 	918
f 915 	889 	920
f 915 	920 	919
f 888 	918 	887
f 920 	886 	887
f 920 	887 	918
f 923 	924 	922
f 923 	925 	924
f 923 	926 	925
f 923 	927 	926
f 923 	928 	927
f 923 	929 	928
f 923 	932 	929
f 930 	929 	931
f 931 	929 	932
f 934 	957 	933
f 935 	921 	936
f 935 	936 	937
f 935 	937 	938
f 935 	938 	939
f 935 	939 	940
f 935 	940 	941
f 942 	943 	941
f 935 	941 	943
f 948 	949 	947
f 946 	947 	949
f 952 	934 	944
f 952 	953 	934
f 953 	946 	934
f 946 	949 	934
f 949 	954 	934
f 955 	956 	954
f 934 	954 	956
f 956 	957 	934
f 958 	981 	950
f 921 	981 	922
f 983 	960 	959
f 959 	980 	983
f 987 	993 	961
f 981 	958 	962
f 962 	989 	981
f 963 	961 	993
f 922 	981 	923
f 983 	923 	981
f 964 	945 	933
f 965 	964 	933
f 966 	965 	933
f 947 	966 	933
f 948 	947 	933
f 967 	948 	933
f 968 	967 	933
f 933 	970 	968
f 969 	968 	970
f 923 	983 	935
f 946 	953 	966
f 966 	947 	946
f 953 	952 	965
f 965 	966 	953
f 964 	965 	952
f 952 	944 	945
f 945 	964 	952
f 927 	938 	937
f 937 	926 	927
f 926 	937 	936
f 936 	925 	926
f 936 	924 	925
f 936 	922 	924
f 922 	936 	921
f 949 	948 	967
f 967 	954 	949
f 954 	967 	968
f 968 	955 	954
f 955 	968 	969
f 969 	956 	955
f 956 	969 	970
f 970 	957 	956
f 957 	970 	933
f 928 	929 	940
f 940 	939 	928
f 929 	930 	941
f 941 	940 	929
f 930 	931 	941
f 942 	941 	931
f 931 	932 	943
f 943 	942 	931
f 932 	923 	935
f 935 	943 	932
f 939 	938 	927
f 927 	928 	939
f 945 	950 	951
f 951 	933 	945
f 944 	971 	945
f 971 	958 	950
f 950 	945 	971
f 971 	944 	934
f 972 	978 	973
f 971 	974 	973
f 971 	975 	974
f 971 	934 	976
f 976 	975 	971
f 977 	979 	971
f 971 	973 	978
f 978 	977 	971
f 972 	963 	978
f 934 	980 	976
f 978 	963 	993
f 958 	979 	962
f 958 	971 	979
f 980 	934 	983
f 983 	934 	951
f 933 	951 	934
f 935 	951 	921
f 950 	921 	951
f 981 	921 	950
f 983 	984 	982
f 983 	985 	984
f 981 	986 	985
f 985 	983 	981
f 982 	960 	983
f 981 	989 	986
f 987 	986 	989
f 989 	988 	987
f 988 	990 	987
f 987 	990 	991
f 991 	992 	993
f 993 	987 	991
f 951 	935 	983
f 961 	963 	994
f 995 	994 	963
f 963 	972 	995
f 961 	994 	987
f 996 	987 	994
f 984 	997 	982
f 998 	982 	997
f 997 	984 	999
f 985 	999 	984
f 985 	986 	999
f 986 	996 	999
f 986 	987 	996
f 980 	959 	1000
f 1000 	1001 	980
f 959 	960 	1000
f 998 	1000 	960
f 960 	982 	998
f 999 	994 	997
f 1002 	997 	994
f 996 	994 	999
f 998 	997 	1000
f 1001 	997 	1002
f 1000 	997 	1001
f 995 	1002 	994
f 1002 	995 	1003
f 973 	974 	1003
f 1002 	1003 	974
f 972 	973 	995
f 1003 	995 	973
f 975 	1001 	1002
f 1002 	974 	975
f 975 	976 	1001
f 976 	980 	1001
f 979 	1007 	962
f 1007 	1005 	962
f 989 	962 	1005
f 1005 	1004 	988
f 988 	1004 	990
f 988 	989 	1005
f 1006 	993 	1004
f 993 	1006 	978
f 993 	992 	1004
f 992 	991 	990
f 990 	1004 	992
f 1007 	1004 	1005
f 1006 	1004 	1007
f 978 	1006 	977
f 1006 	1007 	977
f 979 	977 	1007
f 1008 	1009 	1010
f 1011 	1008 	1010
f 1012 	1013 	1014
f 1014 	1015 	1012
f 1016 	1017 	1018
f 1018 	1019 	1016
f 1013 	1008 	1011
f 1011 	1014 	1013
f 1017 	1012 	1015
f 1015 	1018 	1017
f 1010 	1019 	1018
f 1018 	1015 	1010
f 1016 	1019 	1010
f 1010 	1009 	1016
f 1009 	1008 	1017
f 1017 	1016 	1009
f 1020 	1021 	1022
f 1022 	1023 	1020
f 1025 	1028 	1024
f 1027 	1024 	1028
f 1026 	1027 	1028
f 1028 	1029 	1026
f 1024 	1022 	1021
f 1021 	1025 	1024
f 1020 	1023 	1026
f 1026 	1029 	1020
f 1020 	1029 	1028
f 1023 	1022 	1027
f 1027 	1026 	1023
f 1030 	1031 	1032
f 1032 	1033 	1030
f 1035 	1038 	1034
f 1038 	1039 	1037
f 1036 	1037 	1039
f 1034 	1030 	1033
f 1033 	1035 	1034
f 1037 	1034 	1038
f 1032 	1039 	1038
f 1038 	1033 	1032
f 1031 	1036 	1039
f 1039 	1032 	1031
f 1031 	1030 	1037
f 1037 	1036 	1031
f 1042 	1043 	1041
f 1040 	1041 	1043
f 1044 	1045 	1042
f 1043 	1042 	1045
f 1046 	1047 	1044
f 1045 	1044 	1047
f 1048 	1049 	1046
f 1047 	1046 	1049
f 1050 	1051 	1048
f 1049 	1048 	1051
f 1051 	1050 	1052
f 1052 	1053 	1051
f 1053 	1052 	1054
f 1054 	1055 	1053
f 1055 	1054 	1056
f 1056 	1057 	1055
f 1058 	1059 	1056
f 1057 	1056 	1059
f 1059 	1058 	1060
f 1060 	1061 	1059
f 1062 	1063 	1060
f 1061 	1060 	1063
f 1063 	1062 	1064
f 1064 	1065 	1063
f 1065 	1064 	1066
f 1066 	1067 	1065
f 1067 	1066 	1068
f 1068 	1069 	1067
f 1069 	1068 	1070
f 1070 	1071 	1069
f 1072 	1073 	1070
f 1071 	1070 	1073
f 1073 	1072 	1074
f 1074 	1075 	1073
f 1075 	1074 	1076
f 1076 	1077 	1075
f 1077 	1076 	1078
f 1078 	1079 	1077
f 1079 	1078 	1080
f 1080 	1081 	1079
f 1082 	1083 	1080
f 1081 	1080 	1083
f 1084 	1085 	1082
f 1083 	1082 	1085
f 1086 	1087 	1084
f 1085 	1084 	1087
f 1087 	1086 	1088
f 1088 	1090 	1087
f 1090 	1088 	1089
f 1091 	1092 	1089
f 1090 	1089 	1092
f 1092 	1091 	1093
f 1093 	1094 	1092
f 1095 	1096 	1093
f 1094 	1093 	1096
f 1097 	1098 	1095
f 1096 	1095 	1098
f 1099 	1100 	1097
f 1098 	1097 	1100
f 1100 	1099 	1101
f 1041 	1040 	1101
f 1101 	1099 	1041
f 1104 	1105 	1103
f 1102 	1103 	1105
f 1106 	1107 	1104
f 1105 	1104 	1107
f 1108 	1109 	1106
f 1107 	1106 	1109
f 1110 	1111 	1108
f 1109 	1108 	1111
f 1111 	1110 	1112
f 1112 	1113 	1111
f 1114 	1115 	1112
f 1113 	1112 	1115
f 1116 	1117 	1114
f 1115 	1114 	1117
f 1117 	1116 	1118
f 1118 	1119 	1117
f 1119 	1118 	1120
f 1120 	1121 	1119
f 1121 	1120 	1122
f 1122 	1123 	1121
f 1123 	1122 	1124
f 1124 	1125 	1123
f 1125 	1124 	1126
f 1126 	1127 	1125
f 1127 	1126 	1128
f 1128 	1129 	1127
f 1129 	1128 	1130
f 1130 	1131 	1129
f 1131 	1130 	1132
f 1132 	1133 	1131
f 1133 	1132 	1134
f 1134 	1135 	1133
f 1135 	1134 	1136
f 1136 	1137 	1135
f 1137 	1136 	1138
f 1138 	1139 	1137
f 1140 	1141 	1138
f 1139 	1138 	1141
f 1142 	1143 	1140
f 1141 	1140 	1143
f 1144 	1145 	1142
f 1143 	1142 	1145
f 1145 	1144 	1146
f 1146 	1147 	1145
f 1148 	1149 	1146
f 1147 	1146 	1149
f 1149 	1148 	1150
f 1150 	1151 	1149
f 1151 	1150 	1152
f 1152 	1153 	1151
f 1154 	1155 	1152
f 1153 	1152 	1155
f 1156 	1157 	1154
f 1155 	1154 	1157
f 1158 	1159 	1156
f 1157 	1156 	1159
f 1159 	1158 	1160
f 1160 	1161 	1159
f 1161 	1160 	1162
f 1162 	1163 	1161
f 1103 	1102 	1162
f 1163 	1162 	1102
f 1164 	1102 	1105
f 1105 	1165 	1164
f 1165 	1105 	1107
f 1107 	1166 	1165
f 1109 	1167 	1107
f 1166 	1107 	1167
f 1111 	1168 	1109
f 1167 	1109 	1168
f 1113 	1169 	1111
f 1168 	1111 	1169
f 1169 	1113 	1115
f 1115 	1170 	1169
f 1170 	1115 	1117
f 1117 	1171 	1170
f 1171 	1117 	1119
f 1119 	1172 	1171
f 1172 	1119 	1121
f 1121 	1173 	1172
f 1123 	1174 	1121
f 1173 	1121 	1174
f 1125 	1175 	1123
f 1174 	1123 	1175
f 1127 	1176 	1125
f 1175 	1125 	1176
f 1176 	1127 	1129
f 1129 	1177 	1176
f 1177 	1129 	1131
f 1131 	1178 	1177
f 1133 	1179 	1131
f 1178 	1131 	1179
f 1135 	1180 	1133
f 1179 	1133 	1180
f 1137 	1181 	1135
f 1180 	1135 	1181
f 1181 	1137 	1139
f 1139 	1182 	1181
f 1182 	1139 	1141
f 1141 	1183 	1182
f 1143 	1184 	1141
f 1183 	1141 	1184
f 1145 	1185 	1143
f 1184 	1143 	1185
f 1147 	1186 	1145
f 1185 	1145 	1186
f 1149 	1187 	1147
f 1186 	1147 	1187
f 1187 	1149 	1151
f 1151 	1188 	1187
f 1188 	1151 	1153
f 1153 	1189 	1188
f 1189 	1153 	1155
f 1155 	1190 	1189
f 1190 	1155 	1157
f 1157 	1191 	1190
f 1191 	1157 	1159
f 1159 	1192 	1191
f 1161 	1193 	1159
f 1192 	1159 	1193
f 1163 	1194 	1161
f 1193 	1161 	1194
f 1194 	1163 	1102
f 1102 	1164 	1194
f 1103 	1040 	1043
f 1043 	1104 	1103
f 1104 	1043 	1045
f 1045 	1106 	1104
f 1106 	1045 	1047
f 1047 	1108 	1106
f 1108 	1047 	1049
f 1049 	1110 	1108
f 1110 	1049 	1051
f 1051 	1112 	1110
f 1112 	1051 	1053
f 1053 	1114 	1112
f 1055 	1116 	1053
f 1114 	1053 	1116
f 1057 	1118 	1055
f 1116 	1055 	1118
f 1059 	1120 	1057
f 1118 	1057 	1120
f 1061 	1122 	1059
f 1120 	1059 	1122
f 1063 	1124 	1061
f 1122 	1061 	1124
f 1065 	1126 	1063
f 1124 	1063 	1126
f 1067 	1128 	1065
f 1126 	1065 	1128
f 1069 	1130 	1067
f 1128 	1067 	1130
f 1071 	1132 	1069
f 1130 	1069 	1132
f 1073 	1134 	1071
f 1132 	1071 	1134
f 1075 	1136 	1073
f 1134 	1073 	1136
f 1077 	1138 	1075
f 1136 	1075 	1138
f 1079 	1140 	1077
f 1138 	1077 	1140
f 1081 	1142 	1079
f 1140 	1079 	1142
f 1083 	1144 	1081
f 1142 	1081 	1144
f 1144 	1083 	1085
f 1085 	1146 	1144
f 1146 	1085 	1087
f 1087 	1148 	1146
f 1148 	1087 	1090
f 1090 	1150 	1148
f 1150 	1090 	1092
f 1092 	1152 	1150
f 1094 	1154 	1092
f 1152 	1092 	1154
f 1154 	1094 	1096
f 1096 	1156 	1154
f 1156 	1096 	1098
f 1098 	1158 	1156
f 1158 	1098 	1100
f 1100 	1160 	1158
f 1160 	1100 	1101
f 1101 	1162 	1160
f 1162 	1101 	1040
f 1040 	1103 	1162
f 1195 	1211 	1196
f 1199 	1213 	1198
f 1201 	1214 	1200
f 1203 	1232 	1202
f 1208 	1216 	1207
f 1210 	1230 	1209
f 1231 	1209 	1230
f 1215 	1200 	1224
f 1216 	1203 	1206
f 1204 	1199 	1198
f 1198 	1205 	1204
f 1218 	1210 	1217
f 1200 	1221 	1201
f 1207 	1226 	1208
f 1209 	1219 	1210
f 1221 	1212 	1220
f 1211 	1220 	1212
f 1213 	1222 	1223
f 1223 	1197 	1213
f 1197 	1198 	1213
f 1217 	1229 	1225
f 1227 	1208 	1226
f 1219 	1217 	1210
f 1196 	1223 	1195
f 1222 	1195 	1223
f 1206 	1207 	1216
f 1214 	1224 	1200
f 1228 	1202 	1232
f 1205 	1225 	1204
f 1225 	1218 	1217
f 1220 	1201 	1221
f 1224 	1228 	1232
f 1232 	1215 	1224
f 1212 	1196 	1211
f 1202 	1206 	1203
f 1226 	1231 	1230
f 1230 	1227 	1226
f 1229 	1204 	1225
f 1232 	1203 	1233
f 1208 	1227 	1234
f 1223 	1196 	1235
f 1215 	1232 	1236
f 1230 	1210 	1237
f 1196 	1212 	1238
f 1233 	1203 	1239
f 1216 	1239 	1203
f 1234 	1227 	1240
f 1230 	1240 	1227
f 1241 	1244 	1198
f 1242 	1243 	1200
f 1221 	1200 	1243
f 1236 	1232 	1233
f 1205 	1244 	1225
f 1245 	1237 	1210
f 1246 	1238 	1212
f 1247 	1239 	1216
f 1205 	1198 	1244
f 1210 	1218 	1245
f 1243 	1246 	1221
f 1216 	1208 	1247
f 1237 	1240 	1230
f 1250 	1241 	1197
f 1251 	1242 	1200
f 1249 	1245 	1218
f 1212 	1221 	1246
f 1235 	1250 	1223
f 1197 	1223 	1250
f 1198 	1197 	1241
f 1249 	1218 	1252
f 1225 	1252 	1218
f 1200 	1215 	1251
f 1235 	1196 	1248
f 1234 	1247 	1208
f 1252 	1225 	1244
f 1236 	1251 	1215
f 1238 	1248 	1196
f 1260 	1254 	1236
f 1256 	1257 	1252
f 1234 	1240 	1258
f 1259 	1253 	1235
f 1236 	1233 	1260
f 1247 	1234 	1255
f 1254 	1261 	1251
f 1249 	1252 	1272
f 1248 	1238 	1262
f 1244 	1241 	1265
f 1246 	1243 	1266
f 1267 	1258 	1237
f 1240 	1237 	1258
f 1233 	1239 	1263
f 1258 	1264 	1234
f 1235 	1248 	1259
f 1243 	1242 	1266
f 1252 	1244 	1256
f 1269 	1262 	1238
f 1262 	1259 	1248
f 1270 	1265 	1241
f 1271 	1266 	1242
f 1263 	1260 	1233
f 1265 	1256 	1244
f 1266 	1269 	1246
f 1255 	1268 	1247
f 1241 	1250 	1270
f 1268 	1263 	1239
f 1242 	1251 	1261
f 1261 	1271 	1242
f 1264 	1255 	1234
f 1237 	1245 	1267
f 1238 	1246 	1269
f 1253 	1270 	1235
f 1250 	1235 	1270
f 1251 	1236 	1254
f 1239 	1247 	1268
f 1257 	1272 	1252
f 1272 	1267 	1249
f 1245 	1249 	1267
f 1256 	1265 	1274
f 1285 	1275 	1266
f 1269 	1266 	1275
f 1274 	1273 	1256
f 1277 	1286 	1262
f 1263 	1268 	1278
f 1260 	1263 	1278
f 1278 	1279 	1260
f 1262 	1269 	1275
f 1275 	1277 	1262
f 1258 	1267 	1276
f 1265 	1270 	1281
f 1266 	1271 	1282
f 1281 	1274 	1265
f 1283 	1284 	1267
f 1284 	1276 	1267
f 1268 	1255 	1280
f 1280 	1278 	1268
f 1271 	1261 	1282
f 1282 	1285 	1266
f 1287 	1280 	1264
f 1255 	1264 	1280
f 1267 	1272 	1283
f 1270 	1253 	1281
f 1273 	1283 	1257
f 1259 	1262 	1286
f 1254 	1260 	1288
f 1257 	1256 	1273
f 1286 	1281 	1253
f 1288 	1282 	1254
f 1261 	1254 	1282
f 1276 	1287 	1258
f 1264 	1258 	1287
f 1272 	1257 	1283
f 1253 	1259 	1286
f 1279 	1288 	1260
f 1282 	1288 	1289
f 1303 	1283 	1290
f 1292 	1293 	1274
f 1275 	1285 	1294
f 1294 	1296 	1275
f 1295 	1300 	1276
f 1296 	1298 	1277
f 1286 	1277 	1298
f 1297 	1299 	1278
f 1289 	1288 	1299
f 1279 	1299 	1288
f 1276 	1284 	1295
f 1291 	1287 	1300
f 1301 	1292 	1281
f 1285 	1282 	1302
f 1279 	1278 	1299
f 1284 	1283 	1303
f 1304 	1297 	1280
f 1274 	1281 	1292
f 1277 	1275 	1296
f 1301 	1281 	1305
f 1286 	1305 	1281
f 1289 	1302 	1282
f 1278 	1280 	1297
f 1273 	1290 	1283
f 1302 	1294 	1285
f 1304 	1287 	1291
f 1303 	1295 	1284
f 1276 	1300 	1287
f 1298 	1305 	1286
f 1280 	1287 	1304
f 1273 	1274 	1293
f 1293 	1290 	1273
f 1292 	1301 	1306
f 1308 	1311 	1304
f 1310 	1312 	1289
f 1297 	1304 	1311
f 1311 	1316 	1297
f 1289 	1299 	1310
f 1301 	1305 	1309
f 1313 	1314 	1290
f 1302 	1289 	1312
f 1303 	1290 	1314
f 1304 	1291 	1308
f 1316 	1310 	1299
f 1293 	1292 	1313
f 1300 	1295 	1315
f 1305 	1298 	1317
f 1317 	1309 	1305
f 1306 	1313 	1292
f 1290 	1293 	1313
f 1291 	1300 	1315
f 1315 	1308 	1291
f 1294 	1302 	1307
f 1295 	1303 	1319
f 1296 	1294 	1320
f 1320 	1318 	1296
f 1298 	1296 	1318
f 1318 	1317 	1298
f 1312 	1307 	1302
f 1299 	1297 	1316
f 1314 	1319 	1303
f 1307 	1320 	1294
f 1319 	1315 	1295
f 1309 	1306 	1301
f 1321 	1324 	1306
f 1332 	1316 	1322
f 1333 	1313 	1324
f 1306 	1324 	1313
f 1307 	1325 	1320
f 1319 	1326 	1315
f 1017 	1008 	1012
f 1327 	1329 	1314
f 1311 	1308 	1331
f 1330 	1321 	1309
f 1316 	1311 	1322
f 1307 	1312 	1323
f 1319 	1314 	1329
f 1309 	1317 	1330
f 1306 	1309 	1321
f 1333 	1327 	1313
f 1314 	1313 	1327
f 1334 	1323 	1312
f 1310 	1316 	1332
f 1328 	1331 	1308
f 1325 	1335 	1320
f 1318 	1320 	1335
f 1312 	1310 	1334
f 1326 	1328 	1315
f 1330 	1317 	1335
f 1318 	1335 	1317
f 1012 	1008 	1013
f 1332 	1334 	1310
f 1011 	1010 	1014
f 1315 	1328 	1308
f 1323 	1325 	1307
f 1329 	1326 	1319
f 1015 	1014 	1010
f 1331 	1322 	1311
f 1228 	1224 	1199
f 1327 	1333 	1336
f 1027 	1022 	1024
f 1021 	1020 	1025
f 1325 	1323 	1336
f 1035 	1033 	1038
f 1335 	1325 	1336
f 1322 	1331 	1336
f 1328 	1326 	1336
f 1332 	1322 	1336
f 1333 	1324 	1336
f 1195 	1201 	1211
f 1028 	1025 	1020
f 1323 	1334 	1336
f 1034 	1037 	1030
f 1331 	1328 	1336
f 1326 	1329 	1336
f 1321 	1330 	1336
f 1214 	1195 	1224
f 1214 	1201 	1195
f 1324 	1321 	1336
f 1213 	1199 	1224
f 1334 	1332 	1336
f 1228 	1199 	1202
f 1329 	1327 	1336
f 1220 	1211 	1201
f 1222 	1213 	1224
f 1330 	1335 	1336
f 1337 	1338 	1169
f 1168 	1169 	1338
f 1178 	1179 	1339
f 1339 	1354 	1178
f 1343 	1340 	1189
f 1188 	1189 	1340
f 1170 	1171 	1341
f 1342 	1343 	1191
f 1190 	1191 	1343
f 1180 	1181 	1344
f 1172 	1173 	1345
f 1342 	1192 	1346
f 1193 	1346 	1192
f 1182 	1183 	1347
f 1345 	1174 	1348
f 1175 	1348 	1174
f 1349 	1350 	1164
f 1194 	1164 	1350
f 1184 	1185 	1351
f 1352 	1353 	1166
f 1165 	1166 	1353
f 1354 	1355 	1177
f 1176 	1177 	1355
f 1186 	1187 	1356
f 1167 	1168 	1338
f 1187 	1188 	1340
f 1341 	1337 	1170
f 1169 	1170 	1337
f 1344 	1339 	1180
f 1179 	1180 	1339
f 1189 	1190 	1343
f 1345 	1341 	1172
f 1171 	1172 	1341
f 1191 	1192 	1342
f 1347 	1344 	1182
f 1181 	1182 	1344
f 1173 	1174 	1345
f 1350 	1346 	1194
f 1193 	1194 	1346
f 1351 	1347 	1184
f 1183 	1184 	1347
f 1353 	1349 	1165
f 1164 	1165 	1349
f 1175 	1176 	1355
f 1355 	1348 	1175
f 1356 	1351 	1186
f 1185 	1186 	1351
f 1338 	1352 	1167
f 1166 	1167 	1352
f 1177 	1178 	1354
f 1340 	1356 	1187
f 1357 	1358 	1341
f 1344 	1347 	1360
f 1360 	1361 	1344
f 1362 	1363 	1345
f 1364 	1365 	1350
f 1346 	1350 	1365
f 1347 	1351 	1366
f 1366 	1367 	1347
f 1345 	1348 	1368
f 1368 	1362 	1345
f 1369 	1370 	1356
f 1351 	1356 	1370
f 1353 	1352 	1371
f 1371 	1372 	1353
f 1355 	1354 	1373
f 1373 	1374 	1355
f 1381 	1375 	1340
f 1356 	1340 	1375
f 1376 	1377 	1338
f 1378 	1379 	1339
f 1354 	1339 	1379
f 1340 	1343 	1380
f 1380 	1381 	1340
f 1337 	1341 	1358
f 1358 	1382 	1337
f 1343 	1342 	1359
f 1359 	1383 	1343
f 1361 	1378 	1344
f 1341 	1345 	1363
f 1363 	1357 	1341
f 1365 	1359 	1346
f 1342 	1346 	1359
f 1367 	1360 	1347
f 1384 	1364 	1349
f 1350 	1349 	1364
f 1370 	1366 	1351
f 1349 	1353 	1372
f 1372 	1384 	1349
f 1348 	1355 	1374
f 1374 	1368 	1348
f 1375 	1369 	1356
f 1352 	1338 	1377
f 1377 	1371 	1352
f 1379 	1373 	1354
f 1382 	1376 	1337
f 1338 	1337 	1376
f 1339 	1344 	1378
f 1383 	1380 	1343
f 1382 	1358 	1376
f 1365 	1383 	1359
f 1360 	1367 	1366
f 1370 	1369 	1366
f 1375 	1381 	1385
f 1358 	1385 	1376
f 1363 	1385 	1357
f 1368 	1374 	1362
f 1372 	1385 	1384
f 1385 	1369 	1375
f 1380 	1385 	1381
f 1099 	1097 	1386
f 1387 	1398 	1076
f 1078 	1076 	1398
f 1056 	1054 	1388
f 1095 	1093 	1389
f 1074 	1072 	1390
f 1390 	1387 	1074
f 1052 	1050 	1391
f 1091 	1089 	1392
f 1048 	1046 	1393
f 1070 	1068 	1390
f 1088 	1086 	1394
f 1044 	1042 	1393
f 1066 	1064 	1395
f 1084 	1082 	1396
f 1062 	1060 	1397
f 1386 	1400 	1099
f 1080 	1078 	1398
f 1388 	1399 	1056
f 1058 	1056 	1399
f 1386 	1097 	1389
f 1095 	1389 	1097
f 1076 	1074 	1387
f 1391 	1388 	1052
f 1054 	1052 	1388
f 1093 	1091 	1392
f 1392 	1389 	1093
f 1393 	1391 	1048
f 1050 	1048 	1391
f 1072 	1070 	1390
f 1392 	1089 	1394
f 1088 	1394 	1089
f 1046 	1044 	1393
f 1068 	1066 	1395
f 1395 	1390 	1068
f 1086 	1084 	1396
f 1396 	1394 	1086
f 1042 	1041 	1400
f 1400 	1393 	1042
f 1064 	1062 	1397
f 1397 	1395 	1064
f 1041 	1099 	1400
f 1082 	1080 	1398
f 1398 	1396 	1082
f 1060 	1058 	1399
f 1399 	1397 	1060
f 1404 	1401 	1386
f 1398 	1387 	1402
f 1402 	1418 	1398
f 1403 	1419 	1388
f 1408 	1404 	1389
f 1387 	1390 	1405
f 1405 	1402 	1387
f 1406 	1407 	1391
f 1412 	1408 	1392
f 1409 	1410 	1393
f 1413 	1409 	1393
f 1417 	1414 	1395
f 1416 	1417 	1397
f 1400 	1386 	1401
f 1399 	1388 	1419
f 1386 	1389 	1404
f 1388 	1391 	1407
f 1407 	1403 	1388
f 1389 	1392 	1408
f 1391 	1393 	1410
f 1410 	1406 	1391
f 1411 	1405 	1390
f 1392 	1394 	1412
f 1390 	1395 	1414
f 1414 	1411 	1390
f 1394 	1396 	1415
f 1415 	1412 	1394
f 1393 	1400 	1420
f 1420 	1413 	1393
f 1395 	1397 	1417
f 1401 	1420 	1400
f 1396 	1398 	1418
f 1418 	1415 	1396
f 1397 	1399 	1419
f 1419 	1416 	1397
f 1420 	1401 	1405
f 1402 	1412 	1418
f 1416 	1419 	1405
f 1401 	1404 	1405
f 1405 	1412 	1402
f 1419 	1403 	1405
f 1404 	1408 	1405
f 1407 	1406 	1405
f 1408 	1412 	1405
f 1410 	1409 	1405
f 1409 	1413 	1405
f 1405 	1411 	1417
f 1417 	1416 	1405
f 1403 	1407 	1405
f 1406 	1410 	1405
f 1414 	1417 	1411
f 1415 	1418 	1412
f 1413 	1420 	1405
f 1421 	1422 	1423
f 1423 	1424 	1421
f 1422 	1425 	1426
f 1426 	1423 	1422
f 1427 	1428 	1429
f 1429 	1430 	1427
f 1428 	1431 	1432
f 1432 	1429 	1428
f 1424 	1423 	1426
f 1426 	1433 	1424
f 1434 	1425 	1422
f 1422 	1421 	1434
f 1431 	1435 	1436
f 1436 	1432 	1431
f 1430 	1438 	1427
f 1437 	1427 	1438
f 1432 	1436 	1430
f 1430 	1429 	1432
f 1435 	1431 	1427
f 1428 	1427 	1431
f 1435 	1439 	1440
f 1440 	1436 	1435
f 1436 	1440 	1438
f 1438 	1430 	1436
f 1427 	1437 	1439
f 1439 	1435 	1427
f 1438 	1433 	1437
f 1434 	1437 	1433
f 1439 	1421 	1424
f 1424 	1440 	1439
f 1440 	1424 	1433
f 1433 	1438 	1440
f 1437 	1434 	1421
f 1421 	1439 	1437
f 1433 	1426 	1434
f 1425 	1434 	1426
f 1229 	1226 	1204
f 1222 	1224 	1195
f 1219 	1209 	1226
f 1385 	1383 	1365
f 1366 	1369 	1385
f 1372 	1371 	1385
f 1204 	1202 	1199
f 1373 	1379 	1385
f 1385 	1380 	1383
f 1441 	1444 	1446
f 1384 	1385 	1364
f 1459 	1447 	1448
f 1447 	1462 	1448
f 1229 	1217 	1226
f 1204 	1207 	1206
f 1361 	1385 	1378
f 1441 	1442 	1444
f 1446 	1452 	1451
f 1357 	1385 	1358
f 1445 	1448 	1452
f 1445 	1459 	1448
f 1449 	1453 	1448
f 1377 	1385 	1371
f 1379 	1378 	1385
f 1463 	1458 	1454
f 1448 	1454 	1455
f 1217 	1219 	1226
f 1377 	1376 	1385
f 1363 	1362 	1374
f 1373 	1385 	1374
f 1209 	1231 	1226
f 1374 	1385 	1363
f 1365 	1364 	1385
f 1361 	1360 	1385
f 1442 	1456 	1444
f 1443 	1444 	1456
f 1452 	1446 	1444
f 1451 	1452 	1448
f 1360 	1366 	1385
f 1453 	1450 	1448
f 1450 	1454 	1448
f 1207 	1204 	1226
f 1847 	1835 	1837
f 1460 	1842 	1824
f 1460 	1824 	1823
f 1832 	1837 	1835
f 1837 	1836 	1460
f 1455 	1454 	1457
f 1460 	1847 	1837
f 1460 	1823 	1829
f 1847 	1460 	1829
f 1449 	1448 	1462
f 1457 	1454 	1458
f 1840 	1832 	1835
f 1841 	1846 	1460
f 1839 	1844 	1832
f 1826 	1825 	1460
f 1836 	1841 	1460
f 1825 	1831 	1460
f 1840 	1839 	1832
f 1831 	1461 	1460
f 1826 	1460 	1846
f 1464 	1465 	1486
f 1468 	1469 	1467
f 1469 	1478 	1467
f 1470 	3724 	1472
f 1473 	1474 	1475
f 1468 	1484 	1476
f 1478 	1464 	1466
f 1466 	1467 	1478
f 1479 	1480 	1481
f 1465 	1485 	1483
f 1477 	1476 	1484
f 1476 	1469 	1468
f 1482 	1483 	1485
f 1486 	1466 	1464
f 1483 	1486 	1465
f 1488 	3840 	1487
f 1489 	1487 	3840
f 1492 	3829 	1491
f 1495 	1496 	1494
f 1494 	1496 	1497
f 1498 	1499 	1506
f 1500 	1501 	1482
f 1491 	3829 	1493
f 1485 	1500 	1482
f 1494 	1497 	1503
f 1507 	1508 	1509
f 1510 	1511 	1512
f 1511 	1513 	1512
f 1514 	1515 	1516
f 1519 	1520 	1518
f 1517 	1518 	1520
f 1521 	1522 	1519
f 1520 	1519 	1522
f 1523 	1524 	1521
f 1522 	1521 	1524
f 1525 	1526 	1523
f 1524 	1523 	1526
f 1527 	1528 	1525
f 1526 	1525 	1528
f 1529 	1530 	1527
f 1528 	1527 	1530
f 1531 	1532 	1529
f 1530 	1529 	1532
f 1532 	1531 	1533
f 1533 	1534 	1532
f 1536 	1535 	1533
f 1534 	1533 	1535
f 1536 	1537 	1535
f 1537 	1536 	1538
f 1538 	1539 	1537
f 1539 	1538 	1540
f 1540 	1541 	1539
f 1541 	1540 	1542
f 1542 	1543 	1541
f 1543 	1542 	1544
f 1544 	1545 	1543
f 1545 	1544 	1546
f 1546 	1547 	1545
f 1547 	1546 	1548
f 1548 	1549 	1547
f 1549 	1548 	1550
f 1550 	1551 	1549
f 1551 	1550 	1552
f 1552 	1553 	1551
f 1553 	1552 	1554
f 1554 	1555 	1553
f 1555 	1554 	1556
f 1556 	1557 	1555
f 1558 	1559 	1556
f 1557 	1556 	1559
f 1560 	1561 	1558
f 1559 	1558 	1561
f 1562 	1563 	1560
f 1561 	1560 	1563
f 1563 	1562 	1564
f 1563 	1564 	1565
f 1565 	1566 	1563
f 1566 	1565 	1567
f 1567 	1568 	1566
f 1568 	1567 	1569
f 1569 	1570 	1568
f 1570 	1569 	1571
f 1571 	1572 	1570
f 1573 	1574 	1571
f 1572 	1571 	1574
f 1575 	1576 	1573
f 1574 	1573 	1576
f 1577 	1578 	1575
f 1576 	1575 	1578
f 1578 	1577 	1517
f 1518 	1517 	1577
f 1579 	1580 	1581
f 1581 	1582 	1579
f 1582 	1581 	1583
f 1583 	1584 	1582
f 1585 	1586 	1583
f 1584 	1583 	1586
f 1587 	1588 	1585
f 1586 	1585 	1588
f 1589 	1590 	1587
f 1588 	1587 	1590
f 1590 	1589 	1591
f 1591 	1592 	1590
f 1593 	1594 	1591
f 1592 	1591 	1594
f 1594 	1593 	1595
f 1595 	1596 	1594
f 1597 	1598 	1595
f 1596 	1595 	1598
f 1599 	1600 	1597
f 1598 	1597 	1600
f 1601 	1602 	1599
f 1600 	1599 	1602
f 1602 	1601 	1603
f 1603 	1604 	1602
f 1604 	1603 	1605
f 1605 	1606 	1604
f 1606 	1605 	1607
f 1607 	1608 	1606
f 1608 	1607 	1609
f 1609 	1610 	1608
f 1610 	1609 	1611
f 1611 	1612 	1610
f 1612 	1611 	1613
f 1613 	1614 	1612
f 1614 	1613 	1615
f 1615 	1616 	1614
f 1616 	1615 	1617
f 1617 	1618 	1616
f 1618 	1617 	1619
f 1619 	1620 	1618
f 1620 	1619 	1621
f 1621 	1622 	1620
f 1622 	1621 	1623
f 1623 	1624 	1622
f 1624 	1623 	1625
f 1625 	1626 	1624
f 1626 	1625 	1627
f 1627 	1628 	1626
f 1628 	1627 	1629
f 1629 	1630 	1628
f 1631 	1632 	1629
f 1630 	1629 	1632
f 1632 	1631 	1633
f 1633 	1634 	1632
f 1635 	1636 	1633
f 1634 	1633 	1636
f 1637 	1638 	1635
f 1636 	1635 	1638
f 1639 	1640 	1637
f 1638 	1637 	1640
f 1580 	1579 	1639
f 1640 	1639 	1579
f 1641 	1579 	1582
f 1582 	1642 	1641
f 1642 	1582 	1584
f 1584 	1643 	1642
f 1586 	1644 	1584
f 1643 	1584 	1644
f 1644 	1586 	1588
f 1588 	1645 	1644
f 1645 	1588 	1590
f 1590 	1646 	1645
f 1592 	1647 	1590
f 1646 	1590 	1647
f 1594 	1648 	1592
f 1647 	1592 	1648
f 1648 	1594 	1596
f 1598 	1649 	1596
f 1648 	1596 	1649
f 1649 	1598 	1600
f 1600 	1650 	1649
f 1650 	1600 	1602
f 1602 	1651 	1650
f 1651 	1602 	1604
f 1604 	1652 	1651
f 1606 	1653 	1604
f 1652 	1604 	1653
f 1653 	1606 	1608
f 1608 	1654 	1653
f 1610 	1655 	1608
f 1654 	1608 	1655
f 1655 	1610 	1612
f 1612 	1656 	1655
f 1614 	1657 	1612
f 1656 	1612 	1657
f 1657 	1614 	1616
f 1616 	1658 	1657
f 1618 	1659 	1616
f 1658 	1616 	1659
f 1620 	1660 	1618
f 1659 	1618 	1660
f 1622 	1661 	1620
f 1660 	1620 	1661
f 1624 	1662 	1622
f 1661 	1622 	1662
f 1626 	1663 	1624
f 1662 	1624 	1663
f 1626 	1664 	1663
f 1664 	1626 	1628
f 1664 	1628 	1630
f 1630 	1665 	1664
f 1665 	1630 	1632
f 1632 	1666 	1665
f 1634 	1667 	1632
f 1666 	1632 	1667
f 1667 	1634 	1636
f 1636 	1668 	1667
f 1668 	1636 	1638
f 1638 	1669 	1668
f 1640 	1670 	1638
f 1669 	1638 	1670
f 1670 	1640 	1579
f 1579 	1641 	1670
f 1580 	1517 	1520
f 1520 	1581 	1580
f 1581 	1520 	1522
f 1522 	1583 	1581
f 1583 	1522 	1524
f 1524 	1585 	1583
f 1585 	1524 	1526
f 1526 	1587 	1585
f 1587 	1526 	1528
f 1528 	1589 	1587
f 1589 	1528 	1530
f 1530 	1591 	1589
f 1591 	1530 	1532
f 1532 	1593 	1591
f 1593 	1532 	1534
f 1534 	1595 	1593
f 1595 	1534 	1535
f 1535 	1597 	1595
f 1537 	1599 	1535
f 1597 	1535 	1599
f 1539 	1601 	1537
f 1599 	1537 	1601
f 1541 	1603 	1539
f 1601 	1539 	1603
f 1543 	1605 	1541
f 1603 	1541 	1605
f 1545 	1607 	1543
f 1605 	1543 	1607
f 1547 	1609 	1545
f 1607 	1545 	1609
f 1549 	1611 	1547
f 1609 	1547 	1611
f 1551 	1613 	1549
f 1611 	1549 	1613
f 1553 	1615 	1551
f 1613 	1551 	1615
f 1555 	1617 	1553
f 1615 	1553 	1617
f 1617 	1555 	1557
f 1557 	1619 	1617
f 1619 	1557 	1559
f 1559 	1621 	1619
f 1621 	1559 	1561
f 1561 	1623 	1621
f 1623 	1561 	1563
f 1563 	1625 	1623
f 1563 	1627 	1625
f 1627 	1563 	1566
f 1568 	1629 	1566
f 1627 	1566 	1629
f 1570 	1631 	1568
f 1629 	1568 	1631
f 1572 	1633 	1570
f 1631 	1570 	1633
f 1633 	1572 	1574
f 1574 	1635 	1633
f 1635 	1574 	1576
f 1576 	1637 	1635
f 1637 	1576 	1578
f 1578 	1639 	1637
f 1639 	1578 	1517
f 1517 	1580 	1639
f 1456 	1442 	1671
f 1683 	1674 	1451
f 1674 	1675 	1441
f 1676 	1677 	1463
f 1687 	1678 	1449
f 1453 	1449 	1678
f 1679 	1671 	1441
f 1442 	1441 	1671
f 1444 	1443 	1680
f 1680 	1672 	1444
f 1457 	1458 	1681
f 1672 	1673 	1452
f 1447 	1459 	1686
f 1446 	1451 	1674
f 1463 	1454 	1676
f 1458 	1463 	1677
f 1677 	1681 	1458
f 1682 	1683 	1448
f 1684 	1686 	1459
f 1685 	1676 	1450
f 1454 	1450 	1676
f 1462 	1447 	1686
f 1686 	1687 	1462
f 1448 	1455 	1688
f 1688 	1682 	1448
f 1689 	1684 	1445
f 1459 	1445 	1684
f 1451 	1448 	1683
f 1450 	1453 	1685
f 1455 	1457 	1688
f 1445 	1452 	1689
f 1678 	1685 	1453
f 1691 	1688 	1457
f 1443 	1456 	1690
f 1690 	1680 	1443
f 1441 	1446 	1674
f 1681 	1691 	1457
f 1671 	1690 	1456
f 1452 	1444 	1672
f 1673 	1689 	1452
f 1449 	1462 	1687
f 1675 	1679 	1441
f 1698 	1692 	1685
f 1676 	1685 	1692
f 1696 	1675 	1694
f 1674 	1694 	1675
f 1684 	1689 	1709
f 1678 	1687 	1695
f 1696 	1699 	1679
f 1691 	1681 	1697
f 1697 	1700 	1691
f 1685 	1678 	1698
f 1706 	1690 	1699
f 1708 	1693 	1672
f 1700 	1707 	1688
f 1689 	1673 	1701
f 1679 	1675 	1696
f 1681 	1677 	1697
f 1695 	1698 	1678
f 1683 	1703 	1674
f 1688 	1691 	1700
f 1693 	1701 	1673
f 1686 	1705 	1687
f 1677 	1676 	1702
f 1671 	1679 	1699
f 1704 	1708 	1680
f 1673 	1672 	1693
f 1706 	1704 	1680
f 1707 	1703 	1682
f 1702 	1697 	1677
f 1686 	1684 	1705
f 1694 	1674 	1703
f 1695 	1687 	1705
f 1680 	1690 	1706
f 1688 	1707 	1682
f 1672 	1680 	1708
f 1671 	1699 	1690
f 1692 	1702 	1676
f 1701 	1709 	1689
f 1683 	1682 	1703
f 1709 	1705 	1684
f 1711 	1712 	1707
f 1713 	1722 	1709
f 1706 	1699 	1718
f 1710 	1728 	1704
f 1703 	1707 	1712
f 1698 	1695 	1716
f 1719 	1718 	1699
f 1717 	1730 	1698
f 1692 	1698 	1730
f 1696 	1694 	1721
f 1721 	1724 	1696
f 1723 	1716 	1695
f 1724 	1719 	1696
f 1725 	1720 	1697
f 1716 	1717 	1698
f 1718 	1710 	1706
f 1726 	1721 	1694
f 1720 	1711 	1700
f 1707 	1700 	1711
f 1709 	1701 	1713
f 1697 	1702 	1725
f 1728 	1729 	1708
f 1694 	1703 	1726
f 1729 	1713 	1693
f 1701 	1693 	1713
f 1730 	1725 	1702
f 1699 	1696 	1719
f 1708 	1704 	1728
f 1700 	1697 	1720
f 1693 	1708 	1729
f 1715 	1727 	1705
f 1702 	1692 	1730
f 1727 	1723 	1695
f 1704 	1706 	1710
f 1712 	1714 	1703
f 1705 	1709 	1722
f 1722 	1715 	1705
f 1714 	1726 	1703
f 1695 	1705 	1727
f 1722 	1713 	1734
f 1718 	1719 	1735
f 1736 	1746 	1716
f 1717 	1716 	1746
f 1713 	1729 	1731
f 1711 	1720 	1749
f 1724 	1721 	1733
f 1738 	1736 	1716
f 1719 	1724 	1735
f 1720 	1725 	1739
f 1721 	1726 	1740
f 1740 	1737 	1721
f 1739 	1749 	1720
f 1723 	1727 	1738
f 1742 	1731 	1729
f 1737 	1733 	1721
f 1743 	1739 	1725
f 1716 	1723 	1738
f 1726 	1714 	1740
f 1741 	1738 	1727
f 1744 	1740 	1714
f 1727 	1715 	1745
f 1729 	1728 	1742
f 1745 	1741 	1727
f 1725 	1730 	1743
f 1714 	1712 	1747
f 1734 	1745 	1715
f 1748 	1742 	1728
f 1732 	1748 	1710
f 1749 	1747 	1711
f 1712 	1711 	1747
f 1746 	1743 	1730
f 1731 	1734 	1713
f 1728 	1710 	1748
f 1733 	1735 	1724
f 1747 	1744 	1714
f 1715 	1722 	1734
f 1735 	1732 	1718
f 1710 	1718 	1732
f 1730 	1717 	1746
f 1744 	1747 	1750
f 1751 	1766 	1745
f 1752 	1769 	1735
f 1749 	1739 	1753
f 1733 	1737 	1755
f 1756 	1750 	1747
f 1751 	1734 	1757
f 1731 	1757 	1734
f 1758 	1753 	1739
f 1737 	1740 	1761
f 1753 	1756 	1749
f 1763 	1738 	1762
f 1763 	1764 	1736
f 1765 	1761 	1740
f 1731 	1742 	1760
f 1760 	1757 	1731
f 1762 	1741 	1766
f 1758 	1743 	1767
f 1736 	1738 	1763
f 1735 	1733 	1752
f 1768 	1759 	1748
f 1759 	1760 	1742
f 1761 	1755 	1737
f 1743 	1746 	1767
f 1741 	1762 	1738
f 1755 	1752 	1733
f 1739 	1743 	1758
f 1745 	1734 	1751
f 1754 	1767 	1746
f 1745 	1766 	1741
f 1769 	1768 	1732
f 1748 	1732 	1768
f 1747 	1749 	1756
f 1742 	1748 	1759
f 1750 	1765 	1744
f 1740 	1744 	1765
f 1764 	1754 	1736
f 1746 	1736 	1754
f 1732 	1735 	1769
f 1770 	1781 	1759
f 1766 	1751 	1771
f 1772 	1773 	1761
f 1762 	1766 	1774
f 1768 	1769 	1775
f 1758 	1767 	1777
f 1777 	1784 	1758
f 1759 	1768 	1770
f 1765 	1750 	1772
f 1754 	1764 	1778
f 1778 	1779 	1754
f 1771 	1774 	1766
f 1775 	1770 	1768
f 1780 	1771 	1757
f 1776 	1772 	1750
f 1764 	1763 	1778
f 1767 	1754 	1779
f 1779 	1777 	1767
f 1784 	1776 	1753
f 1781 	1780 	1757
f 1750 	1756 	1776
f 1751 	1757 	1771
f 1783 	1778 	1763
f 1756 	1753 	1776
f 1774 	1783 	1763
f 1769 	1752 	1775
f 1761 	1765 	1772
f 1757 	1760 	1781
f 1782 	1775 	1752
f 1753 	1758 	1784
f 1760 	1759 	1781
f 1755 	1761 	1773
f 1773 	1782 	1755
f 1763 	1762 	1774
f 1752 	1755 	1782
f 1775 	1782 	1798
f 1792 	1774 	1789
f 1787 	1790 	1773
f 1782 	1773 	1790
f 1783 	1774 	1792
f 1770 	1775 	1795
f 1793 	1795 	1775
f 1776 	1794 	1772
f 1781 	1770 	1788
f 1795 	1788 	1770
f 1773 	1772 	1787
f 1784 	1777 	1796
f 1797 	1789 	1771
f 1794 	1787 	1772
f 1778 	1791 	1779
f 1771 	1789 	1774
f 1798 	1793 	1775
f 1791 	1796 	1777
f 1771 	1780 	1797
f 1799 	1791 	1778
f 1800 	1776 	1786
f 1777 	1779 	1791
f 1797 	1780 	1788
f 1794 	1776 	1800
f 1785 	1798 	1782
f 1792 	1799 	1783
f 1790 	1785 	1782
f 1786 	1784 	1796
f 1784 	1786 	1776
f 1781 	1788 	1780
f 1778 	1783 	1799
f 1799 	1792 	1801
f 1786 	1796 	1801
f 1791 	1799 	1801
f 1797 	1788 	1801
f 1798 	1785 	1801
f 1787 	1794 	1801
f 1792 	1789 	1801
f 1790 	1787 	1801
f 1796 	1791 	1801
f 1785 	1790 	1801
f 1795 	1793 	1801
f 1788 	1795 	1801
f 1789 	1797 	1801
f 1793 	1798 	1801
f 1800 	1786 	1801
f 1794 	1800 	1801
f 1645 	1646 	1802
f 1802 	1803 	1645
f 1654 	1655 	1804
f 1664 	1665 	1805
f 1805 	1806 	1664
f 1647 	1648 	1807
f 1807 	1808 	1647
f 1805 	1666 	1809
f 1667 	1809 	1666
f 1656 	1657 	1810
f 1807 	1648 	1811
f 1649 	1811 	1648
f 1668 	1669 	1812
f 1658 	1659 	1813
f 1650 	1651 	1814
f 1814 	1811 	1650
f 1818 	1815 	1641
f 1670 	1641 	1815
f 1660 	1661 	1816
f 1816 	1817 	1660
f 1820 	1818 	1643
f 1642 	1643 	1818
f 1804 	1814 	1653
f 1652 	1653 	1814
f 1662 	1663 	1819
f 1644 	1645 	1803
f 1803 	1820 	1644
f 1646 	1647 	1808
f 1808 	1802 	1646
f 1810 	1804 	1656
f 1655 	1656 	1804
f 1665 	1666 	1805
f 1667 	1668 	1812
f 1812 	1809 	1667
f 1813 	1810 	1658
f 1657 	1658 	1810
f 1649 	1650 	1811
f 1812 	1669 	1815
f 1670 	1815 	1669
f 1659 	1660 	1817
f 1817 	1813 	1659
f 1641 	1642 	1818
f 1651 	1652 	1814
f 1819 	1816 	1662
f 1661 	1662 	1816
f 1643 	1644 	1820
f 1653 	1654 	1804
f 1806 	1819 	1664
f 1663 	1664 	1819
f 1808 	1807 	1821
f 1821 	1822 	1808
f 1809 	1812 	1823
f 1823 	1824 	1809
f 1825 	1826 	1813
f 1810 	1813 	1826
f 1827 	1828 	1811
f 1807 	1811 	1828
f 1812 	1815 	1829
f 1830 	1831 	1817
f 1813 	1817 	1831
f 1811 	1814 	1832
f 1832 	1827 	1811
f 1833 	1834 	1819
f 1816 	1819 	1834
f 1840 	1835 	1820
f 1818 	1820 	1835
f 1814 	1804 	1836
f 1836 	1837 	1814
f 1819 	1806 	1838
f 1839 	1840 	1803
f 1820 	1803 	1840
f 1842 	1843 	1805
f 1806 	1805 	1843
f 1802 	1808 	1822
f 1822 	1844 	1802
f 1805 	1809 	1824
f 1824 	1845 	1805
f 1826 	1846 	1810
f 1828 	1821 	1807
f 1829 	1823 	1812
f 1831 	1825 	1813
f 1815 	1818 	1847
f 1847 	1829 	1815
f 1834 	1830 	1816
f 1817 	1816 	1830
f 1835 	1847 	1818
f 1837 	1832 	1814
f 1838 	1833 	1819
f 1841 	1836 	1804
f 1843 	1838 	1806
f 1844 	1839 	1802
f 1803 	1802 	1839
f 1804 	1810 	1846
f 1846 	1841 	1804
f 1845 	1842 	1805
f 1842 	1845 	1824
f 1821 	1828 	1832
f 1827 	1832 	1828
f 1834 	1833 	1461
f 1460 	1461 	1838
f 1842 	1460 	1843
f 1822 	1832 	1844
f 1821 	1832 	1822
f 1830 	1834 	1461
f 1461 	1831 	1830
f 1833 	1838 	1461
f 1838 	1843 	1460
f 1862 	1575 	1848
f 1573 	1848 	1575
f 1554 	1552 	1849
f 1533 	1531 	1850
f 1571 	1569 	1851
f 1851 	1848 	1571
f 1550 	1548 	1852
f 1529 	1527 	1853
f 1856 	1851 	1565
f 1567 	1565 	1851
f 1525 	1523 	1854
f 1546 	1544 	1855
f 1564 	1562 	1856
f 1521 	1519 	1857
f 1542 	1540 	1858
f 1560 	1558 	1859
f 1856 	1562 	1859
f 1538 	1536 	1860
f 1577 	1575 	1862
f 1556 	1554 	1849
f 1849 	1859 	1556
f 1850 	1861 	1533
f 1536 	1533 	1861
f 1573 	1571 	1848
f 1852 	1849 	1550
f 1552 	1550 	1849
f 1531 	1529 	1853
f 1853 	1850 	1531
f 1569 	1567 	1851
f 1854 	1853 	1525
f 1527 	1525 	1853
f 1855 	1852 	1546
f 1548 	1546 	1852
f 1565 	1564 	1856
f 1857 	1854 	1521
f 1523 	1521 	1854
f 1544 	1542 	1858
f 1858 	1855 	1544
f 1560 	1859 	1562
f 1519 	1518 	1862
f 1862 	1857 	1519
f 1860 	1858 	1538
f 1540 	1538 	1858
f 1518 	1577 	1862
f 1558 	1556 	1859
f 1860 	1536 	1861
f 1862 	1848 	1863
f 1863 	1864 	1862
f 1848 	1851 	1867
f 1851 	1856 	1870
f 1875 	1872 	1855
f 1879 	1875 	1858
f 1856 	1859 	1876
f 1876 	1877 	1856
f 1878 	1879 	1860
f 1859 	1849 	1865
f 1865 	1876 	1859
f 1861 	1850 	1866
f 1867 	1863 	1848
f 1849 	1852 	1868
f 1868 	1865 	1849
f 1850 	1853 	1869
f 1869 	1866 	1850
f 1870 	1867 	1851
f 1853 	1854 	1871
f 1871 	1869 	1853
f 1852 	1855 	1872
f 1872 	1868 	1852
f 1873 	1870 	1856
f 1854 	1857 	1874
f 1874 	1871 	1854
f 1855 	1858 	1875
f 1877 	1873 	1856
f 1857 	1862 	1880
f 1880 	1874 	1857
f 1858 	1860 	1879
f 1864 	1880 	1862
f 1860 	1861 	1866
f 1866 	1878 	1860
f 1878 	1866 	1880
f 1864 	1863 	1880
f 1872 	1875 	1880
f 1875 	1879 	1880
f 1877 	1876 	1880
f 1879 	1878 	1880
f 1876 	1865 	1880
f 1863 	1867 	1880
f 1865 	1868 	1880
f 1866 	1869 	1880
f 1867 	1870 	1880
f 1869 	1871 	1880
f 1868 	1872 	1880
f 1870 	1873 	1880
f 1871 	1874 	1880
f 1873 	1877 	1880
f 1881 	1882 	1883
f 1883 	1884 	1881
f 1882 	1885 	1886
f 1886 	1883 	1882
f 1887 	1888 	1889
f 1889 	1890 	1887
f 1888 	1891 	1892
f 1892 	1889 	1888
f 1884 	1883 	1886
f 1886 	1893 	1884
f 1894 	1885 	1882
f 1882 	1881 	1894
f 1891 	1895 	1896
f 1896 	1892 	1891
f 1890 	1898 	1887
f 1897 	1887 	1898
f 1892 	1896 	1890
f 1890 	1889 	1892
f 1895 	1891 	1887
f 1888 	1887 	1891
f 1895 	1899 	1900
f 1900 	1896 	1895
f 1896 	1900 	1898
f 1898 	1890 	1896
f 1887 	1897 	1899
f 1899 	1895 	1887
f 1894 	1897 	1898
f 1898 	1893 	1894
f 1884 	1900 	1881
f 1899 	1881 	1900
f 1900 	1884 	1893
f 1893 	1898 	1900
f 1897 	1894 	1881
f 1881 	1899 	1897
f 1893 	1886 	1894
f 1885 	1894 	1886
f 1509 	1508 	1901
f 1507 	1509 	1901
f 1473 	1475 	1902
f 1474 	1473 	1902
f 1902 	1903 	1474
f 1481 	1480 	1902
f 1903 	1902 	1480
f 1480 	1479 	1903
f 1904 	1905 	1906
f 1906 	1907 	1904
f 1908 	1909 	1910
f 1910 	1911 	1908
f 1905 	1908 	1911
f 1911 	1906 	1905
f 1909 	1912 	1913
f 1913 	1910 	1909
f 1910 	1913 	1907
f 1910 	1907 	1911
f 1913 	1912 	1904
f 1904 	1907 	1913
f 1905 	1904 	1908
f 1904 	1912 	1909
f 1916 	1917 	1915
f 1914 	1915 	1917
f 1919 	1916 	1918
f 1915 	1918 	1916
f 1918 	1920 	1921
f 1921 	1919 	1918
f 1919 	1921 	1917
f 1919 	1917 	1916
f 1921 	1920 	1914
f 1914 	1917 	1921
f 1915 	1914 	1920
f 1915 	1920 	1918
f 1922 	1923 	1924
f 1923 	1922 	1925
f 1925 	1926 	1923
f 1926 	1925 	1927
f 1927 	3385 	1926
f 3385 	1927 	1928
f 1928 	3386 	3385
f 3386 	1928 	1929
f 1929 	3388 	3386
f 1929 	1930 	3388
f 1930 	1929 	1931
f 1931 	1933 	1930
f 1933 	1931 	1932
f 1933 	1932 	1934
f 1934 	1935 	1933
f 1934 	1936 	1935
f 1936 	1934 	1937
f 1937 	1938 	1936
f 1941 	1942 	1940
f 1939 	1940 	1942
f 1942 	1941 	1943
f 1943 	1944 	1942
f 1944 	1943 	1945
f 1945 	1946 	1944
f 1946 	1945 	1947
f 1947 	1948 	1946
f 1948 	1947 	1949
f 1949 	1950 	1948
f 1950 	1949 	1951
f 1951 	1952 	1950
f 1953 	1954 	1951
f 1952 	1951 	1954
f 1959 	1955 	1957
f 1957 	1955 	1956
f 1957 	1958 	1959
f 1959 	1958 	1960
f 1961 	2057 	1962
f 1961 	1962 	1963
f 1964 	1962 	2057
f 2037 	1966 	1965
f 1966 	1967 	1965
f 1968 	2049 	2134
f 1970 	1971 	1972
f 1972 	1969 	1970
f 1973 	1974 	1975
f 1975 	1976 	1973
f 1977 	1978 	1979
f 1979 	1980 	1977
f 1980 	1981 	1982
f 1982 	1977 	1980
f 1983 	1988 	1978
f 1979 	1978 	1984
f 1985 	1982 	1981
f 1978 	1954 	1983
f 1986 	1954 	1978
f 1986 	1987 	1954
f 1988 	1989 	1984
f 1990 	1983 	1954
f 1991 	1992 	1984
f 1984 	1989 	1991
f 1954 	1993 	1994
f 1990 	1954 	1994
f 1954 	1996 	1995
f 1997 	1998 	1993
f 1987 	1996 	1954
f 2000 	2001 	1993
f 1993 	1998 	2000
f 1991 	2002 	1992
f 1999 	2003 	1990
f 1994 	1999 	1990
f 2002 	1991 	2004
f 1995 	2006 	1954
f 1984 	1978 	1988
f 1981 	2005 	1985
f 2007 	2008 	2009
f 2009 	1996 	2007
f 2010 	2011 	1990
f 1990 	2003 	2010
f 2010 	2012 	2011
f 2000 	2013 	2001
f 1954 	1997 	1993
f 2005 	2014 	1985
f 2015 	2022 	1954
f 1996 	2009 	1995
f 2016 	2017 	2013
f 2013 	2000 	2016
f 2012 	2010 	2018
f 2014 	2019 	1985
f 2006 	2015 	1954
f 2051 	1997 	1953
f 1954 	1953 	1997
f 1996 	2062 	2007
f 2020 	2004 	1991
f 2021 	2018 	2010
f 2022 	2060 	2023
f 2023 	3567 	2022
f 2025 	2021 	2024
f 2010 	2024 	2021
f 2027 	2020 	2026
f 1991 	2026 	2020
f 2005 	2028 	2014
f 2029 	2014 	2028
f 2000 	2030 	2016
f 2031 	2032 	2033
f 2033 	1953 	2031
f 1953 	2034 	2031
f 1953 	2035 	2036
f 2036 	2034 	1953
f 2033 	2032 	2037
f 1953 	2039 	2038
f 2033 	2041 	1953
f 2039 	1953 	2040
f 2041 	2042 	1953
f 2035 	2043 	2036
f 2043 	2045 	2036
f 2044 	2035 	2038
f 2045 	2046 	2036
f 2047 	2048 	2044
f 2046 	2049 	2036
f 2050 	2051 	1953
f 1953 	2042 	2050
f 2048 	2052 	2044
f 2037 	2053 	2033
f 2054 	2044 	2052
f 2055 	2056 	2054
f 2054 	2052 	2055
f 2047 	2044 	2038
f 1953 	2038 	2035
f 2041 	2057 	2042
f 1956 	2051 	2050
f 2041 	2058 	2057
f 2050 	1957 	1956
f 1965 	2053 	2037
f 2059 	2055 	2052
f 1953 	1973 	1976
f 1976 	2040 	1953
f 2058 	1964 	2057
f 2046 	2134 	2049
f 1971 	2059 	1972
f 2052 	1972 	2059
f 2064 	2007 	2061
f 2075 	2064 	2061
f 2062 	2061 	2007
f 2063 	2066 	2064
f 2064 	2075 	2063
f 2063 	2067 	2066
f 2063 	2068 	2067
f 2063 	2069 	2068
f 2063 	2070 	2069
f 2063 	2074 	2070
f 2071 	2072 	2063
f 2063 	2065 	2071
f 2074 	2063 	2073
f 2084 	2083 	2071
f 2076 	2084 	2071
f 2075 	2065 	2063
f 3568 	2023 	2063
f 2060 	2073 	2063
f 2078 	2077 	2072
f 2072 	2080 	2079
f 2072 	2082 	2080
f 2085 	2079 	2080
f 2091 	2081 	2072
f 2082 	2072 	2093
f 2083 	2093 	2072
f 2086 	2072 	2081
f 2076 	2087 	2088
f 2088 	2084 	2076
f 2028 	2089 	2088
f 2088 	2087 	2028
f 2081 	2090 	2086
f 2078 	2072 	2079
f 2094 	2091 	2077
f 2092 	2090 	2081
f 2072 	2077 	2091
f 2072 	2071 	2083
f 2103 	2082 	2093
f 2086 	2095 	2072
f 2080 	2096 	2097
f 2097 	2085 	2080
f 2091 	2094 	2099
f 2100 	2103 	2093
f 1961 	2130 	2098
f 2107 	2078 	2101
f 2079 	2102 	2078
f 2027 	2112 	2100
f 2095 	2105 	2106
f 2106 	2104 	2095
f 2109 	2078 	2107
f 2028 	2087 	2029
f 2110 	2111 	2072
f 2072 	2095 	2110
f 2101 	2078 	2102
f 2111 	2115 	2072
f 2112 	2027 	2137
f 2108 	2113 	2114
f 2114 	2109 	2108
f 2115 	2116 	2072
f 2092 	2081 	2117
f 2116 	2119 	2072
f 2117 	1967 	2092
f 2115 	2118 	2116
f 2120 	2101 	2102
f 2102 	2121 	2120
f 2098 	2099 	2094
f 2119 	2122 	2072
f 2096 	2124 	2097
f 2122 	2125 	2072
f 2126 	2120 	2121
f 2124 	2128 	2097
f 2120 	2126 	2136
f 2135 	2127 	2129
f 2116 	2118 	2127
f 2128 	2025 	2097
f 2114 	2113 	2132
f 2099 	2098 	2130
f 2118 	2129 	2127
f 2025 	2131 	2097
f 2113 	1959 	2132
f 2130 	1961 	1963
f 1966 	2133 	2092
f 2092 	1967 	1966
f 2106 	2123 	2134
f 2103 	2100 	2112
f 2105 	2123 	2106
f 2095 	2104 	2110
f 2129 	2138 	1969
f 1969 	2135 	2129
f 2109 	2107 	2108
f 2126 	2016 	2030
f 2030 	2136 	2126
f 2024 	2131 	2025
f 2139 	1973 	2072
f 2072 	2125 	2139
f 2026 	2137 	2027
f 1960 	2132 	1959
f 2123 	1968 	2134
f 2138 	1970 	1969
f 2139 	1974 	1973
f 2063 	2072 	2140
f 2144 	2364 	2143
f 2145 	2366 	2144
f 1940 	2147 	2148
f 2148 	1941 	1940
f 1941 	2148 	2149
f 2149 	1943 	1941
f 1943 	2149 	2150
f 2150 	1945 	1943
f 1945 	2150 	2151
f 2151 	1947 	1945
f 1947 	2151 	2152
f 2152 	1949 	1947
f 1949 	2152 	2153
f 2153 	1951 	1949
f 2156 	2296 	2154
f 2296 	2156 	2155
f 2194 	2156 	2154
f 2157 	2298 	2195
f 2195 	2158 	2157
f 2192 	2159 	2292
f 1951 	2160 	2161
f 2160 	1951 	2162
f 2160 	2164 	2165
f 2165 	2161 	2160
f 2161 	2166 	1951
f 2163 	2167 	2162
f 2166 	2169 	1951
f 2164 	2168 	2165
f 1951 	2169 	2170
f 2175 	2165 	2174
f 2168 	2174 	2165
f 2170 	2179 	1951
f 2171 	2172 	2163
f 1951 	2173 	2162
f 2163 	2172 	2167
f 1951 	2177 	2173
f 2171 	2163 	2301
f 2163 	2162 	2173
f 2169 	2176 	2245
f 2245 	2170 	2169
f 2178 	2245 	2176
f 2174 	2249 	2175
f 2171 	2301 	2180
f 2181 	2175 	2249
f 2179 	1953 	1951
f 1951 	2182 	2184
f 1951 	2153 	2182
f 1951 	2184 	2186
f 2190 	2191 	2184
f 2187 	1951 	2186
f 2187 	2188 	1951
f 2188 	2189 	1951
f 2186 	2184 	2191
f 2159 	2192 	2185
f 2185 	2183 	2159
f 2182 	2183 	2185
f 5780 	5776 	2183
f 2189 	2177 	1951
f 2188 	2193 	2194
f 2194 	2189 	2188
f 2195 	2191 	2158
f 2190 	2158 	2191
f 2193 	2156 	2194
f 2196 	2197 	2198
f 2198 	1953 	2196
f 1953 	2199 	2196
f 1953 	2200 	2199
f 1953 	2209 	2202
f 2202 	2200 	1953
f 2198 	2203 	1953
f 2204 	2205 	2202
f 2202 	2201 	2204
f 2203 	5634 	2206
f 2206 	1953 	2203
f 2207 	2208 	2209
f 2209 	1953 	2207
f 1953 	2227 	2207
f 2207 	2212 	2208
f 2206 	2211 	1953
f 2196 	2213 	2197
f 2212 	2207 	2214
f 2197 	2213 	2216
f 2207 	2217 	2214
f 2219 	2214 	2217
f 2216 	2218 	2220
f 2197 	2216 	2220
f 2217 	2222 	2219
f 2220 	2218 	2223
f 2221 	2219 	2222
f 2330 	2224 	2222
f 2221 	2222 	2224
f 2211 	2225 	1953
f 2201 	2210 	2204
f 2318 	2223 	2226
f 2218 	2226 	2223
f 2323 	2210 	2307
f 2215 	2307 	2210
f 2228 	1973 	1953
f 1953 	2225 	2228
f 2329 	2224 	2330
f 1953 	2231 	2229
f 2229 	2230 	1953
f 2229 	2232 	2230
f 2233 	2232 	2229
f 2234 	2235 	2236
f 2236 	1953 	2234
f 2230 	2234 	1953
f 1953 	2237 	2231
f 2238 	2227 	1953
f 1953 	2236 	2238
f 2235 	2239 	2240
f 2240 	2236 	2235
f 1953 	2179 	2237
f 2241 	2240 	2239
f 2233 	2272 	2232
f 2242 	2245 	2243
f 2243 	2244 	2242
f 2245 	2246 	2243
f 2247 	2245 	2242
f 2245 	2178 	2246
f 2248 	2269 	2181
f 2248 	2181 	2249
f 2269 	2266 	2181
f 2252 	2251 	2250
f 2252 	2253 	2254
f 2254 	2251 	2252
f 2253 	2255 	2254
f 2253 	2260 	2255
f 2247 	2250 	2251
f 2252 	2257 	2253
f 2253 	2256 	2260
f 2257 	2258 	2253
f 2253 	2259 	2256
f 2260 	2264 	2255
f 2259 	2262 	2263
f 2271 	2265 	2262
f 2258 	2266 	2253
f 2253 	2266 	2267
f 2263 	2262 	2265
f 2268 	2261 	2264
f 2267 	2266 	2269
f 2276 	2272 	2268
f 2267 	2270 	2253
f 2274 	2265 	2271
f 2261 	2268 	2272
f 2271 	2277 	2274
f 2270 	2273 	2253
f 2261 	2255 	2264
f 2262 	2259 	2275
f 2253 	2275 	2259
f 2241 	2239 	2274
f 2274 	2277 	2241
f 2276 	2232 	2272
f 2279 	2289 	2278
f 2278 	2288 	2273
f 2242 	2250 	2247
f 2281 	2282 	2283
f 2283 	2280 	2281
f 2281 	2280 	2284
f 2290 	2283 	2285
f 2282 	2285 	2283
f 2284 	2286 	2287
f 2287 	2281 	2284
f 2287 	2253 	2281
f 2253 	2288 	2281
f 2253 	2273 	2288
f 2279 	2300 	2289
f 2287 	2292 	2253
f 2284 	2291 	2286
f 2253 	2292 	2293
f 2284 	2294 	2295
f 2295 	2291 	2284
f 2290 	2285 	2296
f 2297 	2298 	2294
f 2295 	2294 	2298
f 2293 	2299 	2253
f 2299 	2302 	2253
f 2288 	2278 	2289
f 2180 	2301 	2300
f 2303 	2293 	2292
f 2297 	2195 	2298
f 2304 	2305 	2253
f 2253 	2302 	2304
f 2289 	2300 	2301
f 2159 	2303 	2292
f 2290 	2296 	2155
f 2228 	2306 	1973
f 2320 	2323 	2307
f 2308 	2309 	2310
f 2310 	2072 	2308
f 2072 	2311 	2308
f 2312 	2313 	2072
f 2310 	2312 	2072
f 2308 	2314 	2309
f 2315 	2309 	2314
f 2315 	2319 	2309
f 2072 	2313 	2316
f 2072 	2306 	2317
f 2072 	1973 	2306
f 2315 	2318 	2319
f 2313 	2320 	2316
f 2319 	2318 	2226
f 2316 	2321 	2072
f 2072 	2317 	2311
f 2321 	2322 	2072
f 2320 	2313 	2323
f 2325 	2326 	2324
f 2324 	2327 	2325
f 2330 	2326 	2329
f 2328 	2322 	2325
f 2325 	2327 	2328
f 2325 	2329 	2326
f 2328 	2331 	2322
f 2322 	2321 	2325
f 2275 	2253 	2322
f 2322 	2331 	2275
f 2072 	2322 	2332
f 2332 	2140 	2072
f 2140 	2332 	2333
f 2333 	2141 	2140
f 2141 	2333 	2334
f 2334 	2142 	2141
f 2142 	2334 	2335
f 2335 	2143 	2142
f 2143 	2335 	2336
f 2336 	2144 	2143
f 2144 	2336 	2337
f 2337 	2145 	2144
f 2145 	2337 	2338
f 2338 	2146 	2145
f 2339 	2340 	2341
f 2341 	2342 	2339
f 2343 	2344 	2345
f 2345 	2346 	2343
f 2346 	2347 	2348
f 2346 	2345 	2349
f 2349 	2347 	2346
f 2348 	3406 	2346
f 2350 	2351 	2349
f 2349 	3569 	2350
f 3569 	2352 	2350
f 3569 	2349 	2345
f 2353 	3413 	2352
f 2354 	2355 	2352
f 2355 	2353 	2352
f 2354 	2352 	3569
f 2356 	2357 	2353
f 2357 	2356 	2358
f 2358 	2359 	2357
f 2359 	2358 	2360
f 2360 	2361 	2359
f 2361 	2360 	2362
f 2362 	2363 	2361
f 2363 	2362 	2364
f 2364 	2365 	2363
f 2365 	2364 	2366
f 2366 	2367 	2365
f 2368 	2369 	2366
f 2367 	2366 	2369
f 2373 	2374 	2372
f 2374 	2373 	2375
f 2376 	2457 	2375
f 2457 	2376 	2377
f 2378 	2461 	2377
f 2379 	2381 	2380
f 2379 	2380 	3049
f 2385 	2383 	2382
f 2389 	2402 	2382
f 2383 	2386 	2384
f 2385 	2382 	2402
f 2387 	2388 	2384
f 2384 	2386 	2387
f 2388 	2387 	2461
f 2391 	2392 	2390
f 2391 	2393 	2392
f 2392 	2394 	2461
f 2393 	2391 	2395
f 2394 	2396 	2461
f 2396 	2388 	2461
f 2395 	2391 	2380
f 3049 	2380 	2391
f 2461 	2378 	2392
f 2384 	2382 	2383
f 2390 	2392 	2378
f 2398 	2399 	2397
f 2399 	2401 	2400
f 2399 	2403 	2401
f 2399 	2402 	2403
f 2400 	2381 	2399
f 2402 	2404 	2403
f 2389 	2404 	2402
f 2399 	2398 	2402
f 2381 	2379 	2399
f 2405 	2406 	2399
f 2397 	2399 	2406
f 2406 	2405 	2407
f 2407 	2408 	2406
f 2408 	2407 	2409
f 2409 	2410 	2408
f 2411 	2412 	2413
f 2413 	2414 	2411
f 2413 	2412 	2415
f 2415 	2416 	2413
f 2417 	2418 	2415
f 2416 	2415 	2418
f 2419 	2420 	2421
f 2421 	2423 	2419
f 2422 	2423 	2421
f 2423 	2422 	2424
f 2424 	2425 	2423
f 2425 	2424 	2426
f 2426 	2427 	2425
f 2427 	2426 	2428
f 2428 	2429 	2427
f 2429 	2428 	2430
f 2430 	2431 	2429
f 2431 	2430 	2432
f 2432 	2433 	2431
f 2433 	2432 	2434
f 2434 	2435 	2433
f 2435 	2434 	2436
f 2435 	2436 	2437
f 2437 	2438 	2435
f 2438 	2437 	2439
f 2438 	2439 	2440
f 2440 	2441 	2438
f 2441 	2440 	2443
f 2443 	2442 	2441
f 2442 	2443 	2444
f 2444 	2446 	2442
f 2446 	2444 	2445
f 2447 	2448 	2449
f 2449 	2450 	2447
f 2450 	2449 	2451
f 2451 	2452 	2450
f 2452 	2451 	2453
f 2453 	2454 	2452
f 2454 	2453 	2455
f 2455 	2456 	2454
f 2456 	2455 	2457
f 2457 	2458 	2456
f 2458 	2457 	2459
f 2459 	2460 	2458
f 2461 	2462 	2459
f 2460 	2459 	2462
f 2463 	2470 	2462
f 2462 	2464 	2463
f 2462 	2465 	2466
f 2466 	2464 	2462
f 2466 	2467 	2468
f 2463 	2469 	2470
f 2470 	2473 	2462
f 2469 	2471 	2470
f 2471 	2472 	2470
f 2467 	2466 	2506
f 2471 	2474 	2472
f 2473 	2475 	2462
f 2476 	2465 	2462
f 2462 	2477 	2476
f 2466 	2468 	2464
f 2462 	2461 	2478
f 2478 	2477 	2462
f 2480 	2507 	2479
f 2479 	2481 	2480
f 2475 	2483 	2482
f 2482 	2484 	2475
f 2485 	2487 	2486
f 2519 	2486 	2487
f 2487 	2520 	2519
f 2475 	2488 	2489
f 2475 	2473 	2488
f 2473 	2490 	2491
f 2491 	2488 	2473
f 2485 	2486 	2490
f 2475 	2492 	2483
f 2491 	2490 	2486
f 2475 	2489 	2492
f 2472 	2474 	2493
f 2493 	2499 	2472
f 2496 	2472 	2499
f 2496 	2498 	2495
f 2496 	2495 	2518
f 2497 	2518 	2495
f 2494 	2495 	2498
f 2495 	2501 	2497
f 2496 	2499 	2498
f 2499 	2500 	2498
f 2501 	2502 	2497
f 2505 	2503 	2502
f 2503 	2504 	2502
f 2504 	2497 	2502
f 2506 	2503 	2505
f 2506 	2466 	2503
f 2504 	3440 	2497
f 2508 	2509 	2511
f 2508 	2510 	2509
f 2511 	2512 	2508
f 2512 	2519 	2508
f 2508 	2507 	2510
f 2508 	2479 	2507
f 2519 	2515 	2508
f 2513 	2514 	2516
f 2513 	2508 	2515
f 2515 	2514 	2513
f 2516 	2517 	2518
f 2518 	2513 	2516
f 2515 	2519 	2520
f 2518 	2497 	2513
f 2508 	2513 	2521
f 2521 	2522 	2508
f 2522 	2521 	2523
f 2523 	2525 	2522
f 2525 	2523 	2524
f 2525 	2524 	2526
f 2527 	2528 	2529
f 2529 	2530 	2527
f 2530 	2529 	2531
f 2531 	2532 	2530
f 2532 	2531 	2533
f 2533 	2534 	2532
f 2534 	2533 	2535
f 2535 	2536 	2534
f 2536 	2535 	2537
f 2537 	2538 	2536
f 2538 	2537 	2539
f 2539 	2540 	2538
f 2541 	2542 	2539
f 2540 	2539 	2542
f 2543 	2544 	2545
f 2545 	2546 	2543
f 2545 	2547 	2548
f 2548 	2546 	2545
f 2547 	2549 	2550
f 2550 	2548 	2547
f 2543 	2551 	2544
f 2549 	2552 	2550
f 2556 	2553 	2544
f 2544 	2551 	2556
f 2549 	2554 	2555
f 2555 	2552 	2549
f 2556 	2557 	2553
f 2555 	2558 	2559
f 2563 	2558 	2555
f 2560 	2561 	2554
f 2554 	2549 	2560
f 2549 	2562 	2560
f 2555 	2559 	2552
f 2558 	2563 	2564
f 2565 	2633 	2561
f 2561 	2560 	2565
f 2560 	2566 	2565
f 2560 	2567 	2568
f 2568 	2566 	2560
f 2563 	2569 	2564
f 2570 	2564 	2569
f 2567 	2571 	2568
f 2571 	2572 	2568
f 2575 	2570 	2574
f 2569 	2574 	2570
f 2572 	2573 	2568
f 2574 	2580 	2575
f 2560 	2576 	2567
f 2547 	2577 	2578
f 2578 	2579 	2547
f 2575 	2580 	2581
f 2542 	2581 	2580
f 2577 	2582 	2578
f 2583 	2584 	2548
f 2548 	2550 	2583
f 2586 	2587 	2578
f 2578 	2582 	2586
f 2585 	2588 	2589
f 2589 	2542 	2585
f 2752 	2557 	2556
f 2586 	2590 	2587
f 2583 	2591 	2592
f 2592 	2584 	2583
f 2593 	2594 	2587
f 2587 	2590 	2593
f 2560 	2595 	2576
f 2560 	2596 	2597
f 2597 	2595 	2560
f 2572 	2598 	2573
f 2599 	2600 	2592
f 2592 	2591 	2599
f 2684 	2598 	2572
f 2547 	2601 	2602
f 2602 	2577 	2547
f 2585 	2603 	2604
f 2604 	2588 	2585
f 2599 	2605 	2600
f 2602 	2601 	2607
f 2606 	2607 	2601
f 2603 	2608 	2604
f 2606 	2609 	2607
f 2610 	2611 	2612
f 2612 	2542 	2610
f 2608 	2613 	2604
f 2609 	2615 	2607
f 2616 	2617 	2604
f 2604 	2613 	2616
f 2615 	2622 	2607
f 2618 	2619 	2600
f 2600 	2605 	2618
f 2597 	2620 	2621
f 2622 	2623 	2607
f 2593 	2624 	2594
f 2547 	2579 	2549
f 2578 	2625 	2626
f 2626 	2579 	2578
f 2618 	2627 	2619
f 2552 	2628 	2629
f 2629 	2550 	2552
f 2625 	2630 	2631
f 2631 	2626 	2625
f 2565 	2632 	2633
f 2562 	2614 	2560
f 2634 	2631 	2630
f 2628 	2635 	2629
f 2627 	2618 	2688
f 2612 	2611 	2636
f 2641 	2620 	2597
f 2639 	2633 	2638
f 2637 	2638 	2633
f 2635 	2649 	2629
f 2642 	2620 	2641
f 2638 	2643 	2644
f 2644 	2639 	2638
f 2547 	2645 	2646
f 2646 	2601 	2547
f 2645 	2647 	2648
f 2648 	2646 	2645
f 2640 	2629 	2649
f 2641 	2686 	2642
f 2650 	2644 	2668
f 2643 	2668 	2644
f 2651 	2648 	2647
f 2652 	2653 	2589
f 2589 	2588 	2652
f 2654 	2655 	2653
f 2653 	2652 	2654
f 2647 	2656 	2651
f 2640 	2657 	2658
f 2657 	2640 	2649
f 2749 	2662 	2657
f 2659 	2663 	2655
f 2655 	2654 	2659
f 2660 	2651 	2656
f 2642 	2686 	2661
f 2658 	2657 	2662
f 2636 	2664 	2612
f 2589 	2610 	2542
f 2597 	2621 	2595
f 2622 	2665 	2623
f 2752 	2666 	2557
f 2616 	2667 	2617
f 2651 	2660 	2669
f 2632 	2637 	2633
f 2684 	2670 	2598
f 2630 	2671 	2634
f 2749 	2672 	2662
f 2671 	2673 	2674
f 2674 	2634 	2671
f 2675 	2676 	2665
f 2665 	2622 	2675
f 2614 	2677 	2560
f 2596 	2560 	2678
f 2751 	2688 	2618
f 2677 	2541 	2560
f 2680 	2634 	2679
f 2681 	2669 	2660
f 2682 	2675 	2622
f 2690 	2672 	2749
f 2612 	2689 	2542
f 2674 	2679 	2634
f 2593 	2683 	2624
f 2685 	2716 	2679
f 2667 	2616 	2650
f 2650 	2668 	2667
f 2687 	2666 	2752
f 2670 	2684 	2659
f 2727 	2728 	2682
f 2682 	2622 	2727
f 2663 	2659 	2684
f 2686 	2664 	2636
f 2636 	2661 	2686
f 2693 	2541 	2691
f 2691 	2692 	2693
f 2694 	2692 	2691
f 2693 	2695 	2541
f 2691 	2696 	2694
f 2695 	2697 	2698
f 2698 	2541 	2695
f 2698 	2699 	2541
f 2700 	2701 	2541
f 2541 	2699 	2700
f 2696 	2716 	2694
f 2701 	2702 	2541
f 2695 	2703 	2697
f 2700 	2704 	2701
f 2702 	2705 	2541
f 2704 	2700 	2706
f 2705 	2707 	2708
f 2708 	2541 	2705
f 2709 	2710 	2697
f 2697 	2703 	2709
f 2710 	2709 	2711
f 2685 	2694 	2716
f 2541 	2712 	2691
f 2708 	2713 	2714
f 2714 	2541 	2708
f 2708 	2707 	2715
f 2715 	2717 	2718
f 2718 	2708 	2715
f 2719 	2714 	2713
f 2720 	2718 	2717
f 2721 	2722 	2714
f 2714 	2719 	2721
f 2720 	2717 	2724
f 2723 	2724 	2717
f 2723 	2687 	2724
f 2711 	2725 	2710
f 2726 	2728 	2727
f 2711 	2730 	2725
f 2581 	2542 	2541
f 2541 	2714 	2581
f 2711 	2729 	2730
f 2708 	2731 	2713
f 2731 	2732 	2713
f 2705 	2733 	2734
f 2734 	2707 	2705
f 2541 	2735 	2712
f 2736 	2737 	2713
f 2713 	2732 	2736
f 2733 	2739 	2738
f 2738 	2734 	2733
f 2740 	2746 	2739
f 2683 	2730 	2753
f 2541 	2741 	2735
f 2739 	2742 	2743
f 2743 	2740 	2739
f 2729 	2753 	2730
f 2736 	2745 	2737
f 2739 	2746 	2738
f 2727 	2706 	2726
f 2700 	2726 	2706
f 2580 	2585 	2542
f 2749 	2744 	2748
f 2721 	2748 	2744
f 2751 	2745 	2750
f 2736 	2750 	2745
f 2752 	2724 	2687
f 2541 	2747 	2741
f 2721 	2744 	2722
f 2680 	2679 	2716
f 2742 	2681 	2743
f 2748 	2690 	2749
f 2753 	2624 	2683
f 2750 	2688 	2751
f 2541 	2677 	2747
f 2660 	2743 	2681
f 2678 	2560 	2754
f 2754 	2755 	2678
f 2755 	2754 	2756
f 2756 	2757 	2755
f 2826 	2829 	2758
f 2759 	2763 	2760
f 2761 	2759 	2760
f 2760 	2762 	2761
f 2763 	2759 	2816
f 2764 	2765 	2761
f 2761 	2757 	2764
f 2762 	2767 	2757
f 2757 	2761 	2762
f 2767 	2768 	2769
f 2769 	2757 	2767
f 2770 	2771 	2766
f 2766 	2757 	2770
f 2773 	2774 	2772
f 2764 	2772 	2774
f 2757 	2775 	2770
f 2813 	2773 	2772
f 2778 	2771 	2770
f 2757 	2776 	2777
f 2777 	2775 	2757
f 2757 	2782 	2776
f 2776 	2779 	2780
f 2757 	2781 	2782
f 2777 	2783 	2775
f 2776 	2784 	2785
f 2785 	2779 	2776
f 2777 	2786 	2783
f 2769 	2787 	2757
f 2786 	2788 	2783
f 2784 	2819 	2785
f 2787 	2798 	2789
f 2789 	2757 	2787
f 2790 	2785 	2819
f 2786 	2791 	2792
f 2792 	2793 	2786
f 2764 	2774 	2765
f 2777 	2794 	2786
f 2786 	2793 	2788
f 2795 	2809 	2791
f 2767 	2796 	2768
f 2777 	2797 	2794
f 2802 	2768 	2796
f 2777 	2799 	2800
f 2800 	2797 	2777
f 2801 	2768 	2802
f 2805 	2800 	2799
f 2804 	2781 	2803
f 2806 	2800 	2805
f 2807 	2808 	2809
f 2789 	2811 	2757
f 2776 	2780 	2777
f 2778 	2810 	2771
f 2783 	2815 	2775
f 2812 	2773 	2813
f 2783 	2814 	2815
f 2811 	2820 	2757
f 2818 	2815 	2814
f 2781 	2757 	2803
f 2817 	2815 	2818
f 2757 	2756 	2821
f 2821 	2803 	2757
f 2792 	2791 	2809
f 2795 	2807 	2809
f 2757 	2766 	2764
f 2801 	2802 	2869
f 2804 	2803 	2925
f 2756 	2822 	2825
f 2822 	2756 	2824
f 2823 	2824 	2756
f 2826 	2756 	2825
f 2827 	2829 	2825
f 2823 	2828 	2824
f 2826 	2825 	2829
f 2826 	2821 	2756
f 2756 	2830 	2823
f 2868 	2831 	2798
f 2789 	2798 	2831
f 2802 	2870 	2869
f 2856 	2832 	2816
f 2763 	2816 	2832
f 2812 	2833 	2834
f 2833 	2812 	2813
f 2812 	2834 	2835
f 2836 	2837 	2810
f 2810 	2778 	2836
f 2838 	2839 	2840
f 2840 	2841 	2838
f 2841 	2840 	2850
f 2841 	2842 	2838
f 2841 	2843 	2844
f 2838 	2845 	2839
f 2846 	2847 	2843
f 2843 	2841 	2846
f 2850 	2851 	2852
f 2843 	2847 	2849
f 2848 	2849 	2847
f 2850 	2852 	2841
f 2850 	2853 	2851
f 2852 	2857 	2841
f 2841 	2857 	2854
f 2835 	2834 	2853
f 2857 	2858 	2859
f 2842 	2844 	2861
f 2860 	2861 	2844
f 2838 	2855 	2845
f 2854 	2863 	2841
f 2864 	2869 	2861
f 2862 	2849 	2848
f 2863 	2865 	2841
f 2869 	2866 	2861
f 2857 	2867 	2858
f 2865 	2874 	2841
f 2858 	2867 	2877
f 2856 	2845 	2855
f 2869 	2870 	2866
f 2841 	2871 	2846
f 2871 	2841 	2872
f 2868 	2862 	2873
f 2860 	2864 	2861
f 2841 	2844 	2842
f 2848 	2873 	2862
f 2874 	2875 	2841
f 2873 	2831 	2868
f 2851 	2853 	2834
f 2872 	2876 	2871
f 2858 	2877 	2836
f 2877 	2837 	2836
f 2855 	2832 	2856
f 2841 	2879 	2878
f 2841 	2880 	2879
f 2841 	2882 	2880
f 2841 	2883 	2882
f 2841 	2884 	2883
f 2878 	2890 	2841
f 2885 	2886 	2841
f 2886 	2884 	2841
f 2885 	2887 	2886
f 2888 	2889 	2886
f 2886 	2887 	2888
f 2890 	2891 	2841
f 2892 	2893 	2894
f 2894 	2841 	2892
f 2893 	2895 	2894
f 2885 	2841 	2894
f 2920 	2895 	2893
f 2886 	2896 	2884
f 2897 	2898 	2885
f 2885 	2899 	2897
f 2900 	2905 	2897
f 2901 	2841 	2891
f 2918 	2923 	2881
f 2902 	2903 	2884
f 2884 	2896 	2902
f 2888 	2904 	2889
f 2898 	2897 	2905
f 2888 	2907 	2904
f 2900 	2908 	2905
f 2891 	2917 	2901
f 2902 	2909 	2903
f 2905 	2908 	2910
f 2874 	2911 	2906
f 2912 	2913 	2914
f 2914 	2902 	2912
f 2907 	2922 	2904
f 2912 	2916 	2913
f 2915 	2904 	2922
f 2823 	2901 	2917
f 2908 	2805 	2910
f 2841 	2875 	2892
f 2874 	2817 	2911
f 2920 	2893 	2919
f 2916 	2921 	2913
f 2902 	2914 	2909
f 2924 	2920 	2919
f 2925 	2913 	2921
f 2922 	2790 	2915
f 2880 	2881 	2923
f 2919 	2926 	2924
f 2918 	2829 	2923
f 2926 	2807 	2924
f 2823 	2917 	2828
f 2881 	2880 	2882
f 2857 	2859 	2854
f 2899 	2885 	2894
f 2901 	2927 	2841
f 2911 	2817 	2818
f 2874 	2906 	2875
f 2819 	2915 	2790
f 2804 	2925 	2921
f 2808 	2807 	2926
f 2806 	2805 	2908
f 2758 	2829 	2918
f 2872 	2841 	2928
f 2928 	2929 	2872
f 2929 	2928 	2930
f 2930 	2931 	2929
f 2931 	2930 	2932
f 2932 	2933 	2931
f 2933 	2932 	2934
f 2934 	2935 	2933
f 2530 	2937 	2527
f 2936 	2527 	2937
f 2937 	2530 	2532
f 2532 	2938 	2937
f 2938 	2532 	2534
f 2534 	2939 	2938
f 2939 	2534 	2536
f 2536 	2940 	2939
f 2940 	2536 	2538
f 2538 	2941 	2940
f 2941 	2538 	2540
f 2540 	2942 	2941
f 2942 	2540 	2542
f 2542 	2943 	2942
f 2944 	2945 	2946
f 2946 	2947 	2944
f 2945 	2948 	2946
f 2946 	2949 	2947
f 2946 	2950 	2949
f 2946 	2956 	2950
f 2951 	2945 	2944
f 2948 	2952 	2946
f 2952 	2953 	2946
f 2944 	2954 	2951
f 2955 	2678 	2946
f 2946 	2953 	2955
f 2975 	2951 	2958
f 2977 	2957 	2678
f 2954 	2958 	2951
f 2946 	2943 	2959
f 2959 	2956 	2946
f 2943 	2960 	2962
f 2943 	2976 	2960
f 2976 	2963 	2960
f 2962 	2969 	2943
f 2961 	2960 	2963
f 2965 	2969 	2962
f 2964 	2961 	2967
f 2963 	2967 	2961
f 2962 	2966 	2965
f 2966 	2975 	2965
f 2969 	2970 	2943
f 2977 	2964 	2967
f 2971 	2943 	2970
f 2971 	2972 	2943
f 2967 	2974 	2977
f 2972 	2973 	2943
f 2968 	2965 	2975
f 2977 	2974 	2957
f 2973 	2978 	2943
f 2978 	2959 	2943
f 2943 	2979 	2976
f 2943 	2542 	2689
f 2689 	2979 	2943
f 2968 	2975 	2958
f 2955 	2977 	2678
f 2957 	2596 	2678
f 2946 	2678 	2755
f 2755 	2980 	2946
f 2980 	2755 	2757
f 2757 	2981 	2980
f 2983 	2984 	2982
f 2982 	2985 	2983
f 2986 	2987 	2984
f 2984 	2983 	2986
f 2982 	2988 	2985
f 2989 	2990 	2986
f 2986 	2983 	2989
f 2989 	2991 	2992
f 2992 	2990 	2989
f 2992 	2991 	2999
f 2986 	2981 	2987
f 2981 	2995 	2987
f 2986 	2997 	2981
f 2996 	2998 	2995
f 2994 	2992 	2999
f 2981 	2757 	2996
f 2996 	2995 	2981
f 3002 	2993 	3001
f 2987 	3001 	2993
f 2988 	2982 	3003
f 2997 	3000 	2981
f 2981 	3000 	3004
f 2757 	3005 	2996
f 2757 	2820 	3005
f 2987 	2993 	2984
f 3004 	3000 	3006
f 3006 	3007 	3004
f 3008 	2994 	3009
f 3016 	3008 	3009
f 2994 	2999 	3009
f 3011 	3007 	3012
f 3012 	3010 	3011
f 3007 	3013 	3012
f 3014 	3015 	3013
f 3013 	3007 	3014
f 3010 	3017 	3011
f 3016 	3011 	3017
f 3007 	3011 	2872
f 3018 	2872 	3011
f 3007 	3019 	3014
f 3018 	3020 	2872
f 3007 	3006 	3019
f 2872 	3020 	3025
f 3017 	3008 	3016
f 2872 	3022 	3021
f 3023 	3024 	3022
f 3022 	2872 	3023
f 2872 	3025 	3023
f 3021 	3026 	2872
f 3030 	3025 	3020
f 3027 	3031 	3024
f 3024 	3023 	3027
f 3026 	3029 	2872
f 3029 	2998 	2872
f 3028 	3024 	3031
f 3032 	2872 	2998
f 3035 	3032 	2998
f 2988 	3036 	3030
f 3033 	3034 	3031
f 3034 	3028 	3031
f 3037 	3038 	3033
f 3025 	3030 	3036
f 3034 	3033 	3038
f 3037 	3039 	3038
f 3032 	3040 	2872
f 3039 	3041 	3038
f 3041 	3039 	3042
f 3002 	3042 	3039
f 3040 	3043 	2872
f 3001 	3042 	3002
f 3036 	2988 	3044
f 3043 	2876 	2872
f 3003 	3044 	2988
f 3035 	2998 	2996
f 3007 	2872 	2929
f 2929 	3045 	3007
f 3045 	2929 	2931
f 2931 	3046 	3045
f 3046 	2931 	2933
f 2933 	3047 	3046
f 3047 	2933 	2935
f 2935 	3048 	3047
f 2937 	2371 	2936
f 2370 	2936 	2371
f 2371 	2937 	2938
f 2938 	2372 	2371
f 2372 	2938 	2939
f 2939 	2373 	2372
f 2373 	2939 	2940
f 2940 	2375 	2373
f 2375 	2940 	2941
f 2941 	2376 	2375
f 2376 	2941 	2942
f 2942 	2377 	2376
f 2377 	2942 	2943
f 2943 	2378 	2377
f 3049 	3117 	2379
f 3050 	3051 	3053
f 3050 	3055 	3052
f 3052 	3051 	3050
f 3053 	3054 	3050
f 3050 	2946 	3055
f 3052 	3056 	3057
f 3057 	3051 	3052
f 3059 	3055 	3058
f 2946 	3058 	3055
f 3060 	3061 	3059
f 3055 	3059 	3061
f 3062 	3056 	3063
f 3061 	3060 	3064
f 3066 	3064 	3060
f 3063 	3065 	3062
f 3064 	3066 	3084
f 3067 	3084 	3066
f 3116 	3065 	3063
f 2378 	3084 	3067
f 3063 	3070 	3116
f 3068 	3069 	2378
f 3069 	3072 	2378
f 3071 	2946 	3074
f 3072 	3073 	2378
f 3071 	3077 	2946
f 3056 	3062 	3057
f 3053 	3075 	3076
f 3076 	3054 	3053
f 3073 	3086 	2378
f 3076 	3087 	3054
f 3074 	3078 	3079
f 3077 	3083 	2946
f 3080 	3081 	3082
f 3081 	3080 	3079
f 3067 	3068 	2378
f 3088 	3079 	3080
f 3050 	3074 	2946
f 3070 	3085 	3116
f 3074 	3079 	3071
f 3086 	2390 	2378
f 3054 	3087 	3114
f 3113 	3084 	2378
f 3096 	3114 	3087
f 2943 	3097 	3089
f 3089 	3090 	2943
f 3091 	3092 	3089
f 3090 	3089 	3092
f 3093 	3094 	3095
f 3095 	2943 	3093
f 3096 	3104 	3095
f 3090 	3093 	2943
f 2943 	3098 	3097
f 2943 	3099 	3098
f 3095 	3101 	3096
f 3092 	3100 	3103
f 3088 	3103 	3100
f 3091 	3100 	3092
f 2943 	2946 	3102
f 2943 	3095 	3104
f 3108 	3105 	2943
f 2943 	3104 	3108
f 3102 	3106 	3099
f 3099 	2943 	3102
f 3105 	3107 	2943
f 3108 	3109 	3105
f 3107 	3110 	2943
f 3105 	3109 	3111
f 3113 	2943 	3112
f 3110 	3112 	2943
f 3101 	3114 	3096
f 3105 	3111 	3115
f 3116 	3115 	3111
f 3116 	3085 	3115
f 3083 	3102 	2946
f 3103 	3088 	3080
f 3113 	2378 	2943
f 2379 	3117 	2980
f 2980 	2399 	2379
f 3117 	3058 	2980
f 3058 	2946 	2980
f 2399 	2980 	2981
f 2981 	2405 	2399
f 2405 	2981 	3004
f 3004 	2407 	2405
f 2407 	3004 	3007
f 3007 	2409 	2407
f 2409 	3007 	3045
f 3045 	2411 	2409
f 2411 	3045 	3046
f 3046 	2412 	2411
f 2412 	3046 	3047
f 3047 	2415 	2412
f 3048 	2417 	3047
f 2415 	3047 	2417
f 2528 	3118 	3119
f 3119 	2529 	2528
f 3121 	2541 	3120
f 2539 	3120 	2541
f 2560 	3123 	3122
f 2560 	3124 	3125
f 3125 	3123 	2560
f 2560 	3126 	3124
f 3127 	3126 	2560
f 3128 	3129 	2560
f 2560 	3122 	3128
f 3131 	3134 	3124
f 3127 	3133 	3130
f 3133 	3135 	3136
f 3136 	3130 	3133
f 3125 	3124 	3137
f 3134 	3137 	3124
f 3124 	3138 	3131
f 3132 	3129 	3128
f 3138 	3144 	3139
f 3139 	3131 	3138
f 3134 	3140 	3141
f 3125 	3142 	3123
f 3141 	3137 	3134
f 3142 	3150 	3145
f 3145 	3123 	3142
f 3144 	3146 	3139
f 3147 	3139 	3146
f 3150 	3148 	3145
f 3129 	3149 	2560
f 3143 	3141 	3140
f 3127 	3130 	3126
f 2560 	3152 	3127
f 3135 	3159 	3136
f 3150 	3178 	3148
f 3151 	3136 	3159
f 3128 	3153 	3132
f 2560 	3155 	3152
f 3191 	3148 	3178
f 3154 	3199 	3146
f 3147 	3146 	3156
f 3149 	3158 	2560
f 2560 	3161 	3155
f 3160 	3151 	3159
f 3156 	3146 	3199
f 3159 	3163 	3160
f 2560 	3162 	3161
f 2560 	2541 	3162
f 3157 	3165 	3158
f 3140 	3167 	3143
f 2541 	3164 	3162
f 2560 	3158 	3165
f 3166 	3173 	3163
f 2541 	3173 	3166
f 3168 	3169 	2560
f 2560 	3170 	3168
f 3172 	3157 	3171
f 3158 	3171 	3157
f 3160 	3163 	3173
f 3132 	3174 	3175
f 3176 	3175 	3174
f 3165 	3170 	2560
f 3153 	3174 	3132
f 3202 	3143 	3177
f 3167 	3177 	3143
f 3154 	3204 	3199
f 2541 	3166 	3164
f 3179 	3181 	2541
f 3180 	3183 	3179
f 3181 	3182 	2541
f 3181 	3179 	3183
f 3182 	3193 	2541
f 3182 	3190 	3187
f 3187 	3193 	3182
f 2541 	3184 	3179
f 2541 	3185 	3184
f 3185 	3186 	3184
f 3189 	3183 	3180
f 3185 	3188 	3186
f 3192 	3187 	3190
f 3190 	3191 	3192
f 3189 	3205 	3183
f 3193 	3195 	2541
f 3194 	3196 	2541
f 3194 	2541 	3195
f 3197 	3201 	3188
f 3195 	3198 	3194
f 3196 	3199 	2541
f 2541 	3199 	3200
f 3195 	3202 	3198
f 3186 	3188 	3201
f 3200 	3203 	2541
f 3177 	3198 	3202
f 3200 	3199 	3204
f 3203 	3173 	2541
f 2541 	3319 	3185
f 2541 	3121 	3319
f 3201 	3197 	3171
f 3172 	3171 	3197
f 3189 	3175 	3176
f 3176 	3205 	3189
f 3192 	3191 	3178
f 2560 	3169 	3206
f 3206 	2754 	2560
f 2754 	3206 	3207
f 3207 	2756 	2754
f 3208 	2756 	3216
f 2756 	3209 	3216
f 3210 	3214 	3209
f 3209 	2756 	3210
f 3211 	3212 	3210
f 3210 	2756 	3211
f 3210 	3213 	3214
f 3211 	2756 	3215
f 3211 	3217 	3212
f 3219 	3217 	3211
f 2756 	3207 	3220
f 3220 	3221 	2756
f 3208 	3222 	2756
f 3218 	3223 	3213
f 3214 	3213 	3223
f 3222 	3224 	2756
f 3215 	3226 	3225
f 3225 	3211 	3215
f 3224 	3232 	2756
f 3220 	3227 	3221
f 3228 	3225 	3226
f 3226 	3229 	3228
f 3230 	3219 	3231
f 3211 	3231 	3219
f 2756 	3221 	3215
f 3232 	2830 	2756
f 3216 	3233 	3208
f 3234 	3235 	3223
f 3223 	3218 	3234
f 3237 	3230 	3236
f 3236 	3230 	3231
f 3236 	3276 	3272
f 3272 	3237 	3236
f 3239 	3240 	3238
f 3270 	3238 	3266
f 3266 	3238 	3240
f 3229 	3240 	3228
f 3239 	3228 	3240
f 3241 	3242 	3248
f 3243 	3244 	3242
f 3241 	3254 	3242
f 3245 	3242 	3246
f 3242 	3244 	3246
f 3247 	3241 	3248
f 3251 	3250 	3248
f 3246 	3249 	3245
f 3246 	3253 	3249
f 3250 	3251 	3252
f 3251 	3235 	3252
f 3254 	3255 	3243
f 3243 	3242 	3254
f 3253 	3274 	3249
f 2841 	3256 	3243
f 3243 	3255 	2841
f 3257 	3258 	3259
f 3259 	3255 	3257
f 3260 	3261 	3254
f 3254 	3241 	3260
f 3262 	3258 	3257
f 3257 	3263 	3262
f 3264 	3261 	3260
f 3260 	3265 	3264
f 3268 	3264 	3265
f 3266 	3262 	3263
f 3267 	3268 	3265
f 3259 	3269 	3255
f 3266 	3263 	3270
f 3268 	3267 	3271
f 3272 	3273 	3267
f 3271 	3267 	3273
f 3273 	3276 	3271
f 3269 	3275 	3255
f 3275 	3220 	3255
f 3254 	3257 	3255
f 3276 	3273 	3272
f 3234 	3252 	3235
f 2841 	2927 	3256
f 3274 	3208 	3249
f 3233 	3249 	3208
f 3220 	3277 	3278
f 3220 	3279 	3277
f 3227 	3220 	3278
f 3220 	3275 	3279
f 2841 	3255 	3280
f 3280 	2928 	2841
f 2928 	3280 	3281
f 3281 	2930 	2928
f 2930 	3281 	3282
f 3282 	2932 	2930
f 2932 	3282 	3283
f 3283 	2934 	2932
f 3118 	3284 	3285
f 3285 	3119 	3118
f 3120 	2343 	2346
f 2346 	3121 	3120
f 3338 	3287 	3332
f 3286 	3332 	3287
f 3339 	3288 	3289
f 3329 	3324 	3289
f 3121 	3297 	3292
f 3297 	3290 	3292
f 3290 	3295 	3291
f 3293 	3291 	3295
f 3292 	3294 	3121
f 3295 	3312 	3293
f 3296 	3293 	3312
f 3297 	3298 	3290
f 3291 	3292 	3290
f 3121 	3299 	3297
f 3301 	3299 	3300
f 3121 	3337 	3299
f 3303 	3306 	3294
f 3306 	3121 	3294
f 3301 	3304 	3305
f 3305 	3302 	3301
f 3308 	3306 	3303
f 3305 	3307 	3302
f 3309 	3310 	3302
f 3302 	3307 	3309
f 3303 	3311 	3308
f 3312 	3320 	3296
f 3309 	3322 	3310
f 3311 	3313 	3314
f 3314 	3308 	3311
f 3316 	3317 	3313
f 3290 	3315 	3295
f 3314 	3313 	3317
f 3316 	3318 	3169
f 3169 	3317 	3316
f 3306 	3319 	3121
f 3321 	3359 	3296
f 3296 	3320 	3321
f 3169 	3168 	3317
f 3355 	3323 	3309
f 3322 	3309 	3323
f 3121 	3334 	3324
f 3324 	3325 	3121
f 3325 	3326 	3121
f 3324 	3329 	3325
f 3326 	3327 	3121
f 3326 	3328 	3327
f 3327 	3328 	3332
f 3330 	3332 	3328
f 3332 	3330 	3331
f 3338 	3332 	3331
f 3327 	3333 	3121
f 3333 	3335 	3336
f 3336 	3121 	3333
f 3336 	3337 	3121
f 3339 	3289 	3324
f 3300 	3299 	3337
f 3301 	3302 	3299
f 3121 	2346 	3403
f 3403 	3334 	3121
f 2353 	3206 	3340
f 3169 	3318 	3206
f 3342 	2353 	3343
f 3343 	3345 	3342
f 2353 	3344 	3343
f 3346 	3344 	2353
f 3346 	3359 	3344
f 2353 	3348 	3347
f 3347 	3350 	2353
f 3348 	3349 	3347
f 3347 	3349 	3354
f 3351 	3354 	3349
f 3352 	3353 	2353
f 2353 	3350 	3352
f 3342 	3348 	2353
f 2353 	3340 	3346
f 3355 	3341 	3345
f 3353 	3358 	2353
f 3352 	3356 	3353
f 3345 	3357 	3355
f 3352 	3339 	3356
f 3360 	3344 	3359
f 3341 	3342 	3345
f 3340 	3206 	3318
f 3357 	3361 	3355
f 3352 	3288 	3339
f 3355 	3361 	3323
f 3359 	3321 	3360
f 3351 	3286 	3354
f 3286 	3287 	3354
f 3362 	3207 	2353
f 3206 	2353 	3207
f 3363 	3220 	3362
f 3207 	3362 	3220
f 3220 	3363 	3364
f 3364 	3255 	3220
f 3255 	3364 	3365
f 3365 	3280 	3255
f 3280 	3365 	3366
f 3366 	3281 	3280
f 3281 	3366 	3367
f 3367 	3282 	3281
f 3282 	3367 	3368
f 3368 	3283 	3282
f 2423 	3369 	2419
f 3369 	2423 	3370
f 2425 	3370 	2423
f 2427 	3371 	2425
f 3370 	2425 	3371
f 2429 	3371 	2427
f 2431 	3372 	2429
f 3371 	2429 	3372
f 2433 	3372 	2431
f 3372 	2433 	2435
f 2435 	3373 	3372
f 3373 	2435 	2438
f 2438 	2441 	3373
f 2442 	3374 	2441
f 3374 	2442 	2446
f 2446 	3375 	3374
f 3752 	3376 	3377
f 3377 	3378 	3752
f 3378 	3377 	3379
f 3379 	3380 	3378
f 3380 	3379 	3381
f 3381 	3382 	3380
f 3382 	3381 	3383
f 3384 	3383 	3385
f 3385 	3387 	3384
f 3387 	3385 	3386
f 3387 	3386 	3388
f 3388 	3389 	3387
f 3389 	3388 	3390
f 3390 	3388 	3392
f 3392 	3391 	3390
f 3392 	3393 	3391
f 3393 	3392 	3394
f 3394 	3395 	3393
f 3395 	3394 	3396
f 3396 	3397 	3395
f 3397 	3396 	3398
f 3398 	1515 	3397
f 1515 	3398 	3399
f 3399 	1516 	1515
f 3376 	1924 	1923
f 1923 	3377 	3376
f 1923 	3379 	3377
f 3379 	1923 	1926
f 1926 	3381 	3379
f 1926 	3383 	3381
f 3383 	1926 	3385
f 1930 	3392 	3388
f 3392 	1930 	1933
f 1933 	3394 	3392
f 3394 	1933 	1935
f 3394 	1935 	1936
f 1936 	3396 	3394
f 1936 	3398 	3396
f 3398 	1936 	1938
f 1938 	3399 	3398
f 3284 	2339 	2342
f 2342 	3285 	3284
f 3400 	3402 	3401
f 3405 	3402 	3404
f 3400 	3404 	3402
f 3406 	3407 	2346
f 3400 	3403 	2346
f 2346 	3407 	3400
f 3408 	3411 	2353
f 3405 	3404 	3408
f 2353 	3358 	3408
f 3409 	3413 	2353
f 2353 	3410 	3409
f 2353 	3411 	3410
f 3411 	3408 	3412
f 3412 	3408 	3404
f 2357 	3362 	2353
f 2359 	3363 	2357
f 3362 	2357 	3363
f 3363 	2359 	2361
f 2361 	3364 	3363
f 3364 	2361 	2363
f 2363 	3365 	3364
f 3365 	2363 	2365
f 2365 	3366 	3365
f 2367 	3367 	2365
f 3366 	2365 	3367
f 2369 	3368 	2367
f 3367 	2367 	3368
f 2448 	2370 	2371
f 2371 	2449 	2448
f 2449 	2371 	2372
f 2372 	2451 	2449
f 2451 	2372 	2374
f 2374 	2453 	2451
f 2453 	2374 	2375
f 2375 	2455 	2453
f 2455 	2375 	2457
f 2377 	2459 	2457
f 2459 	2377 	2461
f 3445 	3415 	3414
f 3426 	3428 	3415
f 3419 	3416 	3417
f 3416 	2461 	3420
f 3420 	3417 	3416
f 3418 	3421 	3422
f 3422 	3419 	3418
f 3421 	3423 	3424
f 3424 	3422 	3421
f 3416 	3425 	2461
f 3425 	2478 	2461
f 3424 	3434 	3422
f 3426 	3427 	3430
f 3430 	3428 	3426
f 3427 	3429 	3430
f 3427 	3431 	3432
f 3432 	3429 	3427
f 3431 	2461 	3433
f 3433 	3432 	3431
f 3431 	3420 	2461
f 3414 	3415 	3428
f 2461 	2387 	3433
f 3417 	3418 	3419
f 3435 	3422 	3434
f 3437 	3436 	3438
f 3436 	3439 	3438
f 3435 	3436 	3437
f 3439 	2497 	3438
f 3434 	3436 	3435
f 3439 	2397 	2497
f 2497 	3440 	3438
f 3442 	3441 	3443
f 3441 	2397 	3439
f 3439 	3443 	3441
f 3443 	3444 	3442
f 3441 	2398 	2397
f 3415 	3442 	3444
f 3445 	3442 	3415
f 2497 	2397 	2406
f 2406 	2513 	2497
f 2513 	2406 	2408
f 2408 	2521 	2513
f 2521 	2408 	2410
f 2410 	2523 	2521
f 3446 	2414 	2413
f 3446 	2413 	2416
f 2416 	3447 	3446
f 3447 	2416 	2418
f 2418 	3448 	3447
f 2340 	1939 	1942
f 1942 	2341 	2340
f 1954 	2345 	1952
f 2344 	1952 	2345
f 3452 	3451 	3450
f 3449 	3450 	3451
f 3559 	3558 	3452
f 3453 	3449 	3451
f 3454 	3564 	3455
f 3455 	3676 	3454
f 3456 	3457 	3565
f 3565 	3690 	3456
f 3458 	3550 	3459
f 3460 	3550 	3458
f 3550 	3691 	3459
f 3461 	3679 	3552
f 3462 	3463 	2345
f 2345 	3464 	3490
f 2345 	3465 	3464
f 3465 	3466 	3464
f 3462 	3467 	3468
f 3468 	3463 	3462
f 3462 	2345 	3469
f 3471 	3472 	3470
f 3470 	2345 	3471
f 2345 	3473 	3474
f 3475 	3476 	3464
f 3464 	3466 	3475
f 3474 	3473 	3478
f 3477 	3478 	3473
f 3477 	3479 	3478
f 3480 	3468 	3467
f 3477 	3537 	3481
f 3481 	3479 	3477
f 3467 	3482 	3480
f 3463 	3496 	2345
f 3475 	3535 	3483
f 3480 	3482 	3484
f 3532 	3484 	3482
f 3485 	3486 	3487
f 3487 	2345 	3485
f 3495 	2345 	3488
f 3485 	2345 	3489
f 2345 	3470 	3465
f 3469 	2345 	3490
f 3475 	3483 	3476
f 3490 	3491 	3492
f 3492 	3469 	3490
f 3493 	3494 	2345
f 2345 	3495 	3493
f 3489 	2345 	3496
f 3532 	3497 	3484
f 3495 	3520 	3493
f 3496 	3500 	3489
f 3494 	3501 	2345
f 3501 	3502 	2345
f 3503 	3504 	3489
f 3489 	3500 	3503
f 2345 	3474 	3471
f 3485 	3505 	3486
f 3502 	3506 	2345
f 3487 	3507 	2345
f 3505 	3508 	3486
f 3488 	2345 	3507
f 3509 	3510 	3472
f 3508 	3511 	3486
f 3506 	3512 	2345
f 3503 	3513 	3504
f 3507 	3514 	3488
f 3515 	3472 	3510
f 3511 	3516 	3486
f 3503 	3536 	3513
f 3517 	3518 	3488
f 3488 	3514 	3517
f 3491 	3499 	3492
f 3534 	3519 	3472
f 3472 	3515 	3534
f 3520 	3526 	3493
f 3516 	3521 	3486
f 3517 	3522 	3518
f 3499 	3491 	3523
f 3534 	3524 	3525
f 3498 	3493 	3526
f 3517 	3531 	3522
f 3509 	3472 	3471
f 3516 	3529 	3527
f 2345 	1954 	3473
f 3599 	3528 	3498
f 3498 	3526 	3599
f 3530 	3497 	3532
f 3503 	3572 	3536
f 2345 	3512 	3569
f 3533 	3530 	3532
f 3534 	3525 	3519
f 3523 	3698 	3499
f 3475 	3671 	3535
f 3695 	3524 	3534
f 1954 	3538 	3539
f 1954 	3541 	3556
f 1954 	3542 	3541
f 1954 	2022 	3542
f 3544 	3539 	3538
f 3539 	3545 	1954
f 3540 	3546 	3547
f 3547 	1954 	3540
f 3548 	1954 	3545
f 3544 	3538 	3543
f 3551 	3549 	3543
f 3550 	3460 	3545
f 3549 	3551 	3552
f 3461 	3552 	3551
f 3547 	3553 	1954
f 3540 	1954 	3555
f 3553 	3558 	1954
f 3538 	1954 	3557
f 3555 	1954 	3554
f 3557 	1954 	3556
f 3558 	3559 	1954
f 3557 	3556 	3561
f 3560 	3561 	3556
f 3562 	3561 	3560
f 3559 	3473 	1954
f 3544 	3543 	3549
f 3554 	1954 	3548
f 3552 	3563 	3549
f 3546 	3564 	3547
f 3451 	3452 	3558
f 3554 	3565 	3566
f 3555 	3554 	3566
f 3564 	3546 	3455
f 3548 	3545 	3460
f 3516 	3527 	3521
f 3567 	3542 	2022
f 3457 	3566 	3565
f 3568 	3567 	2023
f 3560 	3686 	3562
f 3596 	3591 	3517
f 3603 	3602 	3570
f 3527 	3529 	3602
f 3570 	3602 	3529
f 3574 	3572 	3571
f 3573 	3571 	3572
f 3571 	3573 	3581
f 3572 	3574 	3536
f 3581 	3604 	3571
f 2063 	3575 	3580
f 3584 	3582 	3576
f 3582 	3575 	2063
f 2063 	3577 	3578
f 3578 	3576 	2063
f 2063 	3580 	3581
f 2063 	3576 	3582
f 3578 	3592 	3583
f 3585 	3586 	3575
f 3575 	3582 	3585
f 3587 	3588 	3584
f 3585 	3589 	3586
f 3582 	3584 	3588
f 3596 	3588 	3591
f 3590 	3603 	3589
f 3578 	3579 	3576
f 3578 	3593 	3594
f 3594 	3592 	3578
f 3578 	3583 	3579
f 3593 	3595 	3594
f 3602 	3603 	3590
f 3581 	3597 	2063
f 3595 	3598 	3594
f 3587 	3591 	3588
f 3598 	3599 	3594
f 3597 	3600 	2063
f 3601 	3612 	3600
f 3586 	3589 	3603
f 3580 	3604 	3581
f 2063 	2353 	2355
f 2355 	3577 	2063
f 3599 	3598 	3528
f 3531 	3517 	3591
f 3605 	3607 	3608
f 3608 	3606 	3605
f 3606 	3615 	2063
f 3609 	3605 	2063
f 3612 	3611 	3600
f 3612 	3613 	3611
f 3612 	3614 	3613
f 3645 	3613 	3614
f 3650 	3633 	2063
f 3616 	2063 	3633
f 3610 	2063 	3616
f 3615 	3617 	3618
f 3618 	2063 	3615
f 3618 	3621 	2063
f 3617 	3619 	3618
f 3609 	2063 	3620
f 3622 	3620 	2063
f 3619 	3623 	3618
f 3619 	3625 	3626
f 3626 	3623 	3619
f 3624 	3627 	2063
f 3606 	2063 	3605
f 3625 	3628 	3626
f 3607 	3629 	3608
f 2063 	3627 	3631
f 3630 	3664 	3627
f 3632 	5285 	3626
f 3628 	3699 	3626
f 3610 	3622 	2063
f 3631 	3644 	2063
f 3622 	3635 	3636
f 3636 	3620 	3622
f 3637 	2063 	3639
f 3675 	2063 	3637
f 3634 	3639 	2063
f 3638 	3640 	2063
f 3644 	3649 	2063
f 3638 	2063 	3641
f 3639 	3642 	3637
f 3640 	3643 	2063
f 3611 	3657 	2063
f 2063 	3600 	3611
f 3682 	3687 	3635
f 3645 	3646 	3647
f 3633 	3648 	3616
f 3641 	2063 	3649
f 3641 	3649 	3651
f 3650 	2063 	3657
f 3641 	3651 	3652
f 3633 	3653 	3654
f 3654 	3648 	3633
f 3653 	3655 	3654
f 3652 	3651 	3683
f 3656 	2063 	3661
f 3634 	2063 	3656
f 3621 	3661 	2063
f 3658 	3659 	3660
f 3658 	3654 	3655
f 3657 	3662 	3650
f 3642 	3639 	3663
f 3631 	3627 	3664
f 3661 	3665 	3656
f 3662 	3666 	3650
f 3667 	3692 	3662
f 3661 	3668 	3669
f 3669 	3665 	3661
f 3670 	2063 	3675
f 3624 	2063 	3670
f 3659 	3658 	3655
f 3642 	3663 	3673
f 3672 	3673 	3663
f 3671 	3659 	3655
f 3668 	3674 	3669
f 3666 	3662 	3692
f 3677 	3669 	3684
f 3675 	3678 	3670
f 3643 	3680 	2063
f 3537 	5268 	3608
f 3608 	3629 	3537
f 3680 	3568 	2063
f 3533 	3646 	3614
f 3645 	3614 	3646
f 3676 	3677 	3684
f 3683 	3651 	3686
f 3687 	3688 	3689
f 3688 	3687 	3682
f 3673 	3672 	3690
f 3681 	3646 	3533
f 3678 	3685 	3691
f 3685 	3700 	3691
f 3692 	3693 	3694
f 3693 	3692 	3667
f 3632 	3626 	3699
f 3682 	3695 	3696
f 3675 	3685 	3678
f 3630 	3697 	3664
f 3651 	3562 	3686
f 3636 	3635 	3687
f 3672 	3456 	3690
f 3679 	3664 	3697
f 3682 	3524 	3695
f 3674 	3684 	3669
f 3697 	3552 	3679
f 3698 	3693 	3667
f 3699 	3453 	3632
f 3700 	3459 	3691
f 2060 	2063 	2023
f 3684 	3454 	3676
f 3629 	3481 	3537
f 3532 	3681 	3533
f 3667 	3499 	3698
f 3701 	3535 	3671
f 3655 	3701 	3671
f 3451 	3632 	3453
f 2140 	2356 	2063
f 2353 	2063 	2356
f 2141 	2358 	2140
f 2356 	2140 	2358
f 2358 	2141 	2142
f 2142 	2360 	2358
f 2360 	2142 	2143
f 2143 	2362 	2360
f 2362 	2143 	2364
f 2364 	2144 	2366
f 2146 	2368 	2145
f 2366 	2145 	2368
f 2533 	2531 	3702
f 3702 	3703 	2533
f 2341 	1942 	3704
f 3704 	3705 	2341
f 2342 	2341 	3705
f 3705 	3706 	2342
f 3285 	2342 	3706
f 3706 	3707 	3285
f 1950 	1952 	3708
f 3708 	3709 	1950
f 3119 	3285 	3707
f 3707 	3710 	3119
f 1946 	1948 	3711
f 3711 	3712 	1946
f 2539 	2537 	3713
f 3713 	3714 	2539
f 2529 	3119 	3710
f 3710 	3715 	2529
f 2535 	2533 	3703
f 3703 	3716 	2535
f 1942 	1944 	3717
f 3717 	3704 	1942
f 2531 	2529 	3715
f 3715 	3702 	2531
f 1952 	2344 	3718
f 3718 	3708 	1952
f 2344 	2343 	3719
f 3719 	3718 	2344
f 3720 	3719 	2343
f 2343 	3120 	3881
f 3881 	3720 	2343
f 1948 	1950 	3709
f 3709 	3711 	1948
f 3120 	2539 	3714
f 3714 	3881 	3120
f 1944 	1946 	3712
f 3712 	3717 	1944
f 2537 	2535 	3716
f 3716 	3713 	2537
f 3750 	3721 	3722
f 3723 	3750 	3722
f 1471 	3724 	3725
f 3725 	3726 	1471
f 3721 	3727 	3728
f 3728 	3722 	3721
f 1470 	1472 	3729
f 3729 	3730 	1470
f 3727 	3731 	3732
f 3732 	3728 	3727
f 3733 	3734 	3735
f 3735 	3736 	3733
f 3737 	1470 	3738
f 3738 	3739 	3737
f 3740 	3741 	3742
f 3742 	3743 	3740
f 3744 	3737 	3739
f 3739 	3745 	3744
f 3745 	3746 	3744
f 3746 	3749 	3744
f 3747 	3744 	3749
f 3748 	3747 	3749
f 1472 	1471 	3726
f 3726 	3729 	1472
f 3741 	3748 	3749
f 3749 	3742 	3741
f 3730 	3738 	1470
f 3731 	3733 	3736
f 3736 	3732 	3731
f 3734 	3740 	3743
f 3743 	3735 	3734
f 3724 	3750 	3751
f 3751 	3725 	3724
f 3723 	3751 	3750
f 3735 	3743 	1476
f 1476 	1477 	3735
f 3725 	3751 	1486
f 1486 	1483 	3725
f 3751 	3723 	1486
f 1466 	1486 	3723
f 3723 	3722 	1466
f 3726 	3725 	1483
f 1483 	1482 	3726
f 3722 	3728 	1467
f 1467 	1466 	3722
f 3730 	3729 	1501
f 3728 	3732 	1468
f 1468 	1467 	3728
f 3736 	3735 	1477
f 1477 	1484 	3736
f 3739 	3738 	1500
f 1500 	1485 	3739
f 3743 	3742 	1469
f 1469 	1476 	3743
f 3745 	1485 	1465
f 3745 	3739 	1485
f 3746 	3745 	1465
f 1465 	1464 	3746
f 3749 	3746 	1464
f 1464 	1478 	3749
f 3729 	3726 	1482
f 1482 	1501 	3729
f 3742 	3749 	1478
f 1478 	1469 	3742
f 3738 	3730 	1501
f 1501 	1500 	3738
f 3732 	3736 	1484
f 1484 	1468 	3732
f 3378 	3753 	3752
f 3753 	3378 	3380
f 3380 	3754 	3753
f 3754 	3380 	3382
f 3382 	3755 	3754
f 3755 	3382 	3383
f 3383 	3756 	3755
f 3756 	3383 	3384
f 3384 	3757 	3756
f 3757 	3384 	3387
f 3387 	3758 	3757
f 3387 	3759 	3758
f 3389 	3759 	3387
f 3760 	3761 	3762
f 3762 	3763 	3760
f 3764 	3760 	3763
f 3763 	3765 	3764
f 3766 	3391 	3393
f 3393 	3767 	3766
f 3767 	3393 	3395
f 3395 	3768 	3767
f 3395 	3769 	3768
f 3769 	3395 	3397
f 3397 	3770 	3769
f 1515 	1514 	3397
f 3770 	3397 	1514
f 8531 	3775 	3773
f 3776 	2148 	2147
f 2148 	3776 	3777
f 3777 	2149 	2148
f 2149 	3777 	3778
f 3778 	2150 	2149
f 2150 	3778 	3779
f 3779 	2151 	2150
f 2151 	3779 	3780
f 3780 	2152 	2151
f 2152 	3780 	3781
f 3781 	2153 	2152
f 3782 	2253 	2305
f 2253 	3782 	3783
f 3783 	2322 	2253
f 2322 	3783 	3784
f 3784 	2332 	2322
f 3785 	2333 	3784
f 2332 	3784 	2333
f 2333 	3785 	3786
f 3786 	2334 	2333
f 2334 	3786 	3787
f 3787 	2335 	2334
f 2335 	3787 	3788
f 3788 	2336 	2335
f 2336 	3788 	3789
f 3789 	2337 	2336
f 3791 	3792 	3793
f 3791 	3793 	3794
f 3794 	3795 	3791
f 3796 	3764 	3765
f 3765 	3795 	3796
f 3797 	3798 	3792
f 3792 	3791 	3797
f 3794 	3793 	3799
f 3798 	3799 	3793
f 3793 	3792 	3798
f 3804 	3800 	3774
f 3800 	3801 	3802
f 3802 	3774 	3800
f 2338 	2337 	3803
f 3803 	3804 	2338
f 2337 	3789 	3805
f 3805 	3803 	2337
f 3806 	3807 	3808
f 3808 	3809 	3806
f 2410 	2409 	3810
f 2410 	3810 	3811
f 2523 	2410 	3811
f 2523 	3811 	2524
f 2526 	3812 	3807
f 2526 	3807 	2444
f 2525 	2526 	2444
f 2443 	2525 	2444
f 2524 	3811 	3813
f 3813 	2526 	2524
f 2444 	3807 	3806
f 3806 	2445 	2444
f 2526 	3813 	3812
f 3808 	3807 	3812
f 2409 	3814 	3815
f 3815 	3810 	2409
f 3813 	3811 	3816
f 3816 	3817 	3813
f 2411 	2414 	3818
f 3818 	3819 	2411
f 3812 	3813 	3817
f 3817 	3822 	3812
f 3447 	3820 	3821
f 3821 	3446 	3447
f 2409 	2411 	3819
f 3819 	3814 	2409
f 3814 	3819 	3823
f 3823 	3815 	3814
f 3824 	3825 	3822
f 3816 	3815 	3823
f 3826 	3824 	3820
f 3822 	3820 	3824
f 3823 	3819 	3818
f 3823 	3818 	3821
f 3823 	3821 	3817
f 3816 	3823 	3817
f 3817 	3821 	3820
f 3817 	3820 	3822
f 3808 	3812 	3822
f 3446 	3821 	3818
f 3818 	2414 	3446
f 3447 	3448 	3826
f 3826 	3820 	3447
f 3809 	3808 	3822
f 3822 	3825 	3809
f 3810 	3815 	3816
f 3816 	3811 	3810
f 3851 	3827 	3828
f 1502 	3829 	3830
f 3830 	1488 	1502
f 3827 	3831 	3832
f 3832 	3828 	3827
f 1491 	1493 	1487
f 1487 	1489 	1491
f 3831 	3833 	3834
f 3834 	3832 	3831
f 3835 	3836 	3837
f 3837 	3838 	3835
f 3839 	1492 	1490
f 1490 	3840 	3839
f 3841 	3842 	3843
f 3843 	3844 	3841
f 3845 	3839 	3840
f 3840 	3846 	3845
f 3846 	3847 	3845
f 3847 	3850 	3845
f 3848 	3845 	3850
f 3849 	3848 	3850
f 1493 	1502 	1488
f 1488 	1487 	1493
f 3842 	3849 	3850
f 3850 	3843 	3842
f 1489 	1490 	1491
f 1492 	1491 	1490
f 3833 	3835 	3838
f 3838 	3834 	3833
f 3836 	3841 	3844
f 3844 	3837 	3836
f 3829 	3851 	3852
f 3852 	3830 	3829
f 3852 	3851 	3828
f 3853 	3863 	3828
f 3828 	3832 	3854
f 3854 	3853 	3828
f 3832 	3834 	3855
f 3855 	3854 	3832
f 3838 	3837 	3856
f 3856 	3857 	3838
f 3844 	3843 	3858
f 3858 	3859 	3844
f 3846 	3840 	1504
f 1504 	3860 	3846
f 3847 	3846 	3860
f 3850 	3847 	3860
f 3860 	3861 	3850
f 3861 	3862 	3850
f 3862 	3858 	3850
f 3843 	3850 	3858
f 3834 	3838 	3857
f 3857 	3855 	3834
f 3837 	3844 	3859
f 3859 	3856 	3837
f 3830 	3852 	3863
f 3863 	1503 	3830
f 3852 	3828 	3863
f 3863 	3853 	3721
f 3750 	3873 	3721
f 3853 	3864 	3727
f 3727 	3721 	3853
f 3864 	3865 	3731
f 3731 	3727 	3864
f 3866 	3867 	3734
f 3734 	3733 	3866
f 3868 	3869 	3741
f 3741 	3740 	3868
f 1505 	1497 	3737
f 3737 	3744 	1505
f 3870 	1505 	3744
f 3744 	3747 	3870
f 3871 	3870 	3747
f 3747 	3748 	3871
f 3748 	3741 	3871
f 3869 	3871 	3741
f 3865 	3866 	3733
f 3733 	3731 	3865
f 3867 	3868 	3740
f 3740 	3734 	3867
f 3872 	3873 	3750
f 3750 	3724 	3872
f 3863 	3721 	3873
f 3369 	3875 	3874
f 3875 	3369 	3370
f 3370 	3876 	3875
f 3876 	3370 	3371
f 3876 	3371 	3372
f 3372 	3877 	3876
f 3877 	3372 	3373
f 3373 	3878 	3877
f 3878 	3373 	2441
f 2441 	3879 	3878
f 2441 	3880 	3879
f 3880 	2441 	3374
f 3880 	3374 	3375
f 3375 	8626 	3880
f 3881 	3892 	3720
f 3709 	3708 	3882
f 3882 	1511 	3709
f 3881 	3714 	3883
f 1510 	1512 	3711
f 3712 	3711 	1512
f 3714 	3713 	3884
f 3884 	3883 	3714
f 3716 	3703 	3885
f 3885 	3886 	3716
f 3704 	3717 	1513
f 1513 	3887 	3704
f 3702 	3715 	3888
f 3888 	3889 	3702
f 3705 	3704 	3887
f 3887 	3890 	3705
f 3706 	3705 	3890
f 3707 	3706 	3890
f 3710 	3707 	3890
f 3890 	3891 	3710
f 1511 	1510 	3709
f 3711 	3709 	1510
f 3715 	3710 	3891
f 3891 	3888 	3715
f 3717 	3712 	1512
f 1512 	1513 	3717
f 3713 	3716 	3886
f 3886 	3884 	3713
f 3703 	3702 	3889
f 3889 	3885 	3703
f 3708 	3718 	3892
f 3892 	3882 	3708
f 3719 	3892 	3718
f 3719 	3720 	3892
f 3892 	3881 	3827
f 3851 	3892 	3827
f 3881 	3883 	3831
f 3831 	3827 	3881
f 3883 	3884 	3833
f 3833 	3831 	3883
f 3886 	3885 	3836
f 3836 	3835 	3886
f 3889 	3888 	3842
f 3842 	3841 	3889
f 3890 	3887 	3839
f 3839 	3845 	3890
f 3845 	3848 	3890
f 3891 	3890 	3848
f 3848 	3849 	3891
f 3888 	3891 	3849
f 3849 	3842 	3888
f 3884 	3886 	3835
f 3835 	3833 	3884
f 3885 	3889 	3841
f 3841 	3836 	3885
f 3882 	3892 	3851
f 3851 	3829 	3882
f 1494 	1503 	3872
f 3872 	1499 	1494
f 3853 	3854 	3864
f 1498 	1506 	1495
f 1496 	1495 	1506
f 3854 	3855 	3865
f 3865 	3864 	3854
f 3857 	3856 	3867
f 3867 	3866 	3857
f 1504 	1496 	1506
f 1506 	1497 	1504
f 3869 	3868 	3858
f 3859 	3858 	3868
f 1497 	1505 	3860
f 1505 	3870 	3860
f 3870 	3871 	3860
f 3861 	3860 	3871
f 3862 	3861 	3871
f 1495 	1494 	1499
f 1499 	1498 	1495
f 3871 	3869 	3862
f 3858 	3862 	3869
f 3855 	3857 	3866
f 3866 	3865 	3855
f 3868 	3867 	3859
f 3856 	3859 	3867
f 1503 	3863 	3873
f 3873 	3872 	1503
f 2420 	2447 	2450
f 2450 	2421 	2420
f 2421 	2450 	2452
f 2452 	2422 	2421
f 2422 	2452 	2454
f 2454 	2424 	2422
f 2424 	2454 	2456
f 2456 	2426 	2424
f 2426 	2456 	2458
f 2458 	2428 	2426
f 2428 	2458 	2460
f 2460 	2430 	2428
f 2430 	2460 	2462
f 2462 	2432 	2430
f 2432 	2462 	2475
f 2475 	2434 	2432
f 2436 	2434 	3904
f 3904 	3893 	2436
f 2436 	3893 	3907
f 3915 	3903 	3895
f 3896 	3902 	3897
f 3897 	3898 	3896
f 2475 	3899 	2434
f 3897 	2434 	3899
f 2475 	3901 	3900
f 2475 	2481 	3901
f 3897 	3899 	3898
f 3897 	3902 	3903
f 2475 	3900 	3899
f 3904 	2434 	3897
f 3902 	3905 	3903
f 2475 	2484 	2481
f 3902 	3906 	3905
f 3905 	3895 	3903
f 3894 	3901 	2481
f 2481 	2479 	3894
f 2437 	3907 	3921
f 3907 	2437 	2436
f 2508 	3908 	3909
f 3922 	3908 	2508
f 3909 	3910 	2508
f 3911 	3916 	2508
f 3911 	2508 	3912
f 2508 	3913 	3912
f 2508 	3914 	3913
f 2508 	3920 	3914
f 3917 	3914 	3915
f 3916 	3918 	2508
f 3918 	3919 	2508
f 2508 	3910 	3920
f 3915 	3914 	3920
f 3919 	3894 	2508
f 3917 	3915 	3895
f 3894 	2479 	2508
f 2437 	3921 	2522
f 2522 	2439 	2437
f 2522 	3921 	3922
f 3922 	2508 	2522
f 2439 	2522 	2525
f 2525 	2440 	2439
f 2525 	2443 	2440
f 3783 	3782 	3923
f 3923 	3924 	3783
f 3784 	3783 	3924
f 3924 	3925 	3784
f 3766 	3784 	3925
f 3925 	3926 	3766
f 3924 	3923 	3761
f 3761 	3760 	3924
f 3925 	3924 	3760
f 3760 	3764 	3925
f 3926 	3925 	3764
f 3764 	3796 	3926
f 2147 	3752 	3753
f 3753 	3776 	2147
f 3776 	3753 	3754
f 3754 	3777 	3776
f 3777 	3754 	3755
f 3755 	3778 	3777
f 3778 	3755 	3756
f 3756 	3779 	3778
f 3779 	3756 	3757
f 3757 	3780 	3779
f 3780 	3757 	3758
f 3758 	3781 	3780
f 3781 	3758 	3759
f 3759 	3782 	3781
f 3784 	3766 	3767
f 3767 	3785 	3784
f 3785 	3767 	3768
f 3768 	3786 	3785
f 3786 	3768 	3769
f 3769 	3787 	3786
f 3787 	3769 	3770
f 3770 	3788 	3787
f 3788 	3770 	1514
f 1514 	3789 	3788
f 3762 	3791 	3763
f 3763 	3791 	3795
f 3795 	3765 	3763
f 3799 	3796 	3795
f 3795 	3794 	3799
f 3761 	3797 	3791
f 3791 	3762 	3761
f 3789 	1514 	3927
f 3927 	3805 	3789
f 3782 	3759 	3928
f 3928 	3923 	3782
f 3923 	3928 	3797
f 3797 	3761 	3923
f 3804 	3803 	3800
f 3803 	3805 	3801
f 3801 	3800 	3803
f 3805 	3927 	3929
f 3929 	3801 	3805
f 1925 	1922 	1937
f 1937 	1927 	1925
f 1937 	1928 	1927
f 1937 	1929 	1928
f 1937 	1931 	1929
f 1937 	1932 	1931
f 1937 	1934 	1932
f 3874 	3875 	8626
f 3880 	8626 	3875
f 3879 	3880 	3875
f 3878 	3879 	3875
f 3875 	3876 	3878
f 3877 	3878 	3876
f 3931 	3930 	3017
f 3008 	3017 	3930
f 3932 	3931 	3017
f 3930 	2994 	3008
f 2994 	3930 	3933
f 3930 	3931 	3934
f 3934 	3933 	3930
f 2997 	2986 	3935
f 3937 	3936 	3935
f 2997 	3935 	3936
f 3939 	3935 	3938
f 2986 	2990 	3935
f 3933 	3939 	3938
f 3933 	3934 	3939
f 3938 	3935 	2990
f 2992 	2994 	3938
f 2990 	2992 	3938
f 3933 	3938 	2994
f 3936 	3000 	2997
f 3019 	3006 	3940
f 3940 	3944 	3019
f 3014 	3019 	3941
f 3015 	3014 	3941
f 3940 	3942 	3944
f 3941 	3019 	3944
f 3945 	3944 	3943
f 3942 	3943 	3944
f 3941 	3944 	3013
f 3013 	3015 	3941
f 3940 	3936 	3942
f 3937 	3942 	3936
f 3937 	3943 	3942
f 3006 	3936 	3940
f 3006 	3000 	3936
f 3943 	3939 	3946
f 3934 	3946 	3939
f 3935 	3939 	3943
f 3937 	3935 	3943
f 3945 	3943 	3946
f 3934 	3947 	3946
f 3931 	3932 	3947
f 3947 	3934 	3931
f 3012 	3946 	3010
f 3946 	3947 	3010
f 3932 	3017 	3010
f 3010 	3947 	3932
f 3948 	3946 	3012
f 3012 	3013 	3944
f 3012 	3944 	3948
f 3945 	3946 	3948
f 3948 	3944 	3945
f 3950 	3020 	3949
f 3952 	3949 	3020
f 3950 	3949 	3952
f 3952 	3951 	3950
f 3030 	3020 	3950
f 2988 	3030 	3950
f 2988 	3950 	3953
f 3950 	3951 	3954
f 3954 	3953 	3950
f 3954 	2988 	3953
f 2983 	2985 	3955
f 3955 	3956 	2983
f 3957 	3955 	3959
f 3956 	3955 	3958
f 3955 	3957 	3958
f 3959 	3955 	2985
f 2985 	2988 	3954
f 3954 	3959 	2985
f 2989 	2983 	3956
f 3956 	2991 	2989
f 2999 	3956 	3958
f 2999 	2991 	3956
f 3009 	3961 	3016
f 3960 	3016 	3961
f 3962 	3960 	3961
f 3962 	3016 	3960
f 3963 	3961 	3009
f 3009 	3958 	3963
f 3958 	3961 	3963
f 3958 	3009 	2999
f 3959 	3954 	3961
f 3951 	3961 	3954
f 3961 	3958 	3959
f 3957 	3959 	3958
f 3961 	3965 	3964
f 3962 	3961 	3964
f 3951 	3952 	3965
f 3965 	3961 	3951
f 3018 	3011 	3965
f 3952 	3020 	3965
f 3018 	3965 	3020
f 3964 	3965 	3011
f 3011 	3016 	3962
f 3962 	3964 	3011
f 3966 	3968 	3967
f 3967 	3973 	3966
f 3973 	3967 	3970
f 3970 	3969 	3973
f 3967 	3968 	3970
f 3037 	3968 	3966
f 3966 	3039 	3037
f 3037 	3033 	3968
f 3971 	3039 	3966
f 3002 	3971 	3972
f 3966 	3972 	3971
f 3002 	3039 	3971
f 3975 	3973 	3969
f 3966 	3973 	3974
f 3974 	3972 	3966
f 3973 	3975 	3974
f 3978 	3976 	2982
f 3977 	3003 	2982
f 2982 	3976 	3977
f 3978 	3972 	3974
f 3975 	3978 	3974
f 2984 	2993 	3978
f 3002 	3972 	2993
f 3978 	2993 	3972
f 3978 	2982 	2984
f 3025 	3036 	3979
f 3980 	3025 	3979
f 3977 	3979 	3003
f 3979 	3036 	3044
f 3979 	3044 	3003
f 3976 	3978 	3975
f 3982 	3976 	3975
f 3982 	3979 	3976
f 3977 	3976 	3979
f 3980 	3979 	3982
f 3970 	3981 	3975
f 3975 	3969 	3970
f 3982 	3975 	3981
f 3027 	3023 	3983
f 3983 	3031 	3027
f 3033 	3031 	3968
f 3983 	3968 	3031
f 3970 	3983 	3981
f 3023 	3981 	3983
f 3970 	3968 	3983
f 3023 	3025 	3980
f 3982 	3981 	3023
f 3023 	3980 	3982
f 3984 	3986 	3985
f 3987 	3985 	3986
f 3989 	3988 	3985
f 3985 	3987 	3989
f 3984 	3029 	3986
f 3026 	3986 	3029
f 3990 	3029 	3991
f 3984 	3991 	3029
f 2998 	3990 	3991
f 3029 	3990 	2998
f 3984 	3985 	3991
f 3992 	3985 	3988
f 3985 	3992 	3991
f 3996 	3995 	3993
f 3996 	3993 	3994
f 3994 	3997 	3996
f 3995 	3991 	3992
f 3995 	3996 	2995
f 3995 	2995 	2998
f 3995 	2998 	3991
f 2995 	3996 	2987
f 2987 	3996 	3997
f 3997 	3001 	2987
f 3041 	4001 	3034
f 3038 	3041 	3034
f 3041 	3042 	4001
f 4001 	3998 	3034
f 3999 	3034 	3998
f 3998 	4000 	3999
f 4002 	3998 	4001
f 4002 	4001 	3994
f 3997 	3994 	4001
f 3994 	3998 	4002
f 4001 	3042 	4003
f 3042 	3001 	4003
f 4001 	4003 	3997
f 3997 	4003 	3001
f 3988 	3995 	3992
f 3994 	3993 	3998
f 3998 	3993 	4004
f 3995 	4005 	3993
f 4000 	3998 	4004
f 4005 	4004 	3993
f 3989 	4005 	3988
f 3995 	3988 	4005
f 3024 	4005 	3022
f 3026 	3021 	3986
f 3021 	3022 	4005
f 3987 	3986 	3021
f 3989 	3987 	4005
f 3021 	4005 	3987
f 4004 	4005 	3028
f 3024 	3028 	4005
f 3028 	3034 	3999
f 3999 	4004 	3028
f 4000 	4004 	3999
f 4007 	2873 	2848
f 4007 	4006 	2873
f 4008 	2831 	4006
f 2831 	2873 	4006
f 4008 	2789 	2831
f 4011 	4010 	4009
f 4008 	4012 	2789
f 4009 	2820 	4012
f 4012 	2811 	2789
f 2811 	4012 	2820
f 2820 	4009 	3005
f 4010 	3005 	4009
f 3040 	4013 	4014
f 4014 	3043 	3040
f 4013 	3040 	3032
f 4014 	4015 	4017
f 4016 	3043 	4014
f 4014 	4017 	4016
f 4013 	4010 	4014
f 4011 	4014 	4010
f 4011 	4015 	4014
f 3035 	4010 	4013
f 4013 	3032 	3035
f 3005 	4010 	3035
f 3035 	2996 	3005
f 4009 	4006 	4015
f 4006 	4012 	4008
f 4019 	4015 	4006
f 4012 	4006 	4009
f 4011 	4009 	4015
f 4018 	4015 	4019
f 4015 	4018 	4017
f 4006 	4007 	4019
f 2847 	2846 	4019
f 4019 	2846 	2871
f 2847 	4019 	2848
f 2871 	2876 	4019
f 4007 	2848 	4019
f 2876 	3043 	4016
f 4018 	4019 	2876
f 4017 	4018 	4016
f 2876 	4016 	4018
f 4020 	4023 	4021
f 4021 	4022 	4020
f 4025 	4024 	4021
f 4022 	4021 	4024
f 4021 	4023 	4025
f 4020 	4026 	2864
f 2864 	4023 	4020
f 2869 	2864 	4026
f 4020 	4027 	4026
f 2801 	4026 	4027
f 2869 	4026 	2801
f 4028 	4027 	4022
f 4020 	4022 	4027
f 4029 	4028 	4024
f 4022 	4024 	4028
f 2769 	4032 	4030
f 2769 	2768 	4032
f 4032 	2768 	4028
f 4027 	4028 	2768
f 4032 	4028 	4029
f 2768 	2801 	4027
f 4030 	2787 	2769
f 4030 	4031 	2787
f 2798 	2787 	4031
f 4038 	4033 	2862
f 4033 	4036 	2849
f 2849 	2862 	4033
f 4038 	4034 	4036
f 4038 	4036 	4033
f 4037 	4036 	4035
f 4034 	4035 	4036
f 4039 	4034 	4038
f 4038 	4031 	4039
f 4031 	4035 	4039
f 4034 	4039 	4035
f 4038 	2862 	2868
f 4038 	2868 	4031
f 4031 	2868 	2798
f 4032 	4029 	4040
f 4024 	4040 	4029
f 4035 	4030 	4040
f 4032 	4040 	4030
f 4031 	4030 	4035
f 4037 	4035 	4040
f 4025 	4041 	4024
f 4040 	4024 	4041
f 4040 	2844 	2843
f 4036 	2843 	2849
f 2860 	2844 	4041
f 4040 	4041 	2844
f 2864 	2860 	4023
f 4041 	4023 	2860
f 4023 	4041 	4025
f 4040 	2843 	4036
f 4037 	4040 	4036
f 4044 	4043 	4042
f 4046 	4045 	4044
f 4043 	4044 	4045
f 4042 	4047 	2855
f 4042 	2855 	4044
f 4048 	4047 	4049
f 4042 	4049 	4047
f 4047 	4048 	2832
f 2832 	2855 	4047
f 2832 	4048 	2763
f 2763 	4048 	4049
f 4045 	4049 	4043
f 4042 	4043 	4049
f 4050 	4049 	4045
f 4052 	4056 	4051
f 4053 	4052 	4051
f 4050 	4054 	4049
f 4055 	4049 	4054
f 4051 	4055 	4054
f 2796 	2767 	4055
f 2760 	4055 	2762
f 2763 	4049 	4055
f 4055 	2760 	2763
f 2796 	4055 	4051
f 4056 	2796 	4051
f 2762 	4055 	2767
f 2802 	2796 	4056
f 4057 	4059 	4058
f 2866 	4058 	4059
f 2866 	2870 	4058
f 4057 	4060 	4059
f 4062 	4060 	4061
f 4060 	4062 	4059
f 4057 	4052 	4060
f 4060 	4052 	4063
f 4063 	4061 	4060
f 4053 	4063 	4052
f 4058 	4052 	4057
f 4058 	2870 	2802
f 4052 	4058 	4056
f 4058 	2802 	4056
f 4062 	4061 	4045
f 4045 	4054 	4050
f 4053 	4051 	4063
f 4063 	4051 	4045
f 4054 	4045 	4051
f 4062 	4046 	4064
f 4063 	4045 	4061
f 4045 	4046 	4062
f 4065 	4064 	4046
f 4067 	2842 	4066
f 2866 	4059 	4066
f 2842 	2861 	4066
f 4067 	4066 	4059
f 2861 	2866 	4066
f 2838 	2842 	4065
f 4067 	4064 	4065
f 2855 	2838 	4044
f 4065 	4044 	2838
f 2842 	4067 	4065
f 4046 	4044 	4065
f 4064 	4067 	4062
f 4059 	4062 	4067
f 4070 	4069 	4068
f 4068 	2853 	4070
f 4072 	4071 	4070
f 4069 	4070 	4071
f 2835 	4068 	4073
f 2835 	2853 	4068
f 4074 	4073 	4075
f 4068 	4075 	4073
f 4073 	4074 	2812
f 4073 	2812 	2835
f 2812 	4074 	4075
f 4068 	4069 	4075
f 4077 	4076 	4071
f 4076 	4075 	4069
f 4069 	4071 	4076
f 4078 	4079 	4082
f 4082 	4080 	4078
f 4079 	4084 	4081
f 4081 	4082 	4079
f 4083 	4082 	4081
f 4078 	4084 	4079
f 4075 	4076 	4084
f 4084 	4076 	4077
f 2765 	2774 	4078
f 4084 	4078 	2774
f 2774 	2773 	4084
f 2773 	4075 	4084
f 2773 	2812 	4075
f 4080 	2761 	4078
f 2816 	4080 	4082
f 2765 	4078 	2761
f 4080 	2759 	2761
f 4080 	2816 	2759
f 4086 	2845 	4085
f 2845 	2856 	4085
f 4088 	4086 	4087
f 2845 	4086 	4088
f 4087 	4086 	4082
f 4087 	4082 	4083
f 2816 	4082 	4085
f 4086 	4085 	4082
f 4085 	2856 	2816
f 4089 	4087 	4071
f 4071 	4087 	4077
f 4083 	4081 	4087
f 4084 	4077 	4087
f 4084 	4087 	4081
f 4088 	4087 	4089
f 4072 	4089 	4071
f 2850 	2840 	4089
f 2840 	2839 	4089
f 2839 	2845 	4089
f 4072 	2850 	4089
f 4070 	2853 	2850
f 2850 	4072 	4070
f 4088 	4089 	2845
f 4092 	4091 	4090
f 4091 	4092 	4093
f 4093 	4094 	4091
f 4095 	4093 	4092
f 2837 	2877 	4096
f 4090 	4096 	2867
f 4090 	2867 	4092
f 2877 	2867 	4096
f 4097 	4096 	4098
f 4090 	4098 	4096
f 2810 	2837 	4096
f 4096 	4097 	2810
f 2810 	4097 	4098
f 4090 	4091 	4098
f 4100 	4091 	4094
f 4099 	4098 	4091
f 4091 	4100 	4099
f 4102 	4101 	4106
f 4105 	4101 	4102
f 4103 	4104 	4101
f 4105 	4103 	4101
f 4100 	4102 	4106
f 4106 	4098 	4099
f 4106 	4099 	4100
f 4101 	2766 	4106
f 4106 	2771 	4098
f 4098 	2771 	2810
f 2764 	2766 	4101
f 4101 	2772 	2764
f 2771 	4106 	2766
f 2772 	4101 	2813
f 4104 	2813 	4101
f 4107 	4108 	2834
f 2851 	2834 	4108
f 4107 	4109 	4108
f 4111 	4109 	4110
f 4111 	4108 	4109
f 4103 	4109 	4104
f 4107 	4104 	4109
f 4105 	4110 	4103
f 4109 	4103 	4110
f 4107 	2834 	2833
f 2833 	4104 	4107
f 2813 	4104 	2833
f 4093 	4100 	4094
f 4105 	4102 	4110
f 4100 	4110 	4102
f 4093 	4095 	4110
f 4100 	4093 	4110
f 4112 	4110 	4095
f 4112 	4111 	4110
f 2852 	2851 	4108
f 4114 	2852 	4108
f 4114 	2857 	2852
f 2857 	4092 	2867
f 4114 	4113 	2857
f 4114 	4095 	4113
f 2857 	4113 	4092
f 4113 	4095 	4092
f 4114 	4108 	4111
f 4095 	4114 	4112
f 4114 	4111 	4112
f 4115 	4116 	4117
f 4116 	4121 	4117
f 4119 	4118 	4117
f 4117 	4121 	4119
f 4115 	4120 	4121
f 4121 	4116 	4115
f 4121 	4120 	2874
f 2874 	2865 	4121
f 2817 	4115 	4122
f 2817 	2874 	4120
f 4120 	4115 	2817
f 4115 	4117 	4122
f 4123 	4122 	4118
f 4117 	4118 	4122
f 4125 	4124 	2815
f 4127 	4124 	4125
f 4127 	4126 	4124
f 4125 	2815 	4128
f 4122 	4128 	2815
f 4128 	4122 	4123
f 2817 	4122 	2815
f 2770 	2775 	4124
f 4124 	4126 	2770
f 2815 	4124 	2775
f 2778 	2770 	4126
f 2836 	4129 	2858
f 4130 	2858 	4129
f 4130 	4134 	2859
f 2859 	2858 	4130
f 4129 	4131 	4134
f 4129 	4134 	4130
f 4131 	4132 	4133
f 4133 	4134 	4131
f 4135 	4134 	4133
f 4129 	4126 	4131
f 4127 	4131 	4126
f 4127 	4132 	4131
f 4136 	4126 	4129
f 4136 	4129 	2836
f 2778 	4136 	2836
f 4136 	2778 	4126
f 4118 	4128 	4123
f 4128 	4137 	4125
f 4135 	4133 	4137
f 4138 	4137 	4118
f 4133 	4132 	4137
f 4127 	4137 	4132
f 4127 	4125 	4137
f 4128 	4118 	4137
f 4119 	4138 	4118
f 4137 	2854 	4134
f 2859 	4134 	2854
f 4137 	2863 	2854
f 4138 	2863 	4137
f 4121 	2865 	2863
f 2863 	4138 	4121
f 4121 	4138 	4119
f 4137 	4134 	4135
f 4139 	4140 	4142
f 4142 	4141 	4139
f 4144 	4143 	4142
f 4141 	4142 	4143
f 2919 	4140 	4145
f 4139 	4145 	4140
f 2926 	2919 	4145
f 4142 	4140 	2919
f 4147 	4145 	4146
f 4139 	4146 	4145
f 4145 	4147 	2926
f 4147 	2808 	2926
f 4148 	4146 	4141
f 4139 	4141 	4146
f 4149 	4148 	4143
f 4141 	4143 	4148
f 4146 	4148 	4149
f 4149 	4147 	4146
f 4151 	4153 	4152
f 4150 	4152 	4153
f 4154 	4151 	4152
f 4154 	4153 	4151
f 2792 	4155 	4150
f 2792 	4147 	4149
f 4152 	4150 	4155
f 2792 	4149 	4155
f 4156 	2793 	2792
f 4150 	4156 	2792
f 4156 	2788 	2793
f 2809 	4147 	2792
f 2809 	2808 	4147
f 4157 	4156 	4153
f 4150 	4153 	4156
f 2783 	4156 	4157
f 4157 	2814 	2783
f 2783 	2788 	4156
f 2814 	4157 	2818
f 4153 	2818 	4157
f 4158 	4160 	2906
f 4160 	4158 	4159
f 4153 	4159 	4158
f 4159 	4153 	4154
f 4158 	2906 	2911
f 2911 	4153 	4158
f 2818 	4153 	2911
f 4143 	4152 	4155
f 4149 	4143 	4155
f 4143 	4159 	4152
f 4154 	4152 	4159
f 4162 	4160 	4143
f 4143 	4161 	4162
f 4159 	4143 	4160
f 4143 	4144 	4161
f 2875 	4163 	2892
f 2906 	4160 	2875
f 4163 	4164 	2892
f 2893 	2892 	4164
f 2919 	2893 	4142
f 4164 	4142 	2893
f 4163 	4161 	4144
f 4144 	4164 	4163
f 4144 	4142 	4164
f 4161 	4163 	4162
f 2875 	4162 	4163
f 2875 	4160 	4162
f 4168 	4167 	4166
f 4165 	4169 	2900
f 2900 	4166 	4165
f 2908 	2900 	4169
f 4166 	2900 	4168
f 4170 	4169 	4171
f 4165 	4171 	4169
f 2806 	4170 	4171
f 4169 	4170 	2908
f 2908 	4170 	2806
f 4172 	4171 	4166
f 4165 	4166 	4171
f 4173 	4172 	4167
f 4166 	4167 	4172
f 4172 	4173 	4171
f 4175 	4176 	4174
f 4174 	4177 	4175
f 4174 	4178 	4173
f 4178 	4171 	4173
f 4174 	2797 	4178
f 2794 	2797 	4174
f 2800 	4178 	2797
f 4178 	2800 	2806
f 4178 	2806 	4171
f 2791 	2786 	4174
f 4176 	2791 	4174
f 2786 	2794 	4174
f 2795 	2791 	4176
f 4176 	2807 	2795
f 4180 	2924 	4179
f 2920 	2924 	4183
f 4180 	4183 	2924
f 4179 	4181 	4183
f 4179 	4183 	4180
f 4184 	4183 	4182
f 4181 	4182 	4183
f 4175 	4181 	4176
f 4179 	4176 	4181
f 4177 	4182 	4175
f 4181 	4175 	4182
f 2924 	4176 	4179
f 2924 	2807 	4176
f 4173 	4182 	4174
f 4177 	4174 	4182
f 4182 	4173 	4184
f 4185 	4184 	4173
f 4186 	4173 	4168
f 4167 	4168 	4173
f 4185 	4173 	4186
f 4186 	2899 	2895
f 2894 	2895 	2899
f 2920 	4183 	2895
f 2897 	2899 	4186
f 2900 	2897 	4168
f 4186 	4168 	2897
f 2895 	4185 	4186
f 4184 	4185 	4183
f 2895 	4183 	4185
f 2922 	4188 	4187
f 4190 	4189 	4188
f 4187 	4188 	4189
f 2907 	4188 	2922
f 2922 	4191 	2790
f 4191 	2922 	4187
f 4192 	4191 	4189
f 4187 	4189 	4191
f 4193 	4197 	4196
f 2780 	2779 	4197
f 4195 	4194 	4193
f 4197 	4193 	4194
f 4191 	4196 	2785
f 4196 	4197 	2785
f 4196 	4191 	4192
f 2785 	4197 	2779
f 2785 	2790 	4191
f 2805 	4197 	4194
f 2777 	2780 	4197
f 4197 	2799 	2777
f 4197 	2805 	2799
f 2910 	4203 	4198
f 2905 	2910 	4201
f 4198 	4201 	2910
f 4198 	4199 	4201
f 4202 	4201 	4200
f 4199 	4200 	4201
f 4198 	4194 	4199
f 4195 	4200 	4199
f 4199 	4194 	4195
f 4203 	4194 	4198
f 4203 	2910 	2805
f 2805 	4194 	4203
f 4200 	4196 	4192
f 4200 	4193 	4196
f 4193 	4200 	4195
f 4205 	4204 	4200
f 4204 	4202 	4200
f 4192 	4205 	4200
f 4189 	4190 	4205
f 4205 	4192 	4189
f 2898 	4204 	2887
f 2885 	2898 	2887
f 2905 	4201 	2898
f 2907 	2888 	4188
f 4204 	4205 	2888
f 2888 	4205 	4188
f 4190 	4188 	4205
f 2888 	2887 	4204
f 4201 	4204 	2898
f 4202 	4204 	4201
f 4206 	4207 	4208
f 4209 	4208 	4207
f 2921 	4207 	4206
f 2916 	4207 	2921
f 4206 	2804 	2921
f 2804 	4206 	4210
f 4206 	4208 	4210
f 4211 	4213 	4215
f 4215 	4212 	4211
f 4215 	4214 	4212
f 4217 	4211 	4216
f 4210 	4217 	4216
f 4211 	4217 	4213
f 4211 	4218 	4216
f 4216 	2782 	4210
f 2781 	4210 	2782
f 2782 	4216 	4218
f 2781 	2804 	4210
f 4212 	4218 	4211
f 4212 	4214 	4219
f 4219 	4218 	4212
f 2776 	2782 	4218
f 4218 	2784 	2776
f 2819 	2784 	4219
f 4218 	4219 	2784
f 4220 	4222 	4221
f 2904 	4221 	4222
f 2904 	2915 	4221
f 4220 	4225 	4223
f 4220 	4223 	4222
f 4223 	4224 	4222
f 4215 	4225 	4220
f 4220 	4214 	4215
f 4220 	4221 	4219
f 4221 	2915 	4219
f 2819 	4219 	2915
f 4220 	4219 	4214
f 4210 	4208 	4213
f 4213 	4217 	4210
f 4223 	4225 	4213
f 4215 	4213 	4225
f 4223 	4208 	4226
f 4224 	4223 	4226
f 4213 	4208 	4223
f 4208 	4209 	4227
f 4227 	4226 	4208
f 2886 	4228 	4229
f 2886 	2889 	4228
f 4228 	2889 	4222
f 4229 	4228 	4222
f 2904 	4222 	2889
f 2902 	2896 	4227
f 4207 	2902 	4227
f 2886 	4229 	2896
f 2912 	2902 	4207
f 4207 	2916 	2912
f 4209 	4207 	4227
f 4226 	2896 	4229
f 4227 	2896 	4226
f 4229 	4222 	4226
f 4226 	4222 	4224
f 4230 	4231 	4232
f 4238 	4230 	4232
f 4232 	4231 	4233
f 4234 	2881 	4230
f 4235 	4231 	4230
f 4235 	4230 	2881
f 4234 	2918 	2881
f 2881 	4231 	4235
f 2881 	2882 	4231
f 4237 	4234 	4236
f 4230 	4236 	4234
f 4234 	4237 	2918
f 2758 	2918 	4237
f 4230 	4238 	4236
f 4240 	4238 	4232
f 4239 	4237 	4238
f 4236 	4238 	4237
f 4240 	4239 	4238
f 4246 	4241 	2826
f 4241 	4243 	4245
f 4245 	4242 	4241
f 4245 	4244 	4242
f 4242 	2821 	4241
f 4246 	4237 	4239
f 4241 	4246 	4243
f 4240 	4243 	4239
f 4246 	4239 	4243
f 2826 	2758 	4246
f 4237 	4246 	2758
f 2803 	2821 	4242
f 4242 	4244 	2803
f 2826 	4241 	2821
f 2913 	4253 	4248
f 4247 	4248 	4253
f 2909 	2914 	4248
f 2913 	4248 	2914
f 4251 	4247 	4250
f 4249 	4250 	4247
f 4248 	4247 	4251
f 4249 	4244 	4252
f 4252 	4250 	4249
f 4245 	4252 	4244
f 4253 	4249 	4247
f 2925 	4253 	2913
f 2803 	4244 	4253
f 4249 	4253 	4244
f 4253 	2925 	2803
f 4254 	4250 	4232
f 4232 	4243 	4240
f 4252 	4245 	4232
f 4243 	4232 	4245
f 4251 	4250 	4254
f 4252 	4232 	4250
f 4232 	4255 	4254
f 4255 	4232 	4233
f 2903 	4256 	2884
f 2909 	4248 	2903
f 2883 	2884 	4255
f 4256 	4254 	2884
f 4255 	4231 	2883
f 4231 	2882 	2883
f 4231 	4255 	4233
f 2903 	4248 	4251
f 4251 	4256 	2903
f 4251 	4254 	4256
f 4255 	2884 	4254
f 4257 	4260 	2891
f 4259 	4258 	4260
f 4260 	4257 	4259
f 2828 	2917 	4260
f 2891 	4260 	2917
f 4262 	4260 	4258
f 4261 	2828 	4260
f 4260 	4262 	4261
f 4263 	4264 	4267
f 4265 	4263 	4266
f 4267 	4266 	4263
f 4265 	4264 	4263
f 4266 	2828 	4261
f 4262 	4266 	4261
f 4266 	4267 	2828
f 2824 	2828 	4267
f 4267 	2822 	2824
f 4267 	4264 	4268
f 4267 	4268 	2822
f 4269 	4268 	4264
f 2825 	2822 	4268
f 2827 	2825 	4269
f 4269 	2829 	2827
f 4268 	4269 	2825
f 4270 	4272 	4271
f 2880 	2923 	4271
f 4271 	4272 	2880
f 4270 	4273 	4274
f 4270 	4274 	4272
f 4276 	4274 	4275
f 4273 	4275 	4274
f 4276 	4272 	4274
f 4277 	4273 	4264
f 4270 	4264 	4273
f 4273 	4277 	4275
f 4265 	4275 	4264
f 4277 	4264 	4275
f 4271 	4264 	4270
f 4271 	2923 	2829
f 4264 	4271 	4269
f 4271 	2829 	4269
f 4265 	4266 	4258
f 4262 	4258 	4266
f 4276 	4275 	4278
f 4265 	4278 	4275
f 4279 	4265 	4259
f 4258 	4259 	4265
f 4278 	4265 	4279
f 2880 	4272 	4278
f 2879 	2880 	4278
f 4278 	2878 	2879
f 2891 	4279 	4257
f 4279 	2890 	2878
f 2890 	4279 	2891
f 4257 	4279 	4259
f 2878 	4278 	4279
f 4276 	4278 	4272
f 4280 	4282 	4283
f 4283 	4281 	4280
f 4283 	4282 	4284
f 4285 	4280 	3274
f 4285 	4282 	4280
f 4286 	3274 	4280
f 3253 	4282 	4285
f 3274 	3253 	4285
f 3208 	4286 	4287
f 3208 	3274 	4286
f 4287 	4286 	4281
f 4280 	4281 	4286
f 4288 	4287 	4283
f 4281 	4283 	4287
f 3224 	4289 	4290
f 4291 	4289 	4292
f 3224 	3222 	4289
f 4289 	4291 	4290
f 4288 	4292 	4287
f 4292 	4289 	3222
f 4292 	3222 	3208
f 4292 	3208 	4287
f 3224 	4290 	3232
f 4293 	3232 	4290
f 2830 	3232 	4293
f 2830 	4293 	2823
f 4295 	4296 	4297
f 4294 	4297 	4296
f 2927 	4295 	4297
f 4296 	4295 	2901
f 2901 	4295 	2927
f 4294 	4298 	4297
f 4297 	4298 	4299
f 4298 	4300 	4299
f 4294 	4290 	4298
f 4298 	4290 	4291
f 4296 	4290 	4294
f 4296 	2901 	2823
f 4293 	4290 	4296
f 4296 	2823 	4293
f 4292 	4288 	4283
f 4298 	4291 	4283
f 4292 	4283 	4291
f 4300 	4298 	4301
f 4283 	4302 	4298
f 4302 	4301 	4298
f 4283 	4284 	4302
f 2927 	4297 	3256
f 3246 	3243 	4302
f 3243 	3256 	4302
f 3253 	3246 	4282
f 4302 	4282 	3246
f 3243 	3246 	3244
f 3256 	4301 	4302
f 4282 	4302 	4284
f 3256 	4297 	4299
f 4300 	4301 	3256
f 3256 	4299 	4300
f 4303 	4304 	4305
f 4305 	4309 	4303
f 4307 	4306 	4305
f 4309 	4305 	4306
f 3235 	3251 	4303
f 4304 	4303 	3251
f 4305 	4304 	3251
f 3223 	3235 	4308
f 4308 	3235 	4303
f 4303 	4309 	4308
f 4310 	4309 	4306
f 4308 	4309 	4310
f 4312 	4314 	4311
f 4310 	3214 	4308
f 3214 	4313 	4311
f 3214 	4310 	4313
f 4311 	4314 	3214
f 4314 	3209 	3214
f 3223 	4308 	3214
f 3216 	4314 	4312
f 3216 	3209 	4314
f 4316 	4317 	4318
f 4315 	4318 	4317
f 3249 	4316 	4318
f 4317 	4316 	3249
f 4320 	4315 	4319
f 4318 	4315 	4320
f 4312 	4319 	4315
f 4315 	4317 	4321
f 4321 	4312 	4315
f 4317 	3233 	4321
f 4317 	3249 	3233
f 4312 	4321 	3216
f 3233 	3216 	4321
f 4313 	4306 	4311
f 4306 	4313 	4310
f 4312 	4311 	4320
f 4322 	4320 	4311
f 4319 	4312 	4320
f 4306 	4322 	4311
f 4306 	4307 	4322
f 4324 	3242 	3245
f 4318 	3245 	3249
f 4324 	4323 	3242
f 3248 	3242 	4323
f 4305 	3251 	4323
f 3248 	4323 	3251
f 4324 	4322 	4307
f 4307 	4323 	4324
f 4307 	4305 	4323
f 4320 	4324 	4318
f 3245 	4318 	4324
f 4320 	4322 	4324
f 4327 	4326 	4325
f 4329 	4328 	4327
f 4326 	4327 	4328
f 3237 	3272 	4325
f 4325 	3272 	4327
f 3272 	3267 	4327
f 3237 	4325 	3230
f 4326 	3230 	4325
f 4326 	4330 	3230
f 4331 	4330 	4328
f 4326 	4328 	4330
f 4334 	4335 	4333
f 4333 	3217 	3219
f 4331 	4332 	3219
f 4333 	3219 	4332
f 3219 	4330 	4331
f 3230 	4330 	3219
f 3210 	3212 	4333
f 4333 	3213 	3210
f 3217 	4333 	3212
f 3218 	4333 	4335
f 3218 	3213 	4333
f 3250 	3252 	4336
f 4337 	4336 	3252
f 3234 	4337 	3252
f 4340 	4339 	4338
f 4337 	4338 	4339
f 4339 	4336 	4337
f 4334 	4338 	4335
f 4337 	4335 	4338
f 4337 	3234 	4335
f 4335 	3234 	3218
f 4341 	4332 	4328
f 4331 	4328 	4332
f 4338 	4333 	4332
f 4332 	4341 	4338
f 4338 	4334 	4333
f 4340 	4338 	4341
f 4328 	4342 	4341
f 4342 	4328 	4329
f 3250 	4336 	3247
f 3241 	4341 	3260
f 3265 	3260 	4342
f 3265 	4342 	3267
f 3247 	4341 	3241
f 4342 	3260 	4341
f 4327 	3267 	4342
f 4329 	4327 	4342
f 4339 	3247 	4336
f 4340 	4341 	3247
f 3247 	4339 	4340
f 4343 	3270 	4344
f 4343 	3238 	3270
f 3228 	3239 	4345
f 3238 	4345 	3239
f 3238 	4343 	4345
f 4349 	4351 	4346
f 4347 	4348 	4351
f 4349 	4347 	4351
f 4351 	3211 	4350
f 4350 	3225 	4345
f 4351 	4350 	4346
f 3228 	4345 	3225
f 3225 	4350 	3211
f 4352 	4351 	4348
f 3211 	4351 	4352
f 4352 	3231 	3211
f 3236 	4353 	3276
f 4354 	3276 	4353
f 3276 	4354 	3271
f 3271 	4354 	4355
f 4355 	3268 	3271
f 4356 	4354 	4353
f 4359 	4356 	4357
f 4358 	4355 	4356
f 4354 	4356 	4355
f 4356 	4359 	4358
f 4353 	4348 	4356
f 4347 	4356 	4348
f 4349 	4357 	4356
f 4356 	4347 	4349
f 3236 	4348 	4353
f 4348 	3236 	4352
f 3231 	4352 	3236
f 4350 	4343 	4346
f 4357 	4346 	4343
f 4343 	4350 	4345
f 4349 	4346 	4357
f 4359 	4357 	4360
f 4357 	4343 	4360
f 4344 	4360 	4343
f 3261 	3264 	4361
f 4361 	3264 	4355
f 3268 	4355 	3264
f 3257 	3254 	4362
f 3263 	3257 	4362
f 3263 	4362 	3270
f 3254 	4361 	4362
f 4361 	4360 	4344
f 4344 	4362 	4361
f 4344 	3270 	4362
f 3254 	3261 	4361
f 4358 	4361 	4355
f 4359 	4360 	4361
f 4361 	4358 	4359
f 3277 	3279 	4363
f 4364 	4363 	3279
f 3277 	4365 	3278
f 3227 	3278 	4365
f 4366 	3227 	4365
f 3277 	4363 	4365
f 4365 	4363 	4366
f 4370 	4367 	4368
f 4370 	4369 	4367
f 4366 	4368 	4371
f 4367 	4371 	4368
f 4371 	4367 	3221
f 3215 	3221 	4367
f 4371 	3221 	4366
f 3227 	4366 	3221
f 4367 	4369 	3229
f 4367 	3229 	3226
f 4367 	3226 	3215
f 3266 	4372 	4373
f 4375 	4373 	4374
f 4375 	3266 	4373
f 4376 	4373 	4369
f 4372 	4369 	4373
f 4370 	4376 	4369
f 4370 	4374 	4376
f 4373 	4376 	4374
f 4372 	3266 	3240
f 3240 	4369 	4372
f 3229 	4369 	3240
f 4377 	4370 	4368
f 4368 	4363 	4377
f 4366 	4363 	4368
f 4374 	4370 	4377
f 4374 	4377 	4378
f 4374 	4378 	4375
f 4363 	4364 	4377
f 3262 	4378 	3258
f 3275 	3269 	4364
f 4364 	3279 	3275
f 3259 	4379 	3269
f 4379 	4377 	4364
f 4364 	3269 	4379
f 4379 	3258 	4378
f 3259 	3258 	4379
f 3262 	3266 	4378
f 4375 	4378 	3266
f 4379 	4378 	4377
f 4382 	4380 	4381
f 2502 	4381 	4380
f 4383 	4381 	2502
f 4383 	4382 	4381
f 2505 	2502 	4380
f 2506 	2505 	4380
f 4380 	2467 	2506
f 4382 	2467 	4380
f 4384 	2467 	4382
f 4382 	4385 	4384
f 2463 	4386 	4387
f 2471 	2469 	4387
f 2474 	2471 	4387
f 4388 	2474 	4387
f 4386 	2463 	4389
f 4389 	2464 	4384
f 2467 	4384 	2464
f 4386 	4389 	4385
f 4389 	4384 	4385
f 2464 	4389 	2463
f 2468 	2467 	2464
f 2463 	4387 	2469
f 2499 	4393 	4390
f 2499 	2493 	4393
f 4393 	4391 	4392
f 4392 	4390 	4393
f 2500 	2499 	4390
f 2498 	2500 	4390
f 4390 	4392 	2498
f 2493 	2474 	4393
f 4388 	4391 	4393
f 4393 	2474 	4388
f 4385 	4382 	4386
f 4388 	4387 	4391
f 4387 	4386 	4394
f 4394 	4392 	4391
f 4391 	4387 	4394
f 4382 	4395 	4386
f 4394 	4386 	4395
f 4383 	4395 	4382
f 2495 	4395 	2501
f 2495 	4394 	4395
f 4383 	2502 	2501
f 2501 	4395 	4383
f 4392 	4394 	2498
f 2494 	2498 	4394
f 2495 	2494 	4394
f 4399 	4397 	4396
f 3437 	4398 	4396
f 4397 	4399 	4401
f 4401 	4400 	4397
f 4399 	4396 	4398
f 3435 	3437 	4396
f 3422 	3435 	4396
f 3419 	3422 	4396
f 4396 	4397 	4402
f 4403 	4402 	4400
f 4397 	4400 	4402
f 4402 	3419 	4396
f 4404 	2476 	4405
f 2477 	4405 	2476
f 4406 	4404 	4405
f 4406 	2465 	4404
f 2476 	4404 	2465
f 3416 	4405 	2477
f 4402 	3416 	3419
f 3416 	4402 	4403
f 4403 	4405 	3416
f 2477 	3425 	3416
f 2477 	2478 	3425
f 4409 	4407 	4408
f 2503 	4407 	4410
f 4411 	4410 	4409
f 4407 	4409 	4410
f 2466 	4412 	2503
f 4412 	4407 	2503
f 4406 	4412 	2466
f 4407 	4412 	4406
f 4406 	4408 	4407
f 2465 	4406 	2466
f 4403 	4400 	4405
f 4411 	4409 	4400
f 4405 	4400 	4408
f 4408 	4400 	4409
f 4406 	4405 	4408
f 4400 	4413 	4411
f 4413 	4400 	4401
f 3437 	3438 	4398
f 3438 	3440 	4414
f 4414 	4415 	3438
f 4414 	4413 	4401
f 4401 	4415 	4414
f 4415 	4399 	3438
f 3438 	4399 	4398
f 4401 	4399 	4415
f 2504 	4414 	3440
f 2504 	2503 	4410
f 4414 	2504 	4413
f 4411 	4413 	4410
f 2504 	4410 	4413
f 4416 	3444 	4417
f 4417 	3444 	4418
f 3444 	4416 	3415
f 4416 	3426 	3415
f 4417 	3426 	4416
f 3426 	4417 	4419
f 3420 	4420 	4421
f 4422 	4420 	4425
f 4424 	4423 	4420
f 4421 	4420 	4423
f 4420 	4422 	4424
f 4420 	3420 	4425
f 4425 	3426 	4419
f 3420 	3431 	4425
f 3427 	3426 	4425
f 4425 	3431 	3427
f 4421 	3417 	3420
f 3418 	4421 	4423
f 4423 	3421 	3418
f 3418 	3417 	4421
f 4429 	4427 	3434
f 4426 	3436 	3434
f 4426 	3434 	4427
f 4428 	3436 	4427
f 4426 	4427 	3436
f 3434 	3424 	4429
f 3424 	3423 	4423
f 4424 	4429 	4423
f 3424 	4423 	4429
f 4424 	4427 	4429
f 3423 	3421 	4423
f 4425 	4419 	4417
f 4424 	4422 	4425
f 4428 	4427 	4430
f 4424 	4425 	4430
f 4424 	4430 	4427
f 4418 	4430 	4417
f 4425 	4417 	4430
f 3439 	4431 	3443
f 3439 	4432 	4431
f 4431 	3444 	3443
f 4431 	4430 	4418
f 4418 	3444 	4431
f 4432 	3439 	3436
f 4428 	4430 	4432
f 4430 	4431 	4432
f 4432 	3436 	4428
f 4433 	4434 	2402
f 2385 	2402 	4434
f 4436 	4433 	2402
f 4434 	4433 	4436
f 4436 	4435 	4434
f 2383 	2385 	4437
f 4434 	4437 	2385
f 4438 	4437 	4435
f 4434 	4435 	4437
f 2383 	4437 	4438
f 3429 	3432 	4439
f 3433 	4439 	3432
f 3430 	3429 	4439
f 4440 	3428 	3430
f 4441 	4440 	4439
f 3430 	4439 	4440
f 2387 	4442 	3433
f 2387 	2383 	4438
f 4438 	4442 	2387
f 4443 	4439 	4442
f 3433 	4442 	4439
f 4438 	4443 	4442
f 2386 	2383 	2387
f 3445 	3414 	4445
f 4445 	4446 	3445
f 4444 	3445 	4446
f 3442 	4444 	4447
f 3442 	3445 	4444
f 4448 	4447 	4446
f 4444 	4446 	4447
f 3414 	3428 	4440
f 4440 	4445 	3414
f 4449 	4446 	4440
f 4445 	4440 	4446
f 4441 	4449 	4440
f 4438 	4439 	4443
f 4439 	4449 	4441
f 4450 	4446 	4449
f 4439 	4450 	4449
f 4450 	4448 	4446
f 4439 	4438 	4450
f 4436 	4450 	4435
f 4438 	4435 	4450
f 4451 	4450 	2398
f 4450 	4436 	2398
f 2398 	4436 	2402
f 4451 	2398 	3441
f 4447 	4451 	3442
f 4451 	3441 	3442
f 4448 	4450 	4451
f 4451 	4447 	4448
f 2395 	2380 	4452
f 4454 	4453 	4452
f 4452 	2380 	4454
f 4455 	2393 	4452
f 2395 	4452 	2393
f 4456 	4455 	4453
f 4452 	4453 	4455
f 4455 	4456 	2393
f 2392 	4458 	2394
f 4457 	2396 	2394
f 4459 	2394 	4458
f 4457 	2394 	4459
f 2396 	4457 	2388
f 4459 	2388 	4457
f 4460 	4458 	2392
f 4460 	2392 	4456
f 2393 	4456 	2392
f 4463 	2382 	4461
f 2403 	2404 	4462
f 2389 	2382 	4462
f 4462 	2404 	2389
f 4463 	4462 	2382
f 4461 	2382 	2384
f 2388 	4461 	2384
f 4461 	2388 	4459
f 4459 	4460 	4461
f 4459 	4458 	4460
f 4463 	4461 	4460
f 4463 	4460 	4464
f 4465 	4464 	4456
f 4454 	4465 	4453
f 4456 	4453 	4465
f 4460 	4456 	4464
f 4465 	2400 	4464
f 2380 	2381 	2400
f 2380 	2400 	4454
f 4465 	4454 	2400
f 2401 	4466 	2400
f 4466 	2401 	4462
f 2403 	4462 	2401
f 4463 	4464 	4466
f 4464 	2400 	4466
f 4466 	4462 	4463
f 4468 	4467 	3066
f 3066 	3060 	4468
f 4469 	3066 	4467
f 4469 	3067 	3066
f 3072 	4471 	3073
f 3072 	4470 	4471
f 3086 	3073 	4471
f 4472 	4470 	3072
f 3072 	3069 	4472
f 3067 	4469 	3068
f 4472 	3069 	3068
f 4472 	3068 	4469
f 2391 	4473 	4474
f 4473 	4475 	4476
f 4476 	4474 	4473
f 3049 	2391 	4474
f 4474 	4476 	3049
f 4477 	4473 	2391
f 2391 	2390 	3086
f 2391 	3086 	4477
f 4471 	4475 	4477
f 4473 	4477 	4475
f 4477 	3086 	4471
f 4470 	4467 	4475
f 4478 	4475 	4467
f 4472 	4467 	4470
f 4467 	4472 	4469
f 4471 	4470 	4475
f 4476 	4475 	4478
f 4468 	4479 	4467
f 4478 	4467 	4479
f 4479 	3059 	4478
f 3058 	4478 	3059
f 4468 	3060 	4479
f 3059 	4479 	3060
f 3058 	3117 	4478
f 4476 	4478 	3049
f 3117 	3049 	4478
f 4481 	4480 	3063
f 3070 	3063 	4480
f 4481 	3063 	4482
f 4480 	3115 	3085
f 3085 	3070 	4480
f 4480 	4481 	4484
f 4484 	4483 	4480
f 4484 	3115 	4483
f 4480 	4483 	3115
f 3113 	3112 	3110
f 3110 	4485 	3113
f 4486 	3084 	4485
f 3113 	4485 	3084
f 3110 	4487 	4488
f 4488 	4485 	3110
f 4487 	3115 	4484
f 4484 	4488 	4487
f 3107 	4487 	3110
f 3107 	3105 	4487
f 3105 	3115 	4487
f 3064 	4489 	4490
f 3061 	3064 	4490
f 4491 	3061 	4490
f 4492 	4489 	3084
f 3064 	3084 	4489
f 4489 	4492 	4486
f 4486 	4490 	4489
f 4492 	3084 	4486
f 4481 	4491 	4484
f 4491 	4486 	4484
f 4485 	4488 	4484
f 4485 	4484 	4486
f 4486 	4491 	4490
f 4493 	4491 	4482
f 4481 	4482 	4491
f 3056 	3052 	4494
f 4482 	4494 	4493
f 3052 	4493 	4494
f 4494 	3063 	3056
f 4482 	3063 	4494
f 4493 	3052 	4495
f 3055 	3061 	4495
f 3055 	4495 	3052
f 4491 	4493 	3061
f 4495 	3061 	4493
f 4498 	3096 	4496
f 3087 	4496 	3096
f 4499 	4496 	3087
f 4499 	4498 	4496
f 4497 	4499 	3087
f 3087 	3076 	4497
f 4500 	3096 	4498
f 4501 	4500 	4498
f 4501 	3096 	4500
f 4505 	4502 	3108
f 3111 	3109 	4502
f 4503 	3116 	4502
f 3111 	4502 	3116
f 3108 	4504 	4505
f 4501 	4505 	3096
f 4504 	3096 	4505
f 4506 	4502 	4505
f 4505 	4501 	4506
f 4504 	3108 	3104
f 3104 	3096 	4504
f 3108 	4502 	3109
f 4509 	3065 	4508
f 4507 	4508 	3065
f 3065 	4509 	3062
f 3065 	3116 	4507
f 4503 	4507 	3116
f 4503 	4508 	4507
f 4498 	4506 	4501
f 4502 	4506 	4508
f 4503 	4502 	4508
f 4506 	4511 	4508
f 4510 	4508 	4511
f 4510 	4509 	4508
f 4499 	4506 	4498
f 4499 	4511 	4506
f 3076 	3075 	4497
f 4510 	4511 	3051
f 3053 	3051 	4511
f 3053 	4511 	4497
f 4497 	3075 	3053
f 4499 	4497 	4511
f 3062 	4510 	3057
f 3051 	3057 	4510
f 3062 	4509 	4510
f 4513 	3103 	4512
f 3080 	4512 	3103
f 4514 	4512 	3080
f 4514 	4513 	4512
f 3103 	4513 	4515
f 3092 	3103 	4515
f 4513 	4516 	4515
f 3095 	3094 	4517
f 3095 	4517 	4518
f 3095 	4518 	3101
f 4519 	3101 	4518
f 4518 	4517 	4520
f 3090 	4520 	4517
f 3090 	3092 	4515
f 4515 	4520 	3090
f 4516 	4520 	4515
f 3093 	3090 	4517
f 4517 	3094 	3093
f 3054 	4521 	4523
f 3114 	4521 	3054
f 4521 	4522 	4523
f 4524 	4523 	4522
f 3114 	3101 	4521
f 4519 	4522 	4521
f 4521 	3101 	4519
f 4526 	4525 	4520
f 4516 	4513 	4520
f 4519 	4518 	4522
f 4518 	4520 	4525
f 4524 	4522 	4525
f 4518 	4525 	4522
f 4520 	4513 	4526
f 4514 	4526 	4513
f 3074 	4514 	3078
f 3078 	4514 	3080
f 3080 	3082 	3078
f 3074 	4526 	4514
f 4523 	3050 	3054
f 4525 	4526 	3050
f 3074 	3050 	4526
f 4524 	4525 	4523
f 3050 	4523 	4525
f 3102 	3083 	4527
f 4529 	4528 	4527
f 4527 	3083 	4529
f 3102 	4527 	3106
f 4530 	3099 	3106
f 4530 	3106 	4527
f 4531 	4530 	4528
f 4527 	4528 	4530
f 3099 	4530 	3098
f 3097 	4534 	3089
f 4533 	3091 	4532
f 3089 	4532 	3091
f 4534 	3098 	4530
f 4532 	3089 	4534
f 4531 	4534 	4530
f 3097 	3098 	4534
f 3088 	4535 	4536
f 3088 	3100 	4535
f 4535 	4533 	4536
f 4537 	4536 	4533
f 3079 	3088 	4538
f 4536 	4538 	3088
f 4536 	4537 	4538
f 3100 	3091 	4535
f 4535 	3091 	4533
f 4532 	4534 	4539
f 4528 	4539 	4534
f 4528 	4534 	4531
f 4533 	4532 	4539
f 4533 	4539 	4537
f 4538 	4537 	4539
f 4529 	4540 	4528
f 4539 	4528 	4540
f 4539 	4540 	3077
f 3083 	3077 	4540
f 4529 	3083 	4540
f 4538 	3071 	3079
f 3077 	3071 	4539
f 3071 	4538 	4539
f 2968 	2958 	4541
f 4542 	4541 	2958
f 2958 	2954 	4542
f 2968 	4541 	2965
f 2965 	4541 	4543
f 2969 	4544 	2971
f 2972 	2971 	4544
f 4546 	2972 	4544
f 4545 	2973 	2972
f 2972 	4546 	4545
f 4543 	4544 	2965
f 2969 	2965 	4544
f 2969 	2971 	2970
f 2956 	4547 	2950
f 4547 	4548 	4549
f 4549 	2950 	4547
f 2978 	2973 	4545
f 4545 	4547 	2978
f 2978 	4547 	2956
f 2956 	2959 	2978
f 4546 	4548 	4545
f 4547 	4545 	4548
f 4546 	4544 	4551
f 4543 	4541 	4544
f 4551 	4544 	4541
f 4551 	4548 	4546
f 4548 	4551 	4550
f 4548 	4550 	4549
f 4542 	4551 	4541
f 2944 	2947 	4551
f 2947 	4550 	4551
f 4551 	4542 	2944
f 2954 	2944 	4542
f 2950 	4550 	2949
f 2947 	2949 	4550
f 4549 	4550 	2950
f 2964 	2977 	4552
f 4553 	4554 	4552
f 4552 	2977 	4553
f 2964 	4552 	4554
f 4554 	2961 	2964
f 4555 	2961 	4554
f 4557 	4556 	4559
f 2962 	4559 	4556
f 2962 	4556 	2966
f 4556 	4557 	4558
f 4558 	2966 	4556
f 2962 	2960 	4559
f 2960 	2961 	4559
f 4559 	2961 	4555
f 4562 	4560 	4561
f 4560 	2975 	4561
f 2975 	4560 	2951
f 4560 	4562 	2951
f 2975 	2966 	4561
f 4561 	2966 	4558
f 4559 	4564 	4557
f 4555 	4554 	4559
f 4564 	4559 	4554
f 4561 	4558 	4557
f 4563 	4562 	4557
f 4561 	4557 	4562
f 4563 	4557 	4564
f 4553 	4564 	4554
f 2952 	4563 	2953
f 4564 	2955 	4563
f 2955 	2953 	4563
f 2977 	2955 	4553
f 4564 	4553 	2955
f 2948 	2945 	4565
f 4565 	4563 	2948
f 2951 	4565 	2945
f 2952 	2948 	4563
f 4563 	4565 	4562
f 2951 	4562 	4565
f 4566 	2686 	2641
f 4566 	2641 	4567
f 4568 	2686 	4566
f 2686 	4568 	2664
f 2976 	2979 	4570
f 2689 	4570 	2979
f 4571 	4570 	4569
f 2689 	4569 	4570
f 4570 	2963 	2976
f 2612 	4569 	2689
f 4572 	4569 	2612
f 4568 	4572 	2664
f 2612 	2664 	4572
f 4574 	2967 	4573
f 2967 	4574 	2974
f 2967 	2963 	4573
f 4570 	4573 	2963
f 4573 	4570 	4571
f 4572 	4568 	4566
f 4571 	4569 	4573
f 4572 	4573 	4569
f 4573 	4572 	4576
f 4576 	4575 	4573
f 4573 	4575 	4574
f 4567 	4576 	4566
f 4572 	4566 	4576
f 2597 	2596 	4576
f 4567 	2641 	4576
f 2597 	4576 	2641
f 4575 	4576 	2957
f 2596 	2957 	4576
f 2957 	2974 	4575
f 4574 	4575 	2974
f 2684 	2572 	4578
f 4578 	4577 	2684
f 2572 	2571 	4578
f 4580 	2684 	4577
f 2663 	2684 	4579
f 2684 	4580 	4579
f 2589 	4582 	2610
f 4581 	2611 	2610
f 2653 	4582 	2589
f 4584 	4581 	4582
f 4581 	2610 	4582
f 2611 	4581 	4583
f 4583 	2636 	2611
f 4584 	4583 	4581
f 2653 	2655 	4585
f 2663 	4579 	4585
f 4585 	2655 	2663
f 2653 	4585 	4582
f 4580 	4582 	4579
f 4585 	4579 	4582
f 2661 	4586 	4589
f 4589 	2642 	2661
f 4586 	4587 	4588
f 4588 	4589 	4586
f 4590 	4589 	4588
f 2661 	2636 	4586
f 4583 	4586 	2636
f 4584 	4587 	4586
f 4586 	4583 	4584
f 4577 	4578 	4580
f 4582 	4580 	4578
f 4578 	4590 	4584
f 4584 	4582 	4578
f 4590 	4587 	4584
f 4590 	4578 	4591
f 4590 	4588 	4587
f 2576 	4578 	2567
f 2567 	4578 	2571
f 2620 	4578 	2621
f 2621 	4578 	2595
f 2620 	2642 	4589
f 4591 	4578 	2620
f 2576 	2595 	4578
f 4590 	4591 	4589
f 2620 	4589 	4591
f 4592 	4593 	2668
f 4594 	2668 	4593
f 2668 	2643 	4592
f 2667 	2668 	4594
f 4595 	4594 	4593
f 2652 	4596 	2654
f 2652 	2588 	4596
f 2654 	4596 	4599
f 4597 	4599 	4596
f 4598 	2659 	2654
f 2654 	4599 	4598
f 2588 	2604 	4596
f 2617 	4594 	2604
f 2617 	2667 	4594
f 4596 	2604 	4597
f 2604 	4594 	4595
f 4595 	4597 	2604
f 4601 	2598 	4600
f 2670 	4600 	2598
f 4600 	4602 	4603
f 4603 	4601 	4600
f 2598 	4601 	4603
f 2670 	2659 	4600
f 4598 	4600 	2659
f 4599 	4602 	4600
f 4600 	4598 	4599
f 4605 	4597 	4593
f 4599 	4597 	4602
f 4602 	4597 	4605
f 4595 	4593 	4597
f 4604 	4602 	4605
f 4602 	4604 	4603
f 4592 	4605 	4593
f 2565 	4605 	2632
f 2637 	2632 	4606
f 2632 	4605 	4606
f 2638 	2637 	4606
f 4606 	4592 	2638
f 2643 	2638 	4592
f 4605 	4592 	4606
f 2566 	2568 	4607
f 4607 	4605 	2566
f 2573 	2598 	4603
f 4603 	4607 	2573
f 2568 	2573 	4607
f 4604 	4605 	4607
f 2565 	2566 	4605
f 4607 	4603 	4604
f 4609 	4608 	2569
f 2569 	2563 	4609
f 4611 	4610 	4608
f 4610 	2569 	4608
f 2574 	2569 	4610
f 4610 	4611 	2574
f 4612 	2608 	2603
f 2603 	2585 	4612
f 2613 	4612 	4613
f 4613 	2616 	2613
f 2613 	2608 	4612
f 2580 	4614 	2585
f 4612 	2585 	4614
f 4614 	2580 	2574
f 4611 	4614 	2574
f 2650 	4616 	4615
f 4615 	2644 	2650
f 4617 	4615 	4616
f 4615 	4617 	2644
f 2639 	2644 	4617
f 4618 	4616 	2616
f 2650 	2616 	4616
f 4613 	4618 	2616
f 4616 	4618 	4613
f 4614 	4611 	4608
f 4613 	4612 	4619
f 4619 	4612 	4608
f 4619 	4616 	4613
f 4614 	4608 	4612
f 4608 	4609 	4619
f 4619 	4617 	4616
f 2555 	2554 	4609
f 2555 	4609 	2563
f 4619 	4609 	2633
f 2633 	4609 	2561
f 2554 	2561 	4609
f 4619 	2633 	4617
f 2639 	4617 	2633
f 4621 	4620 	2649
f 4620 	2749 	2657
f 2657 	2649 	4620
f 4620 	4622 	2749
f 2722 	4624 	2714
f 4623 	2581 	2714
f 4625 	4623 	4624
f 4623 	2714 	4624
f 2581 	4623 	2575
f 4626 	2575 	4623
f 4623 	4625 	4626
f 4622 	4624 	2744
f 2722 	2744 	4624
f 2744 	2749 	4622
f 4627 	2564 	2570
f 4627 	4628 	4629
f 2564 	4627 	4629
f 4630 	4627 	2575
f 2570 	2575 	4627
f 4626 	4630 	2575
f 4627 	4630 	4626
f 4626 	4628 	4627
f 4624 	4622 	4620
f 4620 	4631 	4624
f 4624 	4631 	4626
f 4631 	4628 	4626
f 4625 	4624 	4626
f 4631 	4629 	4628
f 4631 	4620 	4632
f 4621 	4632 	4620
f 2552 	4631 	2628
f 2635 	2628 	4633
f 4632 	4633 	4631
f 4633 	2649 	2635
f 2649 	4633 	4621
f 4632 	4621 	4633
f 2558 	4631 	2559
f 2559 	4631 	2552
f 4629 	2558 	2564
f 4633 	2628 	4631
f 2558 	4629 	4631
f 2605 	2599 	4635
f 4635 	4634 	2605
f 4637 	4636 	4635
f 4634 	4635 	4636
f 4638 	2618 	4634
f 2605 	4634 	2618
f 4639 	4638 	4636
f 4634 	4636 	4638
f 2751 	2618 	4638
f 4638 	4639 	2751
f 2713 	4642 	4641
f 4640 	4641 	4642
f 4641 	4640 	4644
f 4644 	4643 	4641
f 4640 	4642 	4644
f 2713 	2737 	4642
f 2745 	4645 	2737
f 4642 	2737 	4645
f 4639 	4645 	2751
f 2745 	2751 	4645
f 2719 	2713 	4641
f 2721 	2719 	4641
f 4641 	4643 	2721
f 4643 	2748 	2721
f 4646 	2640 	2658
f 4646 	4647 	4648
f 4648 	2640 	4646
f 2662 	4646 	2658
f 2672 	2690 	4643
f 4643 	4644 	2672
f 2672 	4644 	2662
f 4646 	2662 	4644
f 4644 	4647 	4646
f 2690 	2748 	4643
f 4642 	4645 	4636
f 4645 	4639 	4636
f 4642 	4636 	4647
f 4644 	4642 	4647
f 4650 	4649 	4647
f 4650 	4647 	4636
f 4637 	4650 	4636
f 4648 	4647 	4649
f 2550 	4649 	2583
f 4650 	2583 	4649
f 2591 	2583 	4650
f 4635 	2599 	2591
f 4637 	4635 	4650
f 2591 	4650 	4635
f 4648 	4649 	2629
f 2550 	2629 	4649
f 2629 	2640 	4648
f 4651 	4652 	2556
f 2752 	2556 	4652
f 2551 	4651 	2556
f 4654 	4653 	4651
f 4652 	4651 	4653
f 4651 	2551 	4654
f 4652 	4653 	4656
f 2724 	4652 	4655
f 2724 	2752 	4652
f 4656 	4655 	4652
f 2708 	4656 	4657
f 2750 	4657 	4658
f 2720 	2708 	2718
f 2720 	2724 	4655
f 2708 	2720 	4656
f 2720 	4655 	4656
f 2708 	4657 	2731
f 4657 	2732 	2731
f 2736 	2732 	4657
f 4657 	2750 	2736
f 4660 	2627 	4659
f 4659 	4661 	4662
f 4662 	4660 	4659
f 2619 	4660 	2600
f 2619 	2627 	4660
f 4662 	2600 	4660
f 2627 	2688 	4659
f 4658 	2688 	2750
f 4659 	2688 	4658
f 4658 	4661 	4659
f 4663 	4661 	4653
f 4656 	4653 	4661
f 4658 	4657 	4661
f 4662 	4661 	4663
f 4657 	4656 	4661
f 4663 	4653 	4654
f 2546 	2548 	4663
f 4663 	4664 	2546
f 2543 	2546 	4664
f 4654 	4664 	4663
f 4664 	2551 	2543
f 4654 	2551 	4664
f 2592 	4663 	2584
f 2548 	2584 	4663
f 4663 	2592 	4662
f 2592 	2600 	4662
f 2660 	2656 	4665
f 4665 	2656 	4666
f 4667 	2743 	2660
f 4668 	4667 	4665
f 4667 	2660 	4665
f 2743 	4667 	2740
f 4667 	4668 	2740
f 4673 	4669 	2717
f 2734 	4673 	2717
f 4670 	2717 	4669
f 4671 	2723 	4670
f 2734 	4672 	4673
f 2740 	4673 	4672
f 2746 	2740 	4672
f 4668 	4669 	4673
f 4673 	2740 	4668
f 2734 	2738 	4672
f 4672 	2738 	2746
f 2734 	2717 	2707
f 2715 	2707 	2717
f 2717 	4670 	2723
f 4674 	4675 	4676
f 4676 	2666 	4674
f 2666 	4676 	2557
f 4677 	4674 	2687
f 2666 	2687 	4674
f 2687 	2723 	4677
f 4671 	4677 	2723
f 4674 	4677 	4671
f 4671 	4675 	4674
f 4668 	4665 	4669
f 4670 	4669 	4665
f 4670 	4678 	4675
f 4676 	4675 	4678
f 4671 	4670 	4675
f 4670 	4665 	4666
f 4678 	4670 	4666
f 2547 	4678 	2645
f 2647 	2645 	4678
f 4678 	2656 	2647
f 4678 	4666 	2656
f 2544 	4678 	2545
f 2557 	2544 	2553
f 4676 	4678 	2544
f 2547 	2545 	4678
f 2544 	2557 	4676
f 4679 	4681 	2622
f 2615 	4679 	2622
f 2727 	2622 	4681
f 4679 	2615 	4680
f 4682 	4681 	4679
f 2706 	4681 	2704
f 2706 	2727 	4681
f 4682 	2704 	4681
f 2705 	4683 	2739
f 4684 	2742 	4683
f 2739 	4683 	2742
f 4685 	4684 	4683
f 4686 	4683 	2705
f 4686 	2704 	4682
f 2702 	4686 	2705
f 2702 	2701 	4686
f 2701 	2704 	4686
f 2705 	2739 	2733
f 2651 	2669 	4687
f 4687 	4688 	4690
f 4689 	2651 	4687
f 4690 	4689 	4687
f 2669 	2681 	4684
f 4684 	4687 	2669
f 2681 	4691 	4684
f 4691 	2742 	4684
f 4687 	4684 	4692
f 4692 	4688 	4687
f 4685 	4692 	4684
f 2681 	2742 	4691
f 4686 	4679 	4693
f 4686 	4693 	4683
f 4679 	4686 	4682
f 4693 	4688 	4692
f 4692 	4685 	4693
f 4683 	4693 	4685
f 4690 	4688 	4693
f 4680 	4694 	4679
f 4693 	4679 	4694
f 2606 	2601 	4693
f 4693 	4694 	2606
f 2609 	2606 	4694
f 4680 	2615 	4694
f 2609 	4694 	2615
f 2646 	2648 	4695
f 4695 	4693 	2646
f 2601 	2646 	4693
f 2648 	2651 	4689
f 4689 	4695 	2648
f 4693 	4695 	4690
f 4695 	4689 	4690
f 4697 	4696 	4698
f 4698 	2496 	4697
f 4698 	2472 	2496
f 4699 	4698 	4696
f 4699 	2472 	4698
f 4702 	4700 	2470
f 4700 	2490 	2473
f 4700 	4702 	2490
f 4703 	2490 	4702
f 4701 	4702 	2470
f 2470 	2472 	4699
f 4701 	2470 	4699
f 4700 	2473 	2470
f 2487 	2485 	4704
f 4704 	4705 	2487
f 4706 	2487 	4705
f 2487 	4706 	2520
f 2490 	4704 	2485
f 4703 	4705 	4704
f 4704 	2490 	4703
f 4697 	4707 	4699
f 4696 	4697 	4699
f 4703 	4702 	4705
f 4701 	4705 	4702
f 4701 	4707 	4705
f 4706 	4705 	4707
f 4701 	4699 	4707
f 4707 	4697 	4708
f 2518 	2517 	4709
f 2516 	4708 	4709
f 4709 	2517 	2516
f 4707 	4708 	2516
f 2518 	4709 	2496
f 2496 	4709 	4697
f 4708 	4697 	4709
f 2516 	2514 	4707
f 2515 	2520 	4706
f 4706 	4707 	2515
f 2514 	2515 	4707
f 4710 	4711 	2486
f 4715 	2486 	4711
f 4710 	2486 	2519
f 4711 	4710 	4713
f 4713 	4712 	4711
f 4710 	2519 	4713
f 2486 	4714 	2491
f 4716 	4715 	4712
f 4711 	4712 	4715
f 4715 	4714 	2486
f 4717 	2483 	2492
f 4719 	4717 	4718
f 2492 	4718 	4717
f 4719 	2482 	4717
f 2483 	4717 	2482
f 4715 	2492 	2489
f 2489 	4714 	4715
f 2492 	4715 	4716
f 4716 	4718 	2492
f 2488 	4714 	2489
f 2488 	2491 	4714
f 2480 	4720 	2507
f 4720 	4721 	2507
f 4722 	2507 	4721
f 2510 	2507 	4722
f 2484 	4719 	2481
f 2480 	2481 	4720
f 2484 	2482 	4719
f 4720 	2481 	4719
f 4719 	4721 	4720
f 4719 	4716 	4721
f 4719 	4718 	4716
f 4724 	4723 	4716
f 4721 	4716 	4723
f 4721 	4723 	4722
f 4713 	4724 	4712
f 4716 	4712 	4724
f 2512 	4713 	2519
f 2512 	2511 	4724
f 4724 	4713 	2512
f 4723 	4724 	2509
f 4724 	2511 	2509
f 4722 	4723 	2510
f 4723 	2509 	2510
f 3919 	4725 	3894
f 4725 	4726 	3894
f 3918 	3916 	4727
f 4727 	4725 	3918
f 3919 	3918 	4725
f 4727 	4726 	4725
f 3894 	4726 	3901
f 3900 	3901 	4728
f 4726 	4728 	3901
f 4730 	4729 	3896
f 3896 	4729 	4731
f 4729 	4730 	4732
f 4732 	4731 	4729
f 3896 	4733 	4734
f 4734 	4730 	3896
f 4728 	4734 	3900
f 4733 	3900 	4734
f 4728 	4730 	4734
f 3898 	4733 	3896
f 3898 	3899 	4733
f 4733 	3899 	3900
f 3902 	3896 	4731
f 4735 	3917 	3895
f 4736 	3917 	4735
f 4736 	3914 	3917
f 3905 	3906 	4731
f 4731 	4732 	3905
f 4735 	3895 	3905
f 4735 	3905 	4732
f 3906 	3902 	4731
f 4728 	4726 	4737
f 4728 	4737 	4730
f 4732 	4730 	4735
f 4737 	4735 	4730
f 4737 	4736 	4735
f 4727 	4738 	4726
f 4737 	4726 	4738
f 3912 	4738 	3911
f 4737 	4738 	3912
f 3916 	3911 	4727
f 3911 	4738 	4727
f 3913 	3914 	4736
f 4736 	4737 	3913
f 3912 	3913 	4737
f 4743 	3915 	4740
f 4739 	3920 	3910
f 3910 	3909 	4740
f 4739 	3910 	4740
f 4742 	4741 	4740
f 3909 	4742 	4740
f 4739 	4740 	3915
f 3915 	3920 	4739
f 3903 	3915 	4743
f 4743 	4744 	3903
f 4744 	4743 	4740
f 4745 	4744 	4741
f 4740 	4741 	4744
f 4746 	3904 	3897
f 4748 	4746 	4747
f 4748 	3893 	4746
f 3904 	4746 	3893
f 4745 	4747 	3897
f 4747 	4746 	3897
f 3897 	4744 	4745
f 4744 	3897 	3903
f 3907 	4749 	3921
f 4750 	3921 	4749
f 3893 	4749 	3907
f 4748 	4749 	3893
f 4742 	4752 	4741
f 4748 	4747 	4751
f 4748 	4751 	4749
f 4745 	4752 	4747
f 4751 	4750 	4749
f 4745 	4741 	4752
f 4751 	4747 	4752
f 4752 	3908 	3922
f 3908 	4742 	3909
f 4752 	4742 	3908
f 4751 	4752 	3922
f 4751 	3922 	4750
f 3921 	4750 	3922
f 2590 	2683 	2593
f 4754 	4753 	2683
f 2683 	2590 	4754
f 4753 	2730 	2683
f 4755 	2730 	4753
f 4755 	2725 	2730
f 2700 	2699 	4756
f 2726 	2700 	4757
f 4756 	4757 	2700
f 4758 	4757 	4756
f 4759 	4756 	2710
f 2697 	2710 	4756
f 4755 	4759 	2725
f 2710 	2725 	4759
f 2699 	2698 	2697
f 2697 	4756 	2699
f 4760 	2682 	2728
f 2728 	4761 	4760
f 2675 	2682 	4760
f 4760 	2676 	2675
f 4762 	4760 	4761
f 4761 	4763 	4764
f 4764 	4762 	4761
f 2665 	2676 	4760
f 4760 	4762 	2665
f 4762 	4764 	2665
f 4761 	2728 	4757
f 4761 	4757 	4758
f 4758 	4763 	4761
f 2726 	4757 	2728
f 4753 	4759 	4755
f 4759 	4753 	4763
f 4759 	4763 	4756
f 4758 	4756 	4763
f 4764 	4763 	4765
f 4765 	4763 	4753
f 4765 	4753 	4766
f 4754 	4766 	4753
f 2577 	4765 	2582
f 4766 	2582 	4765
f 2586 	2582 	4766
f 4754 	2590 	4766
f 2586 	4766 	2590
f 2602 	2607 	4767
f 4767 	4765 	2602
f 2665 	4767 	2623
f 2607 	2623 	4767
f 4764 	4765 	4767
f 2577 	2602 	4765
f 2665 	4764 	4767
f 4769 	2685 	4770
f 2671 	4770 	4768
f 4768 	2673 	2671
f 4772 	4771 	4770
f 4769 	4770 	4771
f 4768 	4770 	2685
f 4768 	2685 	2679
f 2674 	2673 	4768
f 2679 	2674 	4768
f 4769 	2694 	2685
f 4774 	4773 	4771
f 4769 	4771 	4773
f 4769 	4773 	2694
f 2709 	2703 	4775
f 2703 	2695 	4775
f 4776 	2729 	4775
f 2729 	2711 	4775
f 4775 	2695 	4777
f 2692 	2694 	4773
f 4773 	4777 	2692
f 2692 	4777 	2693
f 4777 	4773 	4774
f 2693 	4777 	2695
f 2709 	4775 	2711
f 4778 	2624 	2753
f 4779 	2624 	4778
f 4778 	4780 	4781
f 4781 	4779 	4778
f 4781 	2624 	4779
f 4776 	4778 	2729
f 4776 	4780 	4778
f 2729 	4778 	2753
f 4774 	4771 	4775
f 4775 	4777 	4774
f 4776 	4775 	4780
f 4781 	4780 	4782
f 4775 	4782 	4780
f 4782 	4775 	4771
f 4772 	4783 	4771
f 4782 	4771 	4783
f 2587 	2594 	2624
f 2578 	2587 	2625
f 4784 	4782 	2625
f 4783 	2630 	4782
f 4770 	2671 	2630
f 4772 	4770 	4783
f 2630 	4783 	4770
f 2625 	2587 	4784
f 2630 	2625 	4782
f 4781 	4784 	2624
f 2587 	2624 	4784
f 4781 	4782 	4784
f 4787 	4786 	2747
f 4785 	2747 	4786
f 2747 	2677 	4787
f 4789 	4788 	4787
f 4786 	4787 	4788
f 2741 	2747 	4785
f 4785 	4791 	2741
f 4785 	4786 	4791
f 2735 	2741 	4791
f 4786 	4788 	4790
f 4790 	4791 	4786
f 4792 	4791 	4790
f 4793 	2691 	4795
f 4794 	2696 	4793
f 2691 	4793 	2696
f 2712 	2735 	4791
f 4791 	4795 	2712
f 4792 	4795 	4791
f 2691 	2712 	4795
f 4796 	2680 	2716
f 4796 	4800 	2680
f 4796 	4797 	4800
f 4797 	4798 	4799
f 4799 	4800 	4797
f 2634 	2680 	4800
f 4801 	4800 	4799
f 4796 	2696 	4797
f 4794 	4797 	2696
f 4794 	4798 	4797
f 2716 	2696 	4796
f 4790 	4795 	4792
f 4793 	4795 	4794
f 4802 	4799 	4795
f 4798 	4795 	4799
f 4794 	4795 	4798
f 4801 	4799 	4802
f 4803 	4802 	4790
f 4789 	4803 	4788
f 4790 	4788 	4803
f 4795 	4790 	4802
f 4804 	4806 	2579
f 4806 	4805 	2579
f 2579 	2626 	4804
f 2634 	4800 	2631
f 4804 	2626 	2631
f 2562 	4805 	2614
f 4803 	2614 	4805
f 4805 	4802 	4803
f 2677 	2614 	4787
f 4803 	4787 	2614
f 4789 	4787 	4803
f 2549 	2579 	4805
f 2562 	2549 	4805
f 4804 	2631 	4800
f 4800 	4806 	4804
f 4805 	4806 	4801
f 4801 	4802 	4805
f 4806 	4800 	4801
f 4808 	4807 	3135
f 3159 	3135 	4807
f 4810 	4809 	4808
f 4807 	4808 	4809
f 4807 	3163 	3159
f 4807 	4809 	4811
f 4807 	4811 	3163
f 3164 	4812 	4813
f 4813 	3162 	3164
f 4814 	4813 	4812
f 4812 	3166 	4815
f 3164 	3166 	4812
f 3166 	3163 	4815
f 4815 	3163 	4811
f 4816 	3155 	3161
f 4816 	4817 	4819
f 4818 	3155 	4816
f 4816 	4819 	4818
f 3161 	3162 	4816
f 4813 	4816 	3162
f 4814 	4817 	4816
f 4816 	4813 	4814
f 4815 	4811 	4810
f 4809 	4810 	4811
f 4815 	4810 	4817
f 4817 	4812 	4815
f 4814 	4812 	4817
f 4819 	4817 	4820
f 4817 	4810 	4820
f 3155 	4818 	3152
f 3127 	4808 	3133
f 3135 	3133 	4808
f 3127 	3152 	4821
f 4810 	4821 	4820
f 3127 	4821 	4808
f 4810 	4808 	4821
f 4820 	3152 	4822
f 4820 	4821 	3152
f 4822 	3152 	4818
f 4820 	4822 	4819
f 4822 	4818 	4819
f 4825 	4824 	3146
f 3154 	3146 	4823
f 4823 	4826 	3154
f 3204 	3154 	4826
f 3146 	4824 	4823
f 4827 	4826 	4823
f 4828 	4827 	4824
f 4827 	4823 	4824
f 4828 	4826 	4827
f 4829 	3173 	4833
f 4829 	4831 	3173
f 4830 	3173 	4831
f 4832 	4833 	3203
f 4832 	4826 	4828
f 4832 	4828 	4833
f 3203 	3200 	4832
f 3204 	4826 	4832
f 4832 	3200 	3204
f 3203 	4833 	3173
f 3160 	3173 	4830
f 4835 	4834 	3151
f 3136 	3151 	4834
f 3130 	3136 	4834
f 4836 	4834 	4835
f 4835 	4837 	4838
f 4838 	4836 	4835
f 4836 	4838 	4834
f 4835 	4830 	4839
f 4835 	4839 	4831
f 4831 	4837 	4835
f 4839 	4830 	4831
f 3160 	4830 	4835
f 4835 	3151 	3160
f 4829 	4833 	4825
f 4833 	4828 	4824
f 4824 	4825 	4833
f 4829 	4825 	4831
f 4838 	4837 	4825
f 4838 	4825 	4840
f 4837 	4831 	4825
f 3124 	3126 	4842
f 3138 	3124 	4842
f 4842 	3126 	4834
f 3130 	4834 	3126
f 4842 	4841 	3138
f 4842 	4840 	4841
f 3144 	3138 	4841
f 4825 	4841 	4840
f 3144 	4841 	4825
f 4825 	3146 	3144
f 4840 	4842 	4838
f 4842 	4834 	4838
f 3167 	3140 	4844
f 4846 	4845 	4844
f 3167 	4844 	4845
f 3177 	3167 	4843
f 4843 	4847 	3177
f 3198 	3177 	4847
f 4843 	3167 	4845
f 4845 	4847 	4843
f 4848 	4847 	4845
f 4845 	4849 	4848
f 3196 	3194 	4850
f 4851 	3199 	3196
f 3196 	4850 	4851
f 4852 	4850 	3194
f 3194 	4847 	4848
f 4848 	4852 	3194
f 4849 	4852 	4848
f 3198 	4847 	3194
f 4859 	4853 	3156
f 3147 	3156 	4853
f 4859 	4854 	4855
f 4855 	4853 	4859
f 4854 	4856 	4858
f 4858 	4855 	4854
f 4857 	4853 	4855
f 4858 	4857 	4855
f 4851 	4854 	3199
f 4859 	3199 	4854
f 4851 	4856 	4854
f 4859 	3156 	3199
f 4852 	4849 	4845
f 4851 	4852 	4856
f 4851 	4850 	4852
f 4858 	4856 	4852
f 4858 	4852 	4860
f 4846 	4860 	4845
f 4852 	4845 	4860
f 3139 	4860 	3131
f 3147 	4853 	3139
f 3134 	3131 	4861
f 4846 	4861 	4860
f 3140 	3134 	4844
f 4861 	4844 	3134
f 4846 	4844 	4861
f 4860 	4861 	3131
f 4857 	4860 	4853
f 3139 	4853 	4860
f 4860 	4857 	4858
f 4865 	4862 	4864
f 4863 	4864 	4862
f 4863 	3150 	4864
f 4866 	4865 	4864
f 4864 	3150 	4866
f 3178 	4863 	4862
f 3178 	3150 	4863
f 3178 	4862 	3192
f 3192 	4862 	4867
f 3187 	3192 	4867
f 4865 	4867 	4862
f 4868 	4867 	4865
f 3193 	4871 	4869
f 4870 	3202 	4869
f 3193 	3187 	4871
f 4868 	4871 	4867
f 3187 	4867 	4871
f 3195 	3193 	4869
f 3202 	3195 	4869
f 4877 	4872 	3143
f 3141 	3143 	4872
f 4874 	4872 	4873
f 4877 	4873 	4872
f 4873 	4875 	4876
f 4876 	4874 	4873
f 4876 	3141 	4874
f 4872 	4874 	3141
f 4877 	3202 	4870
f 4873 	4877 	4870
f 4870 	4875 	4873
f 4877 	3143 	3202
f 4868 	4865 	4871
f 4875 	4870 	4869
f 4869 	4871 	4875
f 4879 	4878 	4871
f 4871 	4878 	4875
f 4866 	4879 	4865
f 4871 	4865 	4879
f 4876 	4875 	4878
f 3125 	3137 	4880
f 3125 	4880 	3142
f 3137 	3141 	4880
f 4879 	3142 	4878
f 4879 	4866 	3142
f 3150 	3142 	4866
f 4878 	3142 	4880
f 4880 	3141 	4876
f 4876 	4878 	4880
f 4884 	4882 	4881
f 4881 	4883 	4884
f 4886 	4885 	4884
f 4882 	4884 	4885
f 4881 	3205 	3176
f 3174 	4883 	4881
f 4881 	3176 	3174
f 3174 	3153 	4883
f 3183 	3205 	4881
f 4881 	4887 	3183
f 4881 	4882 	4888
f 4888 	4887 	4881
f 4889 	4888 	4885
f 4882 	4885 	4888
f 4887 	4888 	3183
f 3181 	4892 	4890
f 4892 	4891 	4890
f 4894 	4892 	4893
f 3181 	4893 	4892
f 4893 	3183 	4888
f 4888 	4894 	4893
f 4894 	4888 	4889
f 4893 	3181 	3183
f 3182 	3181 	4890
f 3190 	4890 	4891
f 3190 	3182 	4890
f 4900 	4895 	3191
f 3148 	3191 	4895
f 4897 	4895 	4896
f 4900 	4896 	4895
f 4896 	4898 	4899
f 4899 	4897 	4896
f 4897 	4899 	4895
f 4892 	4896 	4891
f 4900 	4891 	4896
f 4892 	4898 	4896
f 4900 	3191 	4891
f 3190 	4891 	3191
f 4894 	4889 	4892
f 4889 	4901 	4892
f 4899 	4898 	4901
f 4892 	4901 	4898
f 4889 	4885 	4901
f 4886 	4902 	4885
f 4901 	4885 	4902
f 3123 	3145 	4904
f 3123 	4904 	3122
f 3148 	4895 	3145
f 4904 	3145 	4895
f 3128 	3122 	4903
f 4883 	3153 	4903
f 3128 	4903 	3153
f 3122 	4904 	4903
f 4902 	4903 	4901
f 4884 	4883 	4903
f 4886 	4884 	4902
f 4903 	4902 	4884
f 4901 	4903 	4904
f 4901 	4904 	4899
f 4904 	4895 	4899
f 4907 	4906 	4905
f 4905 	3171 	4907
f 4909 	4908 	4907
f 4906 	4907 	4908
f 4905 	4906 	3201
f 3201 	3171 	4905
f 4910 	3186 	3201
f 3201 	4906 	4910
f 4911 	4910 	4908
f 4906 	4908 	4910
f 4910 	4911 	3186
f 3184 	4915 	4912
f 3180 	4912 	4913
f 4914 	4915 	3184
f 4911 	4915 	3186
f 4914 	3186 	4915
f 4914 	3184 	3186
f 3179 	3184 	4912
f 3180 	3179 	4912
f 3175 	3189 	4919
f 4919 	4916 	3175
f 4916 	4917 	4918
f 4918 	3175 	4916
f 4918 	3132 	3175
f 4920 	4916 	4919
f 4913 	4920 	3180
f 4919 	3180 	4920
f 4916 	4920 	4913
f 4913 	4917 	4916
f 4919 	3189 	3180
f 4915 	4911 	4908
f 4912 	4915 	4913
f 4921 	4918 	4915
f 4913 	4915 	4917
f 4917 	4915 	4918
f 4909 	4922 	4908
f 4921 	4915 	4922
f 4915 	4908 	4922
f 3149 	4922 	3158
f 4922 	3171 	3158
f 4921 	4922 	3149
f 4907 	3171 	4922
f 4909 	4907 	4922
f 3149 	3129 	4921
f 3132 	4921 	3129
f 3132 	4918 	4921
f 4926 	4925 	4924
f 4923 	4924 	4925
f 4924 	3314 	4926
f 4928 	4927 	4926
f 4925 	4926 	4927
f 3308 	4924 	4923
f 3308 	3314 	4924
f 4923 	4929 	3308
f 3306 	3308 	4929
f 4925 	4929 	4923
f 4931 	4930 	4927
f 4930 	4929 	4925
f 4925 	4927 	4930
f 4934 	4932 	3185
f 4933 	3188 	4932
f 3185 	4932 	3188
f 3185 	3319 	4934
f 4930 	4934 	4929
f 3319 	4929 	4934
f 4934 	4930 	4931
f 3306 	4929 	3319
f 4941 	4935 	3197
f 3172 	3197 	4935
f 4935 	4939 	3172
f 4941 	4936 	4939
f 4939 	4935 	4941
f 4936 	4937 	4938
f 4938 	4939 	4936
f 4940 	4939 	4938
f 4942 	4936 	4941
f 4933 	4942 	3188
f 4941 	3188 	4942
f 4936 	4942 	4933
f 4933 	4937 	4936
f 4941 	3197 	3188
f 4934 	4938 	4937
f 4938 	4931 	4927
f 4938 	4934 	4931
f 4937 	4932 	4934
f 4933 	4932 	4937
f 4938 	4927 	4940
f 4928 	4943 	4927
f 4943 	4940 	4927
f 3157 	3172 	4939
f 3165 	4944 	3170
f 3170 	4945 	3168
f 4945 	3317 	3168
f 4945 	3314 	3317
f 4945 	3170 	4944
f 4944 	4943 	4928
f 4928 	4945 	4944
f 4926 	3314 	4945
f 4928 	4926 	4945
f 4946 	4944 	3157
f 3165 	3157 	4944
f 4939 	4946 	3157
f 4944 	4946 	4940
f 4940 	4943 	4944
f 4946 	4939 	4940
f 4949 	4948 	4947
f 3296 	4947 	4948
f 4951 	4950 	4949
f 4948 	4949 	4950
f 3359 	4949 	3296
f 4947 	3296 	4949
f 4948 	4952 	3296
f 3291 	3293 	4952
f 4953 	4952 	4948
f 3293 	3296 	4952
f 4954 	4953 	4950
f 4948 	4950 	4953
f 4954 	3291 	4953
f 4952 	4953 	3291
f 3294 	4955 	4957
f 4957 	4956 	3294
f 4958 	4955 	3292
f 3294 	3292 	4955
f 3292 	3291 	4954
f 4954 	4958 	3292
f 3303 	3294 	4956
f 3313 	3311 	4959
f 4959 	4960 	4962
f 4961 	3313 	4959
f 4959 	4962 	4961
f 4959 	4956 	4963
f 4957 	4963 	4956
f 4959 	4963 	4957
f 4957 	4960 	4959
f 4959 	3311 	4956
f 3303 	4956 	3311
f 4954 	4950 	4960
f 4955 	4958 	4954
f 4954 	4960 	4955
f 4957 	4955 	4960
f 4964 	4962 	4960
f 4964 	4960 	4950
f 4951 	4965 	4950
f 4964 	4950 	4965
f 3346 	3340 	4964
f 3313 	4961 	3316
f 3340 	3318 	3316
f 3359 	3346 	4949
f 4965 	3346 	4964
f 4951 	4949 	4965
f 3346 	4965 	4949
f 4964 	3316 	4961
f 3340 	3316 	4964
f 4964 	4961 	4962
f 4967 	4972 	4968
f 4966 	4968 	4972
f 4970 	4969 	4967
f 4972 	4967 	4969
f 4967 	4968 	4970
f 3322 	4968 	4966
f 3361 	3357 	4968
f 3322 	3323 	3361
f 3361 	4968 	3322
f 3310 	3322 	4966
f 4966 	4971 	3310
f 4971 	3302 	3310
f 4972 	4971 	4966
f 4973 	4972 	4969
f 4972 	4973 	4971
f 3297 	3299 	4974
f 4975 	4976 	3297
f 4977 	4975 	4974
f 3297 	4974 	4975
f 4974 	3299 	4978
f 4971 	4978 	3299
f 4971 	4973 	4978
f 3302 	4971 	3299
f 4979 	3297 	4976
f 3298 	3297 	4979
f 3290 	3298 	4979
f 3320 	3312 	4980
f 3360 	3321 	3320
f 4980 	4981 	4982
f 4982 	3320 	4980
f 4981 	4983 	4984
f 4984 	4982 	4981
f 4984 	3360 	4982
f 3320 	4982 	3360
f 4980 	4976 	4981
f 4975 	4981 	4976
f 4977 	4983 	4981
f 4981 	4975 	4977
f 4980 	3312 	4976
f 3295 	4976 	3312
f 4979 	4976 	3315
f 4976 	3295 	3315
f 3315 	3290 	4979
f 4978 	4969 	4974
f 4978 	4973 	4969
f 4969 	4984 	4974
f 4977 	4974 	4983
f 4983 	4974 	4984
f 4970 	4985 	4969
f 4984 	4969 	4985
f 3343 	4987 	3345
f 4968 	3357 	3345
f 4986 	3345 	4987
f 4970 	4986 	4985
f 3345 	4986 	4968
f 4970 	4968 	4986
f 4985 	4986 	4987
f 3344 	4987 	3343
f 4984 	4987 	3360
f 3344 	3360 	4987
f 4985 	4987 	4984
f 4990 	4989 	4988
f 4992 	4991 	4990
f 4989 	4990 	4991
f 3286 	4988 	4989
f 4990 	4988 	3351
f 3351 	4988 	3286
f 3332 	3286 	4989
f 4989 	4993 	3332
f 4994 	4989 	4991
f 4994 	4993 	4989
f 3333 	5000 	4995
f 4996 	4997 	4995
f 4998 	4996 	4995
f 3333 	4999 	5000
f 4994 	5000 	4993
f 4999 	4993 	5000
f 5001 	4995 	5000
f 5000 	4994 	5001
f 3327 	4999 	3333
f 3332 	4993 	4999
f 4999 	3327 	3332
f 5002 	3333 	4995
f 3335 	3333 	5002
f 5003 	5002 	4997
f 4995 	4997 	5002
f 3336 	3335 	5002
f 3337 	3336 	5002
f 5002 	5003 	3337
f 5003 	3300 	3337
f 3309 	3307 	5004
f 5004 	5005 	3309
f 3309 	5005 	3355
f 5006 	5005 	5004
f 5006 	5007 	5009
f 5008 	5005 	5006
f 5009 	5008 	5006
f 5004 	4997 	5006
f 4996 	5006 	4997
f 4998 	5007 	5006
f 5006 	4996 	4998
f 5004 	3307 	4997
f 3305 	4997 	3307
f 3305 	3304 	5003
f 5003 	4997 	3305
f 3301 	3300 	5003
f 5003 	3304 	3301
f 5010 	5007 	4991
f 4994 	4991 	5001
f 5001 	4991 	5007
f 5001 	5007 	4995
f 4998 	4995 	5007
f 5009 	5007 	5010
f 4992 	5011 	4991
f 5010 	4991 	5011
f 3355 	5005 	3341
f 3342 	5010 	3348
f 3351 	3349 	4990
f 3348 	5010 	3349
f 3341 	5010 	3342
f 3349 	5011 	4990
f 4992 	4990 	5011
f 5011 	3349 	5010
f 5008 	5010 	5005
f 3341 	5005 	5010
f 5010 	5008 	5009
f 5013 	5017 	5012
f 5016 	3289 	5017
f 5015 	5014 	5013
f 5017 	5013 	5014
f 5012 	5017 	3288
f 3288 	5017 	3289
f 5013 	5012 	3352
f 3288 	3352 	5012
f 3289 	5016 	3329
f 5018 	5017 	5014
f 5018 	5016 	5017
f 3326 	5024 	5019
f 5019 	5025 	3326
f 5025 	5019 	5020
f 5021 	5020 	5019
f 5024 	3326 	5023
f 5022 	5023 	3326
f 5018 	5023 	5016
f 5022 	5016 	5023
f 5023 	5018 	5024
f 5022 	3326 	3325
f 3329 	5016 	5022
f 5022 	3325 	3329
f 3331 	5025 	5020
f 5025 	3328 	3326
f 3330 	3328 	5025
f 5025 	3331 	3330
f 5026 	5027 	3287
f 3287 	5027 	3354
f 5028 	5027 	5026
f 5028 	5029 	5031
f 5030 	5027 	5028
f 5031 	5030 	5028
f 5026 	5032 	5020
f 5020 	5028 	5026
f 5028 	5020 	5033
f 5033 	5029 	5028
f 5021 	5033 	5020
f 3338 	5032 	3287
f 5026 	3287 	5032
f 3331 	5020 	5032
f 3338 	3331 	5032
f 5021 	5019 	5024
f 5024 	5018 	5014
f 5021 	5024 	5033
f 5031 	5029 	5024
f 5031 	5024 	5034
f 5033 	5024 	5029
f 5015 	5035 	5014
f 5034 	5024 	5035
f 5024 	5014 	5035
f 3354 	5027 	3347
f 3352 	3350 	5013
f 5035 	3350 	5034
f 3350 	5035 	5013
f 5015 	5013 	5035
f 5034 	3350 	5036
f 3347 	5036 	3350
f 5030 	5036 	5027
f 3347 	5027 	5036
f 5031 	5034 	5036
f 5036 	5030 	5031
f 5039 	5038 	5037
f 5037 	3408 	5039
f 5041 	5040 	5039
f 5038 	5039 	5040
f 3405 	3408 	5037
f 3402 	3405 	5037
f 5037 	5042 	3402
f 3401 	3402 	5042
f 5037 	5038 	5043
f 5043 	5042 	5037
f 5044 	5043 	5040
f 5038 	5040 	5043
f 5044 	5042 	5043
f 5048 	5045 	3334
f 5047 	5046 	5045
f 5044 	5048 	5042
f 3403 	5048 	3334
f 3403 	5042 	5048
f 5042 	3403 	3401
f 5045 	5046 	3334
f 5046 	3324 	3334
f 5049 	3356 	3339
f 5050 	5051 	5052
f 5052 	5049 	5050
f 5049 	5052 	3356
f 5049 	5053 	5046
f 5046 	5050 	5049
f 5050 	5046 	5054
f 5054 	5051 	5050
f 5047 	5054 	5046
f 3324 	5053 	3339
f 5053 	5049 	3339
f 3324 	5046 	5053
f 5051 	5054 	5040
f 5048 	5040 	5047
f 5048 	5044 	5040
f 5047 	5040 	5054
f 5045 	5048 	5047
f 5052 	5051 	5055
f 5041 	5055 	5040
f 5051 	5040 	5055
f 5055 	5056 	3353
f 5041 	5056 	5055
f 3408 	3358 	5039
f 5056 	5039 	3358
f 5041 	5039 	5056
f 3358 	3353 	5056
f 5055 	3353 	5052
f 3353 	3356 	5052
f 5059 	5058 	3413
f 5057 	3413 	5058
f 3413 	3409 	5059
f 5061 	5060 	5059
f 5058 	5059 	5060
f 3413 	5057 	2352
f 2350 	2352 	5062
f 5057 	5062 	2352
f 2350 	5062 	5063
f 5065 	5063 	5062
f 2351 	2350 	5063
f 2349 	2351 	5063
f 5057 	5058 	5065
f 5065 	5062 	5057
f 5058 	5060 	5064
f 5064 	5065 	5058
f 5066 	5065 	5064
f 5067 	5068 	5069
f 5069 	3406 	5067
f 5071 	5070 	5069
f 3406 	5069 	5070
f 3406 	5072 	5067
f 5067 	5072 	5066
f 5066 	5068 	5067
f 5072 	5065 	5066
f 2348 	5072 	3406
f 2348 	2347 	5072
f 5063 	5065 	5072
f 5063 	5072 	2347
f 2347 	2349 	5063
f 3407 	3406 	5070
f 3404 	5073 	3412
f 5075 	5074 	5077
f 5074 	3412 	5073
f 5073 	5077 	5074
f 5073 	5076 	5070
f 5073 	5070 	5077
f 5071 	5077 	5070
f 5078 	5076 	5073
f 5078 	5073 	3404
f 3404 	3400 	5078
f 3407 	5070 	5078
f 5076 	5078 	5070
f 3407 	5078 	3400
f 5064 	5069 	5066
f 5068 	5066 	5069
f 5077 	5071 	5069
f 5075 	5077 	5069
f 5069 	5060 	5075
f 5064 	5060 	5069
f 5061 	5080 	5060
f 5075 	5060 	5079
f 5079 	5060 	5080
f 3410 	3411 	5079
f 3412 	5079 	3411
f 3409 	3410 	5059
f 5061 	5059 	5080
f 3410 	5080 	5059
f 5079 	5080 	3410
f 5079 	3412 	5074
f 5079 	5074 	5075
f 5082 	5083 	5081
f 5085 	3598 	5083
f 5082 	5081 	5084
f 3595 	5084 	5081
f 5084 	5083 	5082
f 5081 	5083 	3598
f 5085 	3528 	3598
f 3595 	5081 	3598
f 3498 	3528 	5085
f 3493 	3498 	5086
f 5085 	5086 	3498
f 5086 	5085 	5083
f 5088 	3506 	5087
f 3506 	5088 	5089
f 5090 	5089 	5088
f 5088 	5087 	5091
f 3493 	5091 	5087
f 3493 	5086 	5091
f 3493 	5087 	3502
f 3502 	3501 	3493
f 3493 	3501 	3494
f 5087 	3506 	3502
f 5089 	3512 	3506
f 2354 	3569 	5092
f 5093 	2354 	5092
f 5093 	5094 	5095
f 5095 	2354 	5093
f 5092 	5096 	5089
f 5089 	5093 	5092
f 5093 	5089 	5097
f 5097 	5094 	5093
f 5090 	5097 	5089
f 5092 	3569 	5096
f 3569 	5089 	5096
f 3569 	3512 	5089
f 5088 	5091 	5083
f 5091 	5086 	5083
f 5088 	5094 	5097
f 5088 	5097 	5090
f 5088 	5095 	5094
f 5099 	5098 	5083
f 5083 	5098 	5088
f 5084 	5099 	5083
f 5095 	5088 	5098
f 5098 	3577 	5101
f 2354 	5095 	2355
f 5100 	3578 	3577
f 3593 	3578 	5100
f 5100 	3595 	3593
f 5099 	5100 	5098
f 5084 	3595 	5100
f 5100 	5099 	5084
f 2355 	5101 	3577
f 5100 	3577 	5098
f 5095 	5101 	2355
f 5095 	5098 	5101
f 3591 	5102 	3531
f 5102 	3591 	3587
f 5102 	3587 	5103
f 3522 	3531 	5104
f 5104 	3531 	5102
f 5107 	5106 	5105
f 3495 	5108 	5105
f 3495 	3488 	5108
f 3522 	5104 	5108
f 3518 	3522 	5108
f 5108 	3488 	3518
f 5105 	5106 	3495
f 3520 	3495 	5106
f 3592 	3594 	5109
f 5109 	5110 	3592
f 3583 	3592 	5110
f 5111 	5110 	5109
f 5111 	5112 	5114
f 5113 	5110 	5111
f 5111 	5114 	5113
f 5107 	5112 	5111
f 5111 	5106 	5107
f 5111 	5109 	3599
f 3594 	3599 	5109
f 3599 	3526 	5106
f 5111 	3599 	5106
f 3520 	5106 	3526
f 5102 	5103 	5108
f 5104 	5102 	5108
f 5103 	5112 	5108
f 5107 	5105 	5112
f 5108 	5112 	5105
f 5114 	5112 	5115
f 5103 	5115 	5112
f 5116 	3576 	3579
f 3579 	3583 	5110
f 3576 	5116 	3584
f 5115 	3584 	5116
f 3584 	5115 	5103
f 5103 	3587 	3584
f 5113 	3579 	5110
f 5115 	5116 	5114
f 3579 	5114 	5116
f 3579 	5113 	5114
f 5122 	5118 	5117
f 5119 	5117 	5118
f 5121 	5120 	5117
f 5117 	5119 	5121
f 3602 	5118 	5122
f 3602 	3590 	5118
f 3527 	3602 	5122
f 5122 	3521 	3527
f 5122 	5117 	5123
f 5124 	5123 	5120
f 5117 	5120 	5123
f 5124 	3521 	5123
f 5122 	5123 	3521
f 5125 	3507 	5127
f 3507 	5125 	5126
f 5127 	3521 	5124
f 3486 	5127 	3487
f 5127 	3486 	3521
f 3507 	3487 	5127
f 3514 	3507 	5126
f 5128 	3588 	3596
f 5128 	5129 	5132
f 5132 	3588 	5128
f 5129 	5130 	5131
f 5131 	5132 	5129
f 5133 	5132 	5131
f 5134 	5129 	5128
f 5129 	5134 	5126
f 5126 	5130 	5129
f 5134 	5128 	3517
f 3596 	3517 	5128
f 5134 	3517 	5126
f 3514 	5126 	3517
f 5130 	5124 	5120
f 5124 	5130 	5127
f 5125 	5127 	5130
f 5126 	5125 	5130
f 5130 	5120 	5131
f 5131 	5120 	5133
f 5121 	5135 	5120
f 5135 	5133 	5120
f 5137 	3582 	5132
f 5118 	3590 	3589
f 3589 	3585 	5136
f 3585 	5137 	5136
f 5121 	5136 	5135
f 5119 	5118 	5136
f 3589 	5136 	5118
f 5121 	5119 	5136
f 3585 	3582 	5137
f 5135 	5136 	5137
f 3588 	5132 	3582
f 5135 	5137 	5133
f 5137 	5132 	5133
f 5140 	5139 	5138
f 5138 	3604 	5140
f 5142 	5141 	5140
f 5139 	5140 	5141
f 3571 	5138 	5139
f 5139 	3574 	3571
f 3604 	5138 	3571
f 5139 	5143 	3574
f 3536 	3574 	5143
f 5143 	5144 	3536
f 3513 	3536 	5144
f 5144 	5143 	5141
f 5139 	5141 	5143
f 5146 	5145 	5147
f 5149 	5148 	5145
f 5149 	5144 	5148
f 3505 	3485 	5145
f 5149 	5145 	3485
f 3485 	3489 	5149
f 3513 	5144 	5149
f 3504 	3513 	5149
f 5149 	3489 	3504
f 3511 	3508 	5145
f 3516 	3511 	5146
f 5146 	3511 	5145
f 3505 	5145 	3508
f 3603 	3570 	5150
f 5150 	5151 	5152
f 5151 	5153 	5154
f 5154 	5152 	5151
f 5154 	3603 	5152
f 5150 	5152 	3603
f 5155 	5151 	5146
f 5150 	5146 	5151
f 5147 	5155 	5146
f 5151 	5155 	5147
f 5147 	5153 	5151
f 3570 	3529 	5146
f 5150 	3570 	5146
f 3529 	3516 	5146
f 5148 	5141 	5145
f 5144 	5141 	5148
f 5145 	5141 	5147
f 5141 	5156 	5153
f 5154 	5153 	5156
f 5153 	5147 	5141
f 5156 	5141 	5157
f 5142 	5157 	5141
f 3586 	5158 	3575
f 5156 	3580 	3575
f 5157 	3580 	5156
f 3604 	3580 	5140
f 5157 	5140 	3580
f 5142 	5140 	5157
f 5156 	3575 	5158
f 3586 	3603 	5154
f 5154 	5158 	3586
f 5154 	5156 	5158
f 3614 	5160 	5159
f 5161 	5160 	3614
f 3533 	3614 	5159
f 5162 	3530 	3533
f 5159 	5163 	3533
f 5162 	3533 	5163
f 3480 	5162 	5163
f 3497 	3530 	5162
f 3484 	3497 	5162
f 5162 	3480 	3484
f 5164 	5159 	5160
f 5159 	5164 	5163
f 3496 	5165 	5167
f 5167 	5166 	3496
f 3496 	5168 	5165
f 5168 	5163 	5164
f 3496 	3463 	5168
f 3480 	5163 	5168
f 3468 	3480 	5168
f 5168 	3463 	3468
f 5169 	3496 	5166
f 5169 	3500 	3496
f 3573 	3572 	5170
f 5170 	5171 	3573
f 5170 	5172 	5174
f 5174 	5171 	5170
f 5173 	3573 	5171
f 5171 	5174 	5173
f 5170 	5166 	5167
f 5167 	5172 	5170
f 5166 	5170 	3572
f 5169 	5166 	3572
f 3503 	5169 	3572
f 3503 	3500 	5169
f 5175 	5165 	5164
f 5168 	5164 	5165
f 5167 	5165 	5172
f 5175 	5172 	5165
f 5174 	5172 	5175
f 5164 	5160 	5175
f 5161 	5176 	5160
f 5175 	5160 	5176
f 3581 	5175 	3597
f 3573 	5173 	3581
f 5177 	3600 	3597
f 5177 	3614 	3612
f 3612 	3601 	5177
f 3601 	3600 	5177
f 5176 	5177 	5175
f 5161 	3614 	5177
f 5177 	5176 	5161
f 5177 	3597 	5175
f 5173 	5175 	3581
f 5175 	5173 	5174
f 5178 	5180 	3499
f 5178 	3662 	5179
f 3667 	3662 	5178
f 3667 	5178 	3499
f 5181 	5180 	5178
f 3499 	5180 	5181
f 3482 	3467 	5183
f 5181 	5184 	5185
f 5185 	5184 	5182
f 5182 	3462 	5185
f 3462 	3469 	5185
f 5181 	5185 	3499
f 3492 	3499 	5185
f 5185 	3469 	3492
f 3467 	3462 	5182
f 5182 	5183 	3467
f 3645 	3647 	3681
f 3681 	5186 	3645
f 5187 	3645 	5186
f 5186 	5188 	5189
f 5189 	5187 	5186
f 5189 	3613 	5187
f 3645 	5187 	3613
f 5183 	5190 	3482
f 5186 	5190 	5183
f 5183 	5188 	5186
f 5186 	3681 	5190
f 3532 	5190 	3681
f 5190 	3532 	3482
f 5178 	5192 	5181
f 5182 	5181 	5188
f 5181 	5182 	5184
f 5192 	5191 	5181
f 5183 	5182 	5188
f 5188 	5181 	5191
f 5189 	5188 	5191
f 5192 	5178 	5179
f 3611 	5193 	3657
f 5192 	3657 	5191
f 5179 	3662 	3657
f 3657 	5192 	5179
f 5191 	3657 	5193
f 3611 	3613 	5193
f 5189 	5193 	3613
f 5191 	5193 	5189
f 5194 	3655 	5195
f 5197 	5196 	5195
f 5194 	5195 	5196
f 5194 	3701 	3655
f 5194 	5198 	3535
f 3535 	3701 	5194
f 3483 	3535 	5198
f 5194 	5196 	5198
f 5199 	3491 	5203
f 3491 	5199 	5200
f 5200 	5201 	3491
f 5202 	5200 	5199
f 3490 	3464 	5203
f 3483 	5198 	5203
f 3476 	3483 	5203
f 5203 	3464 	3476
f 5203 	3491 	3490
f 3523 	3491 	5201
f 3692 	3694 	3698
f 3698 	5204 	3692
f 3692 	5204 	5205
f 3666 	3692 	5205
f 5206 	5205 	5204
f 5209 	5208 	5207
f 5208 	5205 	5206
f 5206 	5207 	5208
f 5204 	5201 	5206
f 5200 	5206 	5201
f 5202 	5207 	5206
f 5206 	5200 	5202
f 3523 	5201 	3698
f 5204 	3698 	5201
f 5210 	5198 	5196
f 5198 	5210 	5203
f 5199 	5203 	5210
f 5207 	5199 	5210
f 5202 	5199 	5207
f 5207 	5210 	5209
f 5197 	5211 	5196
f 5210 	5196 	5211
f 5205 	5210 	3650
f 3650 	3666 	5205
f 3653 	3633 	5212
f 5212 	3655 	3653
f 5210 	5212 	3650
f 5211 	5212 	5210
f 5195 	3655 	5212
f 5197 	5195 	5211
f 5212 	5211 	5195
f 3633 	3650 	5212
f 5208 	5210 	5205
f 5210 	5208 	5209
f 5216 	5215 	5214
f 5213 	5214 	5215
f 5214 	3682 	5216
f 5218 	5217 	5216
f 5215 	5216 	5217
f 3682 	5214 	5213
f 5213 	3524 	3682
f 3635 	5216 	3682
f 5213 	5220 	3524
f 5219 	3524 	5220
f 3524 	5219 	3525
f 5219 	3519 	3525
f 5220 	5213 	5217
f 5215 	5217 	5213
f 3465 	3470 	5221
f 3465 	5221 	3466
f 5222 	3466 	5221
f 5223 	5221 	3470
f 3472 	5223 	3470
f 5220 	5223 	5219
f 3472 	5219 	5223
f 5219 	3472 	3519
f 3658 	3660 	3671
f 3671 	5224 	3658
f 3658 	5224 	5225
f 3654 	3658 	5225
f 5225 	5229 	3654
f 5224 	5226 	5229
f 5229 	5225 	5224
f 5226 	5227 	5228
f 5228 	5229 	5226
f 3648 	3654 	5229
f 5230 	5229 	5228
f 5231 	5226 	5224
f 5226 	5231 	5222
f 5222 	5227 	5226
f 5231 	3466 	5222
f 3475 	5231 	3671
f 5224 	3671 	5231
f 5231 	3475 	3466
f 5228 	5223 	5217
f 5223 	5220 	5217
f 5228 	5227 	5221
f 5221 	5223 	5228
f 5222 	5221 	5227
f 5228 	5217 	5230
f 5218 	5232 	5217
f 5232 	5230 	5217
f 5233 	3610 	5235
f 3622 	3610 	5234
f 5234 	3635 	3622
f 5234 	3610 	5233
f 5233 	5232 	5218
f 5218 	5234 	5233
f 5216 	3635 	5234
f 5218 	5216 	5234
f 3616 	5235 	3610
f 5235 	3616 	5229
f 3648 	5229 	3616
f 5233 	5235 	5230
f 5230 	5232 	5233
f 5235 	5229 	5230
f 5239 	3629 	5236
f 5238 	5236 	3629
f 5238 	5237 	5236
f 5239 	3481 	3629
f 3481 	5239 	5240
f 5241 	5240 	5239
f 3481 	5240 	3479
f 5240 	3478 	3479
f 5236 	5237 	5239
f 5241 	5239 	5237
f 5243 	5242 	5244
f 5242 	3471 	5245
f 3474 	5240 	5245
f 3474 	5245 	3471
f 5241 	5245 	5240
f 5240 	3474 	3478
f 3510 	3509 	5242
f 5246 	3510 	5243
f 5242 	5243 	3510
f 3471 	5242 	3509
f 5246 	3515 	3510
f 3687 	3689 	3696
f 3696 	5247 	3687
f 3687 	5247 	5248
f 3636 	3687 	5248
f 5249 	5248 	5247
f 5252 	5251 	5250
f 5251 	5248 	5249
f 5249 	5250 	5251
f 5243 	5249 	5247
f 5249 	5243 	5244
f 5244 	5250 	5249
f 5243 	5247 	3696
f 3695 	3534 	3696
f 5246 	5243 	3696
f 3534 	5246 	3696
f 3534 	3515 	5246
f 5245 	5241 	5237
f 5250 	5242 	5245
f 5244 	5242 	5250
f 5253 	5252 	5245
f 5250 	5245 	5252
f 5238 	5254 	5237
f 5254 	5253 	5237
f 5245 	5237 	5253
f 3620 	5255 	3609
f 5248 	5255 	3620
f 3620 	3636 	5248
f 3605 	3629 	3607
f 3605 	3609 	5253
f 5254 	3605 	5253
f 5238 	3629 	3605
f 3605 	5254 	5238
f 5255 	5253 	3609
f 5251 	5255 	5248
f 5253 	5255 	5252
f 5255 	5251 	5252
f 5258 	5257 	3699
f 5256 	3699 	5257
f 3699 	3628 	5258
f 5260 	5259 	5258
f 5257 	5258 	5259
f 5256 	5261 	3453
f 3453 	3699 	5256
f 3449 	3453 	5261
f 5262 	3449 	5261
f 3449 	5262 	3450
f 5262 	3452 	3450
f 5263 	5261 	5259
f 5257 	5259 	5256
f 5256 	5259 	5261
f 3473 	3559 	5264
f 3473 	5264 	5265
f 5266 	5261 	5263
f 5266 	5264 	3559
f 5262 	5261 	3559
f 5266 	3559 	5261
f 3559 	3452 	5262
f 5267 	3473 	5265
f 5267 	3477 	3473
f 5268 	5269 	5270
f 3608 	5268 	5270
f 5265 	5269 	5268
f 5267 	5265 	5268
f 5267 	5268 	3537
f 3537 	3477 	5267
f 5266 	5263 	5259
f 5269 	5264 	5266
f 5265 	5264 	5269
f 5271 	5270 	5266
f 5269 	5266 	5270
f 5272 	5271 	5259
f 5260 	5272 	5259
f 5266 	5259 	5271
f 3606 	5274 	3615
f 5270 	5274 	3606
f 3606 	3608 	5270
f 3617 	3615 	5273
f 5273 	3619 	3617
f 3625 	3619 	5273
f 5273 	3628 	3625
f 5272 	5273 	5271
f 5258 	3628 	5273
f 5260 	5258 	5272
f 5273 	5272 	5258
f 5274 	5273 	3615
f 5271 	5273 	5274
f 5271 	5274 	5270
f 5276 	5275 	3684
f 5278 	5277 	5276
f 5275 	5276 	5277
f 3674 	5276 	3684
f 3454 	3684 	5275
f 5275 	5279 	3454
f 3454 	5279 	3564
f 5280 	5279 	5277
f 5275 	5277 	5279
f 5282 	5281 	5283
f 3558 	3553 	5281
f 5279 	5280 	5284
f 5284 	5281 	3553
f 5284 	3553 	5279
f 3547 	5279 	3553
f 3547 	3564 	5279
f 3451 	3558 	5282
f 5281 	5282 	3558
f 5285 	5286 	3626
f 3626 	5286 	5287
f 5287 	5291 	3626
f 5286 	5288 	5291
f 5291 	5287 	5286
f 5288 	5289 	5290
f 5290 	5291 	5288
f 3623 	3626 	5291
f 5292 	5291 	5290
f 5288 	5286 	5283
f 5283 	5289 	5288
f 5286 	5282 	5283
f 5293 	5282 	5285
f 5286 	5285 	5282
f 5293 	5285 	3451
f 3632 	3451 	5285
f 3451 	5282 	5293
f 5290 	5284 	5277
f 5284 	5290 	5281
f 5284 	5280 	5277
f 5290 	5289 	5281
f 5283 	5281 	5289
f 5290 	5277 	5292
f 5278 	5294 	5277
f 5294 	5292 	5277
f 3618 	5298 	3621
f 3668 	3661 	5295
f 5295 	3674 	3668
f 5297 	5295 	5296
f 3661 	5296 	5295
f 5296 	5294 	5278
f 5278 	5297 	5296
f 3674 	5295 	5276
f 5297 	5276 	5295
f 5278 	5276 	5297
f 5296 	3621 	5298
f 3661 	3621 	5296
f 5298 	3618 	5291
f 3623 	5291 	3618
f 5296 	5298 	5292
f 5292 	5294 	5296
f 5298 	5291 	5292
f 5300 	5299 	3672
f 5304 	3456 	5299
f 3672 	3663 	5300
f 5302 	5301 	5300
f 5299 	5300 	5301
f 3672 	5299 	3456
f 5304 	5303 	3456
f 3456 	5303 	3457
f 5303 	3566 	3457
f 5305 	5304 	5301
f 5299 	5301 	5304
f 5304 	5305 	5303
f 3546 	5306 	5307
f 5308 	5307 	5306
f 3555 	5309 	5306
f 5305 	5309 	5303
f 3555 	5303 	5309
f 3555 	5306 	3540
f 5303 	3555 	3566
f 3546 	3540 	5306
f 3455 	3546 	5307
f 3677 	3676 	5310
f 3677 	5310 	5311
f 5311 	3669 	3677
f 3665 	3669 	5311
f 5312 	5311 	5310
f 5312 	5313 	5314
f 5312 	5314 	5311
f 5307 	5312 	5310
f 5312 	5307 	5308
f 5308 	5313 	5312
f 3676 	3455 	5310
f 5307 	5310 	3455
f 5315 	5309 	5301
f 5309 	5315 	5306
f 5309 	5305 	5301
f 5308 	5306 	5313
f 5306 	5315 	5314
f 5313 	5306 	5314
f 5302 	5315 	5301
f 3634 	3656 	5317
f 3656 	5311 	5317
f 3656 	3665 	5311
f 3634 	5316 	3639
f 5316 	5300 	3639
f 3634 	5317 	5316
f 5302 	5316 	5315
f 5316 	5317 	5315
f 3663 	3639 	5300
f 5302 	5300 	5316
f 5314 	5315 	5317
f 5317 	5311 	5314
f 3670 	5322 	3624
f 3678 	5323 	3670
f 5320 	3630 	3627
f 5319 	3627 	3624
f 3627 	5319 	5320
f 5321 	5320 	5319
f 5322 	5319 	3624
f 5318 	5319 	5322
f 5322 	3670 	5323
f 5318 	5322 	5324
f 5322 	5323 	5324
f 5326 	5325 	5327
f 5328 	5329 	5325
f 5330 	5329 	5328
f 5324 	5328 	5325
f 5325 	5318 	5324
f 5321 	5319 	5326
f 5318 	5325 	5319
f 5325 	5326 	5319
f 3678 	3691 	5332
f 5331 	5332 	3691
f 5332 	5333 	5323
f 5333 	5328 	5324
f 5324 	5323 	5333
f 3678 	5332 	5323
f 5332 	5334 	5333
f 5330 	5328 	5333
f 5333 	5334 	5330
f 3550 	5334 	5331
f 5332 	5331 	5334
f 3550 	5331 	3691
f 5329 	3545 	5325
f 5329 	5330 	3545
f 5334 	3545 	5330
f 5325 	5335 	5336
f 5327 	5325 	5336
f 3544 	5325 	3539
f 5337 	5335 	3544
f 5325 	3544 	5335
f 5337 	3544 	3549
f 3545 	3539 	5325
f 3550 	3545 	5334
f 5321 	5326 	5320
f 5338 	5320 	5326
f 3697 	3630 	5338
f 3630 	5320 	5338
f 5338 	5335 	3697
f 3552 	3697 	5335
f 5337 	3552 	5335
f 3563 	3552 	5337
f 3549 	3563 	5337
f 5327 	5336 	5326
f 5336 	5335 	5338
f 5338 	5326 	5336
f 5341 	5340 	5339
f 5339 	3685 	5341
f 5343 	5342 	5341
f 5340 	5341 	5342
f 3700 	5339 	5340
f 3700 	3685 	5339
f 3459 	3700 	5344
f 5340 	5344 	3700
f 5345 	3459 	5344
f 3458 	3459 	5345
f 5345 	3460 	3458
f 5347 	5346 	5342
f 5346 	5344 	5340
f 5340 	5342 	5346
f 3554 	3548 	5348
f 5349 	5348 	5350
f 3548 	5344 	5346
f 5346 	5351 	3548
f 5347 	5351 	5346
f 5351 	5348 	3548
f 5344 	3548 	5345
f 5345 	3548 	3460
f 3565 	3554 	5349
f 5348 	5349 	3554
f 3673 	3690 	5353
f 3673 	5353 	5354
f 5354 	3642 	3673
f 5352 	5353 	3690
f 5353 	5355 	5356
f 5353 	5356 	5354
f 5350 	5355 	5353
f 5353 	5349 	5350
f 3690 	5349 	5352
f 5353 	5352 	5349
f 3690 	3565 	5349
f 5351 	5342 	5348
f 5351 	5347 	5342
f 5350 	5348 	5355
f 5356 	5355 	5357
f 5348 	5357 	5355
f 5357 	5348 	5342
f 5343 	5357 	5342
f 3637 	5359 	3675
f 3637 	3642 	5354
f 5341 	3685 	5358
f 5358 	3675 	5359
f 5343 	5358 	5357
f 5359 	5357 	5358
f 3675 	5358 	3685
f 5343 	5341 	5358
f 5354 	5359 	3637
f 5359 	5354 	5356
f 5356 	5357 	5359
f 5361 	5362 	3644
f 3644 	5360 	5361
f 3649 	3644 	5362
f 5363 	5362 	5361
f 5360 	3644 	5364
f 3644 	3631 	5364
f 3631 	3664 	5364
f 5360 	5364 	5365
f 5364 	3664 	5365
f 5371 	5366 	5360
f 5366 	5368 	5367
f 5367 	5360 	5366
f 5370 	5366 	5371
f 5365 	5369 	5360
f 5371 	5360 	5369
f 5363 	5361 	5367
f 5360 	5367 	5361
f 3664 	3679 	5372
f 5373 	5369 	5365
f 5365 	5372 	5373
f 5372 	5365 	3664
f 5372 	5374 	5373
f 5371 	5373 	5374
f 5371 	5369 	5373
f 3461 	5374 	5372
f 5372 	3679 	3461
f 3551 	5374 	3461
f 3538 	5366 	5370
f 5370 	3543 	3538
f 5371 	5374 	5370
f 3543 	5370 	5374
f 5368 	5366 	5375
f 3557 	5366 	3538
f 5375 	5366 	3557
f 3561 	5375 	3557
f 3551 	3543 	5374
f 5376 	3649 	5362
f 5363 	5367 	5362
f 5376 	5362 	5367
f 5376 	3562 	3651
f 3651 	3649 	5376
f 3561 	3562 	5375
f 5376 	5375 	3562
f 5368 	5376 	5367
f 5368 	5375 	5376
f 3641 	5382 	3638
f 3640 	3638 	5377
f 5377 	5378 	5379
f 5380 	3640 	5377
f 3643 	3640 	5380
f 5381 	5380 	5379
f 5377 	5379 	5380
f 5382 	5377 	3638
f 5382 	3641 	5383
f 3652 	5383 	3641
f 5377 	5382 	5384
f 5384 	5378 	5377
f 5382 	5383 	5384
f 5378 	5388 	5386
f 5386 	5389 	5385
f 5386 	5385 	5387
f 5388 	5390 	5386
f 5389 	5386 	5390
f 5388 	5378 	5391
f 5384 	5391 	5378
f 5381 	5379 	5386
f 5378 	5386 	5379
f 3686 	5392 	3683
f 5392 	5393 	5383
f 5383 	3683 	5392
f 5391 	5383 	5393
f 3652 	3683 	5383
f 5384 	5383 	5391
f 5392 	3686 	5394
f 5394 	5393 	5392
f 5393 	5394 	5388
f 5388 	5391 	5393
f 5390 	5388 	5394
f 5394 	3686 	3560
f 5390 	5394 	5389
f 5385 	5389 	3541
f 5395 	5385 	3541
f 3556 	3541 	5389
f 5385 	5395 	5387
f 5395 	3541 	3542
f 3560 	3556 	5394
f 5389 	5394 	3556
f 5380 	5396 	3680
f 5381 	5386 	5380
f 5396 	5380 	5386
f 3680 	5396 	3568
f 3643 	5380 	3680
f 3567 	3568 	5396
f 3542 	3567 	5395
f 5396 	5395 	3567
f 5387 	5395 	5386
f 5396 	5386 	5395
f 2069 	5400 	2068
f 2069 	2070 	5397
f 5398 	5399 	2067
f 2066 	2067 	5399
f 2064 	2066 	5399
f 2067 	2068 	5400
f 5400 	5398 	2067
f 2069 	5397 	5400
f 5401 	5398 	5400
f 5406 	5402 	5405
f 5405 	5402 	5403
f 5404 	5403 	5402
f 5407 	5406 	5405
f 5398 	5401 	5405
f 5405 	5403 	5399
f 5399 	5398 	5405
f 5408 	5409 	2073
f 2074 	2073 	5409
f 2074 	5409 	5397
f 2070 	2074 	5397
f 5410 	5397 	5409
f 5410 	5405 	5401
f 5400 	5397 	5410
f 5410 	5401 	5400
f 5409 	5411 	5410
f 5407 	5405 	5410
f 5410 	5411 	5407
f 2022 	5411 	5408
f 5409 	5408 	5411
f 2022 	5408 	2060
f 5408 	2073 	2060
f 2015 	5411 	2022
f 1995 	5406 	2006
f 2006 	5406 	5407
f 5407 	5411 	2006
f 5402 	5406 	1995
f 1995 	5412 	5402
f 5404 	5402 	5412
f 1995 	2009 	5412
f 5411 	2015 	2006
f 5399 	2007 	2064
f 5399 	5403 	2007
f 5412 	2007 	5404
f 5403 	5404 	2007
f 2008 	2007 	5412
f 2009 	2008 	5412
f 2065 	2075 	5414
f 2071 	2065 	5413
f 2071 	5413 	2076
f 5414 	5413 	2065
f 5415 	5413 	5414
f 5415 	2076 	5413
f 2087 	2076 	5415
f 5414 	2075 	5416
f 5414 	5416 	5417
f 5418 	5420 	5419
f 5424 	5423 	5422
f 5418 	5422 	5423
f 5417 	5421 	5418
f 5417 	5418 	5414
f 5421 	5422 	5418
f 5415 	5414 	5419
f 5418 	5419 	5414
f 2062 	5425 	2061
f 5426 	5421 	5417
f 5417 	5425 	5426
f 5416 	2075 	5425
f 2061 	5425 	2075
f 5425 	5417 	5416
f 5425 	5427 	5428
f 5428 	5426 	5425
f 5426 	5428 	5422
f 5422 	5421 	5426
f 5424 	5422 	5428
f 5425 	2062 	5427
f 2062 	1996 	5427
f 5428 	5427 	1996
f 1987 	5418 	5423
f 1987 	5423 	5428
f 5424 	5428 	5423
f 1987 	5429 	5418
f 5420 	5418 	5429
f 1987 	1986 	5429
f 1978 	1977 	5429
f 5429 	1977 	1982
f 1982 	1985 	5429
f 1978 	5429 	1986
f 5428 	1996 	1987
f 5415 	5430 	2087
f 5415 	5419 	5430
f 2029 	2087 	5430
f 2014 	5430 	5429
f 2029 	5430 	2014
f 2019 	2014 	5429
f 1985 	2019 	5429
f 5420 	5430 	5419
f 5420 	5429 	5430
f 2093 	5435 	5431
f 5434 	5431 	5432
f 2100 	2093 	5433
f 5431 	5433 	2093
f 5434 	5433 	5431
f 5432 	5431 	5435
f 2083 	5435 	2093
f 5435 	2083 	5436
f 2083 	2084 	5436
f 5432 	5435 	5436
f 5437 	5439 	5438
f 5437 	5438 	5440
f 5440 	5441 	5437
f 5442 	5441 	5440
f 5436 	5440 	5432
f 5432 	5440 	5438
f 5434 	5432 	5438
f 2028 	5443 	2089
f 5443 	2084 	2089
f 2088 	2089 	2084
f 5444 	2084 	5443
f 5443 	5440 	5436
f 5436 	5444 	5443
f 5444 	5436 	2084
f 5443 	5445 	5446
f 5445 	5447 	5446
f 5443 	5446 	5442
f 5442 	5440 	5443
f 5446 	5447 	5442
f 5447 	5445 	5443
f 2028 	2005 	5447
f 5447 	5443 	2028
f 1981 	5441 	5442
f 5442 	5447 	1981
f 5448 	5437 	5449
f 5437 	5441 	1981
f 5437 	5448 	5439
f 1984 	5437 	1980
f 1981 	1980 	5437
f 1979 	1984 	1980
f 1984 	5449 	5437
f 1992 	5449 	1984
f 1992 	2002 	5449
f 5447 	2005 	1981
f 5433 	5451 	2027
f 5450 	2027 	5451
f 2027 	2100 	5433
f 5434 	5438 	5433
f 5451 	5433 	5438
f 2027 	5450 	2020
f 5452 	2004 	2020
f 5452 	2020 	5450
f 5452 	5449 	2004
f 2002 	2004 	5449
f 5450 	5451 	5448
f 5448 	5452 	5450
f 5439 	5448 	5438
f 5451 	5438 	5448
f 5452 	5448 	5449
f 2103 	5453 	2082
f 2080 	2124 	2096
f 2082 	5455 	5454
f 2080 	2082 	5454
f 5457 	5454 	5455
f 5456 	2124 	5454
f 2080 	5454 	2124
f 5457 	5456 	5454
f 2082 	5453 	5458
f 2082 	5458 	5459
f 5459 	5455 	2082
f 5457 	5455 	5460
f 5460 	5465 	5464
f 5460 	5462 	5461
f 5461 	5457 	5460
f 5465 	5455 	5463
f 5465 	5460 	5455
f 5459 	5463 	5455
f 2112 	2137 	5466
f 5466 	5467 	2112
f 2112 	5467 	5453
f 2103 	2112 	5453
f 5468 	5453 	5467
f 5468 	5463 	5459
f 5458 	5453 	5468
f 5468 	5459 	5458
f 5467 	5469 	5468
f 5470 	5468 	5469
f 5465 	5463 	5468
f 5468 	5470 	5465
f 1991 	5469 	5466
f 5467 	5466 	5469
f 2137 	2026 	5466
f 1991 	5466 	2026
f 1989 	5469 	1991
f 5470 	5469 	5464
f 5465 	5470 	5464
f 5460 	5464 	5471
f 1983 	5471 	5464
f 5462 	5460 	5472
f 5471 	5472 	5460
f 1983 	1990 	5471
f 2011 	5472 	5471
f 5471 	1990 	2011
f 2011 	2012 	5472
f 5464 	1988 	1983
f 1989 	1988 	5469
f 5464 	5469 	1988
f 5456 	5473 	2025
f 5474 	2025 	5473
f 2025 	2128 	5456
f 5457 	5461 	5456
f 5473 	5456 	5461
f 2124 	5456 	2128
f 2025 	5474 	2021
f 5474 	2018 	2021
f 5474 	5472 	2018
f 2012 	2018 	5472
f 5473 	5461 	5462
f 5462 	5474 	5473
f 5462 	5472 	5474
f 2085 	5475 	2079
f 2079 	5475 	2102
f 2102 	5476 	5477
f 5477 	2121 	2102
f 5478 	5477 	5476
f 5476 	2102 	5475
f 5475 	2085 	5479
f 5485 	5480 	5481
f 5481 	5478 	5485
f 5480 	5485 	5484
f 5480 	5482 	5481
f 5479 	5483 	5475
f 5485 	5475 	5483
f 5476 	5485 	5478
f 5475 	5485 	5476
f 5486 	5487 	2097
f 5488 	2097 	5487
f 5487 	5483 	5479
f 5479 	5488 	5487
f 5479 	2085 	5488
f 2097 	5488 	2085
f 5486 	5489 	5487
f 5485 	5487 	5489
f 5485 	5483 	5487
f 2010 	5489 	5486
f 2131 	2024 	5486
f 5486 	2097 	2131
f 2010 	5486 	2024
f 5489 	2010 	2003
f 1999 	5484 	5489
f 5485 	5489 	5484
f 5480 	5484 	5491
f 5490 	5480 	5491
f 1999 	5491 	5484
f 5482 	5480 	5490
f 1999 	1994 	5491
f 1994 	1993 	5491
f 5492 	5490 	5491
f 2001 	5492 	5491
f 5491 	1993 	2001
f 2001 	2013 	5492
f 2003 	1999 	5489
f 5477 	5494 	5493
f 5493 	2121 	5477
f 5478 	5481 	5477
f 5494 	5477 	5481
f 5493 	5494 	2126
f 5493 	2126 	2121
f 2016 	2126 	5494
f 2016 	5494 	5492
f 5490 	5492 	5494
f 2017 	2016 	5492
f 2013 	2017 	5492
f 5482 	5494 	5481
f 5494 	5482 	5490
f 2101 	5499 	2107
f 5495 	2108 	2107
f 2108 	5495 	2113
f 5495 	2107 	5497
f 5496 	5497 	2107
f 5498 	5497 	5496
f 2113 	5495 	5497
f 5499 	5496 	2107
f 5500 	5499 	2120
f 2101 	2120 	5499
f 5496 	5499 	5500
f 5503 	5496 	5501
f 5506 	5505 	5496
f 5501 	5496 	5505
f 5506 	5496 	5504
f 5504 	5496 	5500
f 5503 	5498 	5496
f 5503 	5502 	5498
f 2120 	2136 	5507
f 5508 	5509 	5507
f 2120 	5507 	5509
f 5510 	2120 	5509
f 5509 	5504 	5500
f 5500 	5510 	5509
f 5500 	2120 	5510
f 5511 	5506 	5508
f 5509 	5508 	5506
f 5506 	5504 	5509
f 5512 	5511 	5507
f 5508 	5507 	5511
f 2136 	2030 	5507
f 2030 	2000 	5512
f 5512 	5507 	2030
f 5511 	5512 	5506
f 2000 	1998 	5512
f 5505 	1997 	5501
f 1997 	5505 	5506
f 5503 	5501 	5513
f 5514 	5501 	1997
f 2051 	5514 	1997
f 1956 	5513 	5514
f 5501 	5514 	5513
f 2051 	1956 	5514
f 1955 	5513 	1956
f 5506 	5512 	1997
f 5512 	1998 	1997
f 5497 	5502 	2113
f 5516 	2113 	5502
f 5502 	5497 	5498
f 2113 	5516 	5515
f 5515 	1959 	2113
f 5515 	5517 	1959
f 5517 	5513 	1955
f 1955 	1959 	5517
f 5515 	5516 	5513
f 5513 	5517 	5515
f 5503 	5513 	5502
f 5516 	5502 	5513
f 2078 	5524 	2077
f 2078 	2109 	5524
f 2109 	5518 	5524
f 2109 	2114 	5518
f 5519 	2094 	2077
f 5520 	5519 	5524
f 5519 	2077 	5524
f 5521 	2094 	5519
f 5522 	5521 	5520
f 5519 	5520 	5521
f 5524 	5518 	5523
f 5525 	5524 	5523
f 5531 	5526 	5529
f 5528 	5527 	5526
f 5524 	5529 	5526
f 5529 	5530 	5531
f 5532 	5531 	5530
f 5529 	5524 	5525
f 5522 	5520 	5526
f 5526 	5527 	5522
f 5524 	5526 	5520
f 2132 	1960 	1958
f 1958 	5533 	2132
f 2132 	5533 	5518
f 2114 	2132 	5518
f 5534 	5518 	5533
f 5534 	5529 	5525
f 5523 	5518 	5534
f 5534 	5525 	5523
f 5535 	5534 	5533
f 5534 	5535 	5530
f 5530 	5529 	5534
f 5532 	5530 	5535
f 1957 	5533 	1958
f 5535 	5533 	1957
f 5532 	5535 	5531
f 5531 	2042 	5526
f 2042 	2057 	5526
f 5528 	5526 	2057
f 2050 	2042 	5531
f 5531 	5535 	1957
f 1957 	2050 	5531
f 5521 	5536 	2098
f 2098 	2094 	5521
f 5522 	5527 	5521
f 5536 	5521 	5527
f 1961 	5528 	2057
f 2098 	5536 	1961
f 5528 	1961 	5527
f 5536 	5527 	1961
f 5540 	5537 	2081
f 5537 	2117 	2081
f 2081 	2091 	5538
f 5539 	2081 	5538
f 2081 	5539 	5540
f 5538 	2091 	5541
f 5542 	5541 	2099
f 2091 	2099 	5541
f 5543 	5538 	5541
f 5541 	5542 	5543
f 5544 	5546 	5545
f 5544 	5545 	5547
f 5544 	5547 	5548
f 5549 	5548 	5547
f 5550 	5545 	5543
f 5550 	5547 	5545
f 5540 	5539 	5545
f 5539 	5538 	5545
f 5538 	5543 	5545
f 2130 	1963 	5551
f 5551 	5552 	2130
f 5552 	5553 	5542
f 5542 	2130 	5552
f 5553 	5547 	5550
f 5550 	5542 	5553
f 2130 	5542 	2099
f 5543 	5542 	5550
f 5552 	5554 	5553
f 5555 	5553 	5554
f 5549 	5547 	5553
f 5553 	5555 	5549
f 5552 	5551 	5554
f 5551 	1963 	1962
f 2058 	5554 	5551
f 1962 	1964 	5551
f 2058 	5551 	1964
f 5548 	2041 	5544
f 2041 	5548 	5555
f 5555 	5554 	2041
f 5549 	5555 	5548
f 2041 	2033 	5544
f 5544 	2033 	5557
f 5556 	5557 	2033
f 5546 	5544 	5557
f 5556 	2033 	2053
f 2058 	2041 	5554
f 5558 	5537 	5559
f 5540 	5559 	5537
f 5540 	5545 	5559
f 1967 	5537 	5558
f 5537 	1967 	2117
f 1965 	1967 	5558
f 2053 	1965 	5556
f 5558 	5556 	1965
f 5546 	5557 	5545
f 5557 	5556 	5559
f 5558 	5559 	5556
f 5559 	5545 	5557
f 2090 	5565 	2086
f 2095 	5560 	2105
f 2086 	5564 	5560
f 2095 	2086 	5560
f 5563 	5560 	5561
f 5562 	2105 	5560
f 2123 	2105 	5562
f 5563 	5562 	5560
f 5561 	5560 	5564
f 5564 	2086 	5565
f 5561 	5564 	5565
f 5566 	5568 	5567
f 5566 	5569 	5570
f 5571 	5570 	5569
f 5565 	5569 	5566
f 5565 	5566 	5561
f 5563 	5561 	5567
f 5566 	5567 	5561
f 5572 	5573 	2133
f 2092 	2133 	5573
f 2092 	5573 	2090
f 5572 	2133 	1966
f 5574 	2090 	5573
f 5573 	5569 	5565
f 5565 	5574 	5573
f 5574 	5565 	2090
f 5573 	5575 	5576
f 5575 	5571 	5576
f 5573 	5576 	5571
f 5571 	5569 	5573
f 5577 	5575 	5572
f 5573 	5572 	5575
f 1966 	5577 	5572
f 1966 	2037 	5577
f 5575 	5577 	5571
f 5578 	5566 	2032
f 2032 	5570 	5571
f 5570 	2032 	5566
f 5579 	5566 	2049
f 5578 	2049 	5566
f 5568 	5566 	5579
f 2032 	2031 	5578
f 2031 	2034 	5578
f 2036 	2049 	5578
f 5578 	2034 	2036
f 5571 	5577 	2032
f 5577 	2037 	2032
f 5562 	5580 	1968
f 1968 	2123 	5562
f 5563 	5567 	5562
f 5580 	5562 	5567
f 1968 	5580 	5579
f 5568 	5579 	5567
f 5580 	5567 	5579
f 1968 	5579 	2049
f 2111 	5585 	2115
f 5585 	5581 	2115
f 2104 	5586 	2110
f 2118 	2115 	5583
f 5582 	5583 	2115
f 5584 	5583 	5582
f 5582 	2115 	5581
f 2111 	2110 	5586
f 5586 	5585 	2111
f 5586 	5581 	5585
f 5591 	5589 	5588
f 5588 	5584 	5591
f 5589 	5591 	5587
f 5592 	5591 	5590
f 5586 	5590 	5581
f 5591 	5582 	5590
f 5584 	5582 	5591
f 5581 	5590 	5582
f 2134 	5593 	2106
f 2106 	5593 	5595
f 2104 	2106 	5595
f 5593 	5594 	5595
f 5594 	5590 	5586
f 5586 	5595 	5594
f 2104 	5595 	5586
f 5592 	5590 	5594
f 2046 	5594 	5593
f 2046 	5593 	2134
f 5592 	5594 	5596
f 2046 	5596 	5594
f 5591 	2045 	5587
f 2045 	5591 	5592
f 2054 	5589 	5587
f 2043 	2044 	5587
f 2035 	2044 	2043
f 2044 	2054 	5587
f 5587 	2045 	2043
f 5596 	2045 	5592
f 5596 	2046 	2045
f 5583 	5598 	5597
f 2056 	5597 	5598
f 5597 	2118 	5583
f 5584 	5588 	5583
f 5598 	5583 	5588
f 2129 	5597 	2056
f 2056 	2138 	2129
f 5597 	2129 	2118
f 2059 	2138 	2056
f 2056 	2055 	2059
f 1971 	1970 	2138
f 2138 	2059 	1971
f 2056 	5598 	5588
f 2056 	5588 	2054
f 5588 	5589 	2054
f 5603 	5599 	2119
f 2122 	2119 	5601
f 5600 	5601 	2119
f 5602 	5601 	5600
f 2119 	2116 	5603
f 5600 	2119 	5599
f 2116 	2127 	5604
f 5604 	5603 	2116
f 5599 	5603 	5604
f 5600 	5605 	5606
f 5600 	5604 	5605
f 5609 	5605 	5608
f 5604 	5608 	5605
f 5611 	5610 	5609
f 5605 	5609 	5610
f 5600 	5599 	5604
f 5607 	5606 	5605
f 5602 	5600 	5606
f 2127 	2135 	5612
f 5612 	5608 	5604
f 5604 	2127 	5612
f 5613 	5612 	2135
f 5612 	5613 	5609
f 5609 	5608 	5612
f 5611 	5609 	5613
f 1969 	1972 	2135
f 1972 	2052 	2135
f 2135 	2052 	5613
f 5611 	5613 	5610
f 5610 	2038 	5605
f 2038 	5614 	5615
f 5615 	5605 	2038
f 5607 	5605 	5615
f 2039 	5614 	2038
f 5610 	5613 	2052
f 2038 	5610 	2047
f 5610 	2048 	2047
f 5610 	2052 	2048
f 5601 	5617 	2125
f 5616 	2125 	5617
f 5602 	5606 	5601
f 5617 	5601 	5606
f 1975 	1974 	2139
f 2139 	5616 	1975
f 2125 	5616 	2139
f 2122 	5601 	2125
f 1976 	1975 	5614
f 5614 	2040 	1976
f 5616 	5614 	1975
f 2039 	2040 	5614
f 5607 	5616 	5606
f 5617 	5606 	5616
f 5615 	5614 	5616
f 5616 	5607 	5615
f 2308 	2311 	5621
f 2311 	2317 	5621
f 2308 	5621 	2314
f 5619 	5618 	2314
f 2315 	2314 	5618
f 5620 	5618 	5619
f 2315 	5618 	5620
f 5620 	2318 	2315
f 5619 	2314 	5621
f 2317 	5622 	5621
f 5619 	5621 	5622
f 5626 	5624 	5623
f 5620 	5623 	5624
f 5627 	5623 	5620
f 5627 	5628 	5623
f 5629 	5628 	5627
f 5622 	5627 	5619
f 5620 	5619 	5627
f 5624 	5625 	5620
f 2225 	5630 	2306
f 2306 	2228 	2225
f 2306 	5630 	5631
f 5631 	2317 	2306
f 5630 	5627 	5622
f 5622 	5631 	5630
f 2317 	5631 	5622
f 5629 	5632 	5633
f 5630 	5633 	5632
f 5630 	5632 	5629
f 5629 	5627 	5630
f 5630 	2225 	2211
f 5634 	5633 	2211
f 5630 	2211 	5633
f 2211 	2206 	5634
f 5628 	2198 	5623
f 2203 	5628 	5629
f 5629 	5633 	2203
f 2197 	5635 	5623
f 5623 	5635 	5637
f 5636 	5637 	5635
f 5626 	5623 	5637
f 2220 	5636 	5635
f 5635 	2197 	2220
f 2197 	5623 	2198
f 2198 	5628 	2203
f 5634 	2203 	5633
f 5620 	5638 	2318
f 5620 	5625 	5638
f 5638 	2223 	2318
f 5638 	5637 	2223
f 5639 	5636 	2223
f 5636 	2220 	2223
f 5639 	2223 	5637
f 5638 	5625 	5624
f 5624 	5637 	5638
f 5639 	5637 	5636
f 5637 	5624 	5626
f 2310 	5643 	2312
f 5641 	2312 	5643
f 2313 	2312 	5641
f 5640 	2323 	2313
f 5641 	5640 	2313
f 2309 	2319 	5643
f 5642 	5643 	2319
f 2310 	2309 	5643
f 5643 	5642 	5644
f 5645 	5646 	5648
f 5645 	5647 	5646
f 5651 	5648 	5646
f 5645 	5648 	5649
f 5650 	5649 	5648
f 5651 	5646 	5644
f 5641 	5643 	5646
f 5643 	5644 	5646
f 2226 	2218 	5653
f 5653 	5642 	2226
f 5652 	2319 	2226
f 5652 	2226 	5642
f 5653 	5648 	5651
f 5651 	5642 	5653
f 5652 	5642 	2319
f 5644 	5642 	5651
f 5650 	5654 	2218
f 5653 	5654 	5650
f 5650 	5648 	5653
f 2218 	5654 	5653
f 2199 	5645 	5649
f 5650 	2218 	5649
f 2199 	5655 	5645
f 5655 	5647 	5645
f 2196 	2199 	5649
f 2200 	5655 	2199
f 2200 	2202 	5655
f 2213 	2196 	5649
f 5649 	2216 	2213
f 5649 	2218 	2216
f 2210 	5640 	5646
f 2323 	5640 	2210
f 5641 	5646 	5640
f 2202 	2205 	5655
f 5656 	2204 	5646
f 2210 	5646 	2204
f 5647 	5656 	5646
f 5655 	2205 	2204
f 5656 	5655 	2204
f 5656 	5647 	5655
f 5658 	2325 	5657
f 2321 	5657 	2325
f 5659 	2329 	5658
f 2325 	5658 	2329
f 2321 	2316 	5657
f 2316 	2320 	5660
f 5660 	5657 	2316
f 5657 	5666 	5661
f 5662 	5661 	5663
f 5661 	5666 	5665
f 5664 	5666 	5660
f 5666 	5657 	5660
f 5661 	5662 	5657
f 5659 	5658 	5662
f 5657 	5662 	5658
f 5667 	5668 	2215
f 2307 	2215 	5668
f 5667 	5664 	5660
f 5660 	5668 	5667
f 5660 	2320 	2307
f 2307 	5668 	5660
f 2201 	5667 	2215
f 5666 	5667 	2201
f 5666 	5664 	5667
f 2209 	2208 	5665
f 5661 	5665 	2208
f 5666 	2201 	2209
f 2209 	5665 	5666
f 2212 	2214 	5669
f 5669 	2208 	2212
f 2214 	2219 	5669
f 2208 	5669 	5663
f 5663 	5661 	2208
f 5669 	2219 	5663
f 5659 	5662 	2224
f 2221 	2224 	5662
f 2224 	2329 	5659
f 5663 	2221 	5662
f 5663 	2219 	2221
f 2327 	2324 	2328
f 2328 	2324 	5671
f 5670 	5671 	2324
f 2262 	2275 	2331
f 2328 	2262 	2331
f 5671 	2262 	2328
f 2330 	5672 	2326
f 5673 	5670 	2326
f 2324 	2326 	5670
f 2326 	5672 	5673
f 5674 	5675 	5678
f 5671 	5678 	5675
f 5675 	5674 	5676
f 5671 	5677 	5678
f 5679 	5678 	5677
f 5673 	5677 	5670
f 5671 	5670 	5677
f 2222 	5680 	2330
f 5673 	5680 	5677
f 5672 	2330 	5680
f 5680 	5673 	5672
f 5681 	5680 	2222
f 2222 	2217 	5681
f 5679 	5677 	5681
f 5680 	5681 	5677
f 2236 	5674 	5682
f 5674 	5678 	5682
f 2217 	5682 	5681
f 5678 	5681 	5682
f 5679 	5681 	5678
f 5682 	2238 	2236
f 2240 	2241 	2277
f 2240 	2277 	5674
f 5674 	2236 	2240
f 5676 	5674 	2277
f 2227 	2238 	5682
f 5682 	2207 	2227
f 5682 	2217 	2207
f 5671 	5675 	2271
f 2271 	2262 	5671
f 5683 	2277 	2271
f 2271 	5675 	5676
f 5676 	5683 	2271
f 5683 	5676 	2277
f 5684 	2260 	2256
f 5684 	2256 	5687
f 2260 	5684 	2264
f 2264 	5684 	5685
f 2256 	2259 	5686
f 2259 	5687 	5686
f 2263 	5687 	2259
f 2256 	5686 	5687
f 5691 	5688 	5684
f 5684 	5688 	5690
f 5689 	5684 	5690
f 5693 	5688 	5691
f 5688 	5693 	5692
f 5685 	5684 	5689
f 5691 	5684 	5687
f 5695 	2263 	5694
f 2265 	5694 	2263
f 5694 	5691 	5687
f 5687 	5695 	5694
f 5695 	5687 	2263
f 5696 	5694 	2239
f 2265 	2239 	5694
f 5694 	5696 	5693
f 5693 	5691 	5694
f 5696 	2239 	5693
f 2265 	2274 	2239
f 2234 	5688 	5692
f 2239 	2235 	5692
f 5693 	2239 	5692
f 5697 	2230 	2232
f 2230 	5688 	2234
f 5690 	5688 	5697
f 2230 	5697 	5688
f 2234 	5692 	2235
f 2268 	2264 	5698
f 5698 	2276 	2268
f 5685 	5689 	5698
f 5698 	2264 	5685
f 2276 	5697 	2232
f 5698 	5697 	2276
f 5690 	5697 	5689
f 5698 	5689 	5697
f 2255 	5699 	2254
f 5700 	2254 	5699
f 2251 	2254 	5700
f 5701 	2251 	5700
f 5702 	5699 	2255
f 2255 	2261 	5702
f 5706 	5703 	5702
f 5704 	5702 	5703
f 5707 	5706 	5705
f 5706 	5702 	5705
f 5700 	5699 	5704
f 5708 	5700 	5704
f 5702 	5704 	5699
f 5700 	5708 	5701
f 2272 	5709 	2261
f 5710 	2261 	5709
f 5709 	5705 	5702
f 5702 	5710 	5709
f 5710 	5702 	2261
f 5711 	5709 	2272
f 5707 	5711 	5713
f 5712 	5713 	5711
f 5709 	5711 	5707
f 5707 	5705 	5709
f 2272 	2233 	5712
f 5712 	5711 	2272
f 2233 	5713 	5712
f 2233 	2229 	5713
f 2237 	2179 	5706
f 2231 	5707 	5713
f 5713 	2229 	2231
f 2237 	5706 	2231
f 5707 	2231 	5706
f 2170 	5706 	2179
f 5703 	5706 	2170
f 2170 	2245 	5703
f 5704 	5703 	2245
f 5714 	2247 	5708
f 5701 	5708 	2251
f 2247 	2251 	5708
f 2245 	5714 	5715
f 2245 	2247 	5714
f 5715 	5714 	5704
f 5708 	5704 	5714
f 5715 	5704 	2245
f 5716 	2258 	2257
f 5719 	2257 	5717
f 5716 	2257 	5719
f 2266 	5716 	5718
f 2266 	2258 	5716
f 5719 	5718 	5716
f 2252 	5717 	2257
f 2252 	2250 	5720
f 5721 	5717 	2252
f 2252 	5720 	5721
f 5725 	5722 	5717
f 5723 	5717 	5722
f 5725 	5717 	5726
f 5721 	5724 	5717
f 5724 	5726 	5717
f 5723 	5727 	5717
f 5719 	5717 	5727
f 2242 	5728 	2250
f 5721 	5728 	5724
f 5720 	2250 	5728
f 5728 	5721 	5720
f 2242 	2244 	5729
f 5729 	5730 	2242
f 2242 	5730 	5728
f 5726 	5730 	2169
f 5729 	2176 	2169
f 5729 	2169 	5730
f 5728 	5730 	5726
f 5726 	5724 	5728
f 2244 	2243 	5729
f 5729 	2246 	2178
f 2178 	2176 	5729
f 2243 	2246 	5729
f 5725 	2166 	2161
f 2169 	2166 	5726
f 2166 	5725 	5726
f 2165 	5725 	2161
f 5722 	2165 	2175
f 2165 	5722 	5725
f 5723 	5722 	2175
f 5718 	5727 	2181
f 2181 	2266 	5718
f 5731 	2181 	5727
f 5719 	5727 	5718
f 5731 	5727 	5723
f 2181 	5731 	2175
f 5723 	2175 	5731
f 2273 	5733 	5732
f 2273 	2270 	5733
f 5734 	5732 	5733
f 2278 	5732 	2279
f 2278 	2273 	5732
f 5734 	2279 	5732
f 2267 	5736 	2270
f 5735 	2267 	2269
f 5733 	2270 	5736
f 2267 	5735 	5736
f 5738 	5733 	5737
f 5739 	5738 	5737
f 5742 	5737 	5743
f 5733 	5743 	5737
f 5743 	5740 	5742
f 5741 	5737 	5742
f 5743 	5733 	5736
f 5733 	5738 	5734
f 2248 	5744 	5735
f 5735 	2269 	2248
f 5744 	5740 	5743
f 5743 	5735 	5744
f 5736 	5735 	5743
f 2248 	2249 	5744
f 2249 	2174 	5742
f 5744 	2249 	5742
f 5742 	5740 	5744
f 5737 	5741 	2164
f 2164 	2160 	5737
f 2168 	2164 	5741
f 2174 	2168 	5742
f 2168 	5741 	5742
f 2160 	2162 	5737
f 5739 	5737 	2167
f 2162 	2167 	5737
f 2180 	2300 	5745
f 5734 	5738 	2300
f 5745 	2300 	5738
f 2300 	2279 	5734
f 5745 	2171 	2180
f 5745 	5739 	2171
f 5745 	5738 	5739
f 2172 	5739 	2167
f 2172 	2171 	5739
f 5747 	2281 	5746
f 2282 	5747 	2285
f 2282 	2281 	5747
f 5748 	2281 	2288
f 5748 	2288 	2289
f 5749 	5746 	5748
f 2281 	5748 	5746
f 5748 	2289 	5749
f 5750 	5752 	5746
f 5751 	5746 	5752
f 5750 	5746 	5755
f 5750 	5755 	5754
f 5749 	5753 	5746
f 5755 	5746 	5753
f 5746 	5751 	5747
f 2289 	2301 	5756
f 5756 	5753 	5749
f 5749 	2289 	5756
f 2163 	5753 	2301
f 5756 	2301 	5753
f 5755 	5753 	2163
f 5754 	2173 	5750
f 2177 	5750 	2173
f 2173 	5755 	2163
f 5754 	5755 	2173
f 2177 	2189 	5752
f 5752 	5750 	2177
f 2189 	2194 	5752
f 2296 	2285 	5747
f 5747 	5751 	2296
f 5752 	2154 	5751
f 2296 	5751 	2154
f 2154 	5752 	2194
f 5758 	2294 	5757
f 2284 	5757 	2294
f 2297 	5758 	5759
f 2297 	2294 	5758
f 2280 	2283 	5760
f 2283 	2290 	5760
f 2284 	2280 	5760
f 5760 	5761 	2284
f 2284 	5761 	5757
f 5760 	2290 	5761
f 5762 	5763 	5761
f 5765 	5761 	5763
f 5759 	5758 	5764
f 5761 	5767 	5762
f 5767 	5761 	5766
f 5758 	5757 	5765
f 5765 	5764 	5758
f 5761 	5765 	5757
f 5761 	2290 	5766
f 2155 	5766 	2290
f 5767 	5766 	2156
f 2155 	2156 	5766
f 2156 	2193 	5767
f 2187 	5762 	5767
f 5767 	2188 	2187
f 5767 	2193 	2188
f 5763 	5762 	2186
f 5762 	2187 	2186
f 5765 	5763 	2191
f 5763 	2186 	2191
f 5759 	2195 	2297
f 5759 	5764 	2195
f 2191 	5764 	5765
f 2191 	2195 	5764
f 2287 	2286 	5768
f 2292 	2287 	5768
f 2292 	5768 	5769
f 2291 	2295 	5770
f 5770 	5768 	2291
f 2286 	2291 	5768
f 2295 	2298 	5770
f 5772 	2182 	2185
f 5772 	2185 	5773
f 5768 	5770 	2185
f 5771 	2185 	5770
f 5771 	5773 	2185
f 5774 	5769 	2185
f 5768 	2185 	5769
f 2157 	5770 	2298
f 5771 	5770 	2157
f 2157 	2158 	5771
f 5773 	5771 	2158
f 5773 	2158 	2190
f 2184 	2182 	5772
f 2190 	2184 	5773
f 5772 	5773 	2184
f 2192 	2292 	5774
f 2185 	2192 	5774
f 5769 	5774 	2292
f 2299 	5775 	5776
f 2299 	2293 	5775
f 2302 	2299 	5776
f 5777 	5775 	2293
f 2293 	2303 	5778
f 5778 	5777 	2293
f 5776 	5775 	2183
f 5779 	2305 	2304
f 5777 	2183 	5775
f 2183 	5777 	5778
f 2183 	5778 	2159
f 2159 	5778 	2303
f 5776 	5780 	5779
f 5779 	2304 	2302
f 2302 	5776 	5779
f 3781 	2305 	2153
f 3782 	2305 	3781
f 3724 	3737 	1497
f 1497 	3872 	3724
f 1497 	1506 	3872
f 1499 	3872 	1506
f 1470 	3737 	3724
f 1471 	1472 	3724
f 1497 	1496 	1504
f 1503 	1504 	3840
f 3840 	3830 	1503
f 1488 	3830 	3840
f 1490 	1489 	3840
f 3829 	3839 	3887
f 3887 	3882 	3829
f 3839 	3829 	1492
f 1502 	1493 	3829
f 1511 	3882 	3887
f 3887 	1513 	1511
f 3391 	3759 	3390
f 3391 	3766 	3759
f 3928 	3759 	3766
f 3766 	3926 	3928
f 3797 	3928 	3926
f 3926 	3796 	3797
f 3798 	3797 	3799
f 3797 	3796 	3799
f 1206 	1202 	1204
f 1911 	1907 	1906
f 3693 	3698 	3694
f 3696 	3688 	3682
f 3688 	3696 	3689
f 3659 	3671 	3660
f 3646 	3681 	3647
f 3403 	3400 	3401
f 3247 	3248 	3250
f 3078 	3081 	3079
f 3081 	3078 	3082
f 2201 	2215 	2210
f 2201 	2202 	2209
f 1497 	1504 	1503
f 1504 	1497 	1505
f 1497 	1504 	1505
f 1504 	1497 	3860
f 1908 	1904 	1909
f 1507 	3801 	3929
f 3390 	3759 	3389
f 2183 	2182 	2153
f 2183 	2153 	5779
f 2305 	5779 	2153
f 5782 	5783 	5784
f 5784 	5785 	5782
f 5783 	5786 	5787
f 5787 	5784 	5783
f 5786 	5788 	5789
f 5789 	5787 	5786
f 5788 	5782 	5785
f 5785 	5789 	5788
f 5785 	5784 	5787
f 5787 	5789 	5785
f 5790 	5791 	5792
f 5792 	5793 	5790
f 5794 	5796 	5795
f 5795 	5796 	5797
f 5800 	5798 	5799
f 5801 	5798 	5800
f 5797 	5800 	5795
f 5799 	5795 	5800
f 5796 	5801 	5797
f 5797 	5801 	5800
f 5799 	5798 	5795
f 5793 	5792 	5783
f 5783 	5782 	5793
f 5792 	5791 	5786
f 5786 	5783 	5792
f 5791 	5790 	5788
f 5788 	5786 	5791
f 5790 	5793 	5782
f 5782 	5788 	5790
f 5802 	5803 	5804
f 5804 	5805 	5802
f 5803 	5806 	5807
f 5807 	5804 	5803
f 5806 	5808 	5809
f 5809 	5807 	5806
f 5808 	5802 	5805
f 5805 	5809 	5808
f 5805 	5804 	5807
f 5807 	5809 	5805
f 5810 	5811 	5812
f 5812 	5813 	5810
f 5803 	5802 	5812
f 5813 	5812 	5802
f 5812 	5811 	5806
f 5806 	5803 	5812
f 5811 	5810 	5808
f 5808 	5806 	5811
f 5810 	5813 	5802
f 5802 	5808 	5810
f 5814 	5815 	5816
f 5815 	5814 	5817
f 5818 	5819 	5820
f 5819 	5818 	5821
f 5822 	5823 	5824
f 5823 	5822 	5825
f 5820 	5817 	5814
f 5817 	5820 	5819
f 5824 	5821 	5818
f 5821 	5824 	5823
f 5815 	5823 	5825
f 5817 	5819 	5815
f 5822 	5815 	5825
f 5815 	5822 	5816
f 5816 	5824 	5814
f 5824 	5816 	5822
f 5826 	5827 	5828
f 5827 	5826 	5829
f 5834 	5833 	5831
f 5830 	5831 	5833
f 5832 	5833 	5834
f 5833 	5832 	5835
f 5831 	5828 	5827
f 5828 	5831 	5830
f 5826 	5832 	5829
f 5832 	5826 	5835
f 5826 	5833 	5835
f 5828 	5830 	5826
f 5829 	5834 	5827
f 5834 	5829 	5832
f 5836 	5837 	5838
f 5837 	5836 	5839
f 5840 	5841 	5843
f 5842 	5845 	5844
f 5843 	5844 	5845
f 5841 	5839 	5836
f 5839 	5841 	5840
f 5844 	5843 	5841
f 5837 	5843 	5845
f 5843 	5837 	5839
f 5838 	5845 	5842
f 5845 	5838 	5837
f 5838 	5844 	5836
f 5844 	5838 	5842
f 5846 	5849 	5848
f 5847 	5848 	5849
f 5849 	5851 	5847
f 5850 	5847 	5851
f 5851 	5853 	5850
f 5852 	5850 	5853
f 5853 	5855 	5852
f 5854 	5852 	5855
f 5855 	5857 	5854
f 5856 	5854 	5857
f 5857 	5858 	5856
f 5858 	5857 	5859
f 5859 	5860 	5858
f 5860 	5859 	5861
f 5861 	5862 	5860
f 5862 	5861 	5863
f 5863 	5865 	5862
f 5864 	5862 	5865
f 5865 	5866 	5864
f 5866 	5865 	5867
f 5867 	5868 	5866
f 5868 	5869 	5866
f 5869 	5868 	5870
f 5870 	5871 	5869
f 5871 	5870 	5872
f 5872 	5873 	5871
f 5873 	5872 	5874
f 5874 	5875 	5873
f 5875 	5874 	5876
f 5876 	5878 	5875
f 5877 	5875 	5878
f 5878 	5879 	5877
f 5879 	5878 	5880
f 5880 	5881 	5879
f 5881 	5880 	5882
f 5882 	5883 	5881
f 5883 	5882 	5884
f 5884 	5885 	5883
f 5885 	5884 	5886
f 5886 	5888 	5885
f 5887 	5885 	5888
f 5888 	5890 	5887
f 5889 	5887 	5890
f 5890 	5892 	5889
f 5891 	5889 	5892
f 5892 	5893 	5891
f 5893 	5892 	5895
f 5895 	5894 	5893
f 5895 	5897 	5894
f 5896 	5894 	5897
f 5897 	5898 	5896
f 5898 	5897 	5899
f 5899 	5901 	5898
f 5900 	5898 	5901
f 5901 	5903 	5900
f 5902 	5900 	5903
f 5903 	5905 	5902
f 5904 	5902 	5905
f 5905 	5906 	5904
f 5848 	5906 	5846
f 5906 	5848 	5904
f 5907 	5910 	5909
f 5908 	5909 	5910
f 5910 	5912 	5908
f 5911 	5908 	5912
f 5912 	5914 	5911
f 5913 	5911 	5914
f 5914 	5916 	5913
f 5915 	5913 	5916
f 5916 	5917 	5915
f 5917 	5916 	5918
f 5918 	5920 	5917
f 5919 	5917 	5920
f 5920 	5922 	5919
f 5921 	5919 	5922
f 5922 	5923 	5921
f 5923 	5922 	5924
f 5924 	5925 	5923
f 5925 	5924 	5926
f 5926 	5927 	5925
f 5927 	5926 	5928
f 5928 	5929 	5927
f 5929 	5928 	5930
f 5930 	5931 	5929
f 5931 	5930 	5932
f 5932 	5933 	5931
f 5933 	5932 	5934
f 5934 	5935 	5933
f 5935 	5934 	5936
f 5936 	5937 	5935
f 5937 	5936 	5938
f 5938 	5939 	5937
f 5939 	5938 	5940
f 5940 	5941 	5939
f 5941 	5940 	5942
f 5942 	5943 	5941
f 5943 	5942 	5944
f 5944 	5946 	5943
f 5945 	5943 	5946
f 5946 	5948 	5945
f 5947 	5945 	5948
f 5948 	5950 	5947
f 5949 	5947 	5950
f 5950 	5951 	5949
f 5951 	5950 	5952
f 5952 	5954 	5951
f 5953 	5951 	5954
f 5954 	5955 	5953
f 5955 	5954 	5956
f 5956 	5957 	5955
f 5957 	5956 	5958
f 5958 	5960 	5957
f 5959 	5957 	5960
f 5960 	5962 	5959
f 5961 	5959 	5962
f 5962 	5964 	5961
f 5963 	5961 	5964
f 5964 	5965 	5963
f 5965 	5964 	5966
f 5966 	5967 	5965
f 5967 	5966 	5968
f 5968 	5907 	5967
f 5909 	5967 	5907
f 5969 	5910 	5907
f 5910 	5969 	5970
f 5970 	5912 	5910
f 5912 	5970 	5971
f 5971 	5972 	5912
f 5914 	5912 	5972
f 5972 	5973 	5914
f 5916 	5914 	5973
f 5973 	5974 	5916
f 5918 	5916 	5974
f 5974 	5920 	5918
f 5920 	5974 	5975
f 5975 	5922 	5920
f 5922 	5975 	5976
f 5976 	5924 	5922
f 5924 	5976 	5977
f 5977 	5926 	5924
f 5926 	5977 	5978
f 5978 	5979 	5926
f 5928 	5926 	5979
f 5979 	5980 	5928
f 5930 	5928 	5980
f 5980 	5981 	5930
f 5932 	5930 	5981
f 5981 	5934 	5932
f 5934 	5981 	5982
f 5982 	5936 	5934
f 5936 	5982 	5983
f 5983 	5984 	5936
f 5938 	5936 	5984
f 5984 	5985 	5938
f 5940 	5938 	5985
f 5985 	5986 	5940
f 5942 	5940 	5986
f 5986 	5944 	5942
f 5944 	5986 	5987
f 5987 	5946 	5944
f 5946 	5987 	5988
f 5988 	5989 	5946
f 5948 	5946 	5989
f 5989 	5990 	5948
f 5950 	5948 	5990
f 5990 	5991 	5950
f 5952 	5950 	5991
f 5991 	5992 	5952
f 5954 	5952 	5992
f 5992 	5956 	5954
f 5956 	5992 	5993
f 5993 	5958 	5956
f 5958 	5993 	5994
f 5994 	5960 	5958
f 5960 	5994 	5995
f 5995 	5962 	5960
f 5962 	5995 	5996
f 5996 	5964 	5962
f 5964 	5996 	5997
f 5997 	5998 	5964
f 5966 	5964 	5998
f 5998 	5999 	5966
f 5968 	5966 	5999
f 5999 	5907 	5968
f 5907 	5999 	5969
f 5909 	5849 	5846
f 5849 	5909 	5908
f 5908 	5851 	5849
f 5851 	5908 	5911
f 5911 	5853 	5851
f 5853 	5911 	5913
f 5913 	5855 	5853
f 5855 	5913 	5915
f 5915 	5857 	5855
f 5857 	5915 	5917
f 5917 	5859 	5857
f 5859 	5917 	5919
f 5919 	5921 	5859
f 5861 	5859 	5921
f 5921 	5923 	5861
f 5863 	5861 	5923
f 5923 	5925 	5863
f 5865 	5863 	5925
f 5925 	5927 	5865
f 5867 	5865 	5927
f 5927 	5929 	5867
f 5868 	5867 	5929
f 5929 	5931 	5868
f 5870 	5868 	5931
f 5931 	5933 	5870
f 5872 	5870 	5933
f 5933 	5935 	5872
f 5874 	5872 	5935
f 5935 	5937 	5874
f 5876 	5874 	5937
f 5937 	5939 	5876
f 5878 	5876 	5939
f 5939 	5941 	5878
f 5880 	5878 	5941
f 5941 	5943 	5880
f 5882 	5880 	5943
f 5943 	5945 	5882
f 5884 	5882 	5945
f 5945 	5947 	5884
f 5886 	5884 	5947
f 5947 	5949 	5886
f 5888 	5886 	5949
f 5949 	5890 	5888
f 5890 	5949 	5951
f 5951 	5892 	5890
f 5892 	5951 	5953
f 5953 	5895 	5892
f 5895 	5953 	5955
f 5955 	5897 	5895
f 5897 	5955 	5957
f 5957 	5959 	5897
f 5899 	5897 	5959
f 5959 	5901 	5899
f 5901 	5959 	5961
f 5961 	5903 	5901
f 5903 	5961 	5963
f 5963 	5905 	5903
f 5905 	5963 	5965
f 5965 	5906 	5905
f 5906 	5965 	5967
f 5967 	5846 	5906
f 5846 	5967 	5909
f 6032 	6001 	6000
f 6016 	6015 	6003
f 6004 	6017 	6005
f 6008 	6009 	6002
f 6021 	6010 	6011
f 6034 	6035 	6013
f 6012 	6013 	6035
f 6017 	6004 	6019
f 6006 	6007 	6021
f 6003 	6002 	6009
f 6022 	6012 	6024
f 6023 	6024 	6012
f 6025 	6026 	6017
f 6005 	6017 	6026
f 6011 	6010 	6027
f 6013 	6012 	6022
f 6000 	6014 	6025
f 6026 	6025 	6014
f 6015 	6028 	6029
f 6028 	6015 	6016
f 6036 	6019 	6018
f 6002 	6003 	6015
f 6024 	6037 	6030
f 6031 	6027 	6010
f 6029 	6028 	6032
f 6001 	6032 	6028
f 6018 	6019 	6004
f 6033 	6007 	6006
f 6030 	6037 	6008
f 6037 	6024 	6023
f 6019 	6036 	6033
f 6014 	6000 	6001
f 6020 	6021 	6007
f 6027 	6035 	6034
f 6035 	6027 	6031
f 6007 	6033 	6036
f 6009 	6008 	6037
f 6010 	6021 	6020
f 6044 	6031 	6039
f 6040 	6051 	6028
f 6001 	6028 	6051
f 6035 	6042 	6012
f 6001 	6043 	6014
f 6050 	6020 	6038
f 6007 	6038 	6020
f 6031 	6044 	6035
f 6026 	6046 	6005
f 6055 	6005 	6046
f 6041 	6038 	6036
f 6007 	6036 	6038
f 6042 	6048 	6012
f 6049 	6014 	6043
f 6020 	6050 	6010
f 6042 	6035 	6044
f 6052 	6003 	6045
f 6047 	6045 	6009
f 6046 	6026 	6049
f 6040 	6016 	6052
f 6054 	6004 	6055
f 6009 	6045 	6003
f 6012 	6053 	6023
f 6014 	6049 	6026
f 6016 	6040 	6028
f 6003 	6052 	6016
f 6053 	6056 	6023
f 6037 	6023 	6056
f 6005 	6055 	6004
f 6053 	6012 	6048
f 6010 	6039 	6031
f 6047 	6037 	6056
f 6004 	6054 	6018
f 6039 	6010 	6050
f 6037 	6047 	6009
f 6054 	6041 	6018
f 6036 	6018 	6041
f 6051 	6043 	6001
f 6040 	6057 	6051
f 6057 	6040 	6058
f 6063 	6041 	6059
f 6052 	6077 	6040
f 6056 	6060 	6047
f 6065 	6047 	6060
f 6062 	6051 	6057
f 6041 	6063 	6038
f 6059 	6054 	6066
f 6060 	6056 	6067
f 6051 	6071 	6043
f 6039 	6064 	6044
f 6069 	6044 	6064
f 6047 	6072 	6045
f 6049 	6073 	6046
f 6074 	6042 	6070
f 6076 	6050 	6068
f 6061 	6044 	6069
f 6046 	6073 	6055
f 6042 	6074 	6048
f 6075 	6043 	6071
f 6044 	6061 	6042
f 6070 	6042 	6061
f 6071 	6051 	6062
f 6045 	6077 	6052
f 6077 	6045 	6072
f 6078 	6055 	6073
f 6068 	6038 	6063
f 6072 	6047 	6065
f 6073 	6049 	6075
f 6064 	6050 	6076
f 6038 	6068 	6050
f 6055 	6066 	6054
f 6066 	6055 	6078
f 6050 	6064 	6039
f 6043 	6075 	6049
f 6058 	6040 	6077
f 6054 	6059 	6041
f 6053 	6067 	6056
f 6048 	6074 	6053
f 6067 	6053 	6074
f 6058 	6095 	6057
f 6079 	6060 	6080
f 6062 	6095 	6071
f 6065 	6085 	6072
f 6085 	6065 	6079
f 6075 	6081 	6073
f 6089 	6070 	6082
f 6068 	6084 	6076
f 6061 	6082 	6070
f 6082 	6061 	6096
f 6063 	6084 	6068
f 6084 	6063 	6086
f 6071 	6081 	6075
f 6081 	6071 	6083
f 6087 	6076 	6084
f 6070 	6089 	6074
f 6072 	6091 	6077
f 6073 	6092 	6078
f 6088 	6074 	6089
f 6090 	6073 	6081
f 6078 	6092 	6066
f 6091 	6072 	6085
f 6092 	6073 	6090
f 6093 	6064 	6087
f 6074 	6088 	6067
f 6094 	6058 	6091
f 6076 	6087 	6064
f 6067 	6080 	6060
f 6096 	6064 	6093
f 6080 	6067 	6088
f 6095 	6058 	6094
f 6059 	6097 	6063
f 6060 	6079 	6065
f 6077 	6091 	6058
f 6083 	6071 	6095
f 6066 	6092 	6059
f 6097 	6059 	6092
f 6069 	6096 	6061
f 6057 	6095 	6062
f 6086 	6063 	6097
f 6064 	6096 	6069
f 6092 	6115 	6097
f 6086 	6108 	6084
f 6094 	6100 	6095
f 6079 	6101 	6085
f 6101 	6079 	6102
f 6103 	6081 	6104
f 6080 	6098 	6079
f 6102 	6079 	6098
f 6082 	6109 	6089
f 6095 	6106 	6083
f 6104 	6083 	6106
f 6100 	6106 	6095
f 6081 	6103 	6090
f 6112 	6090 	6103
f 6097 	6105 	6086
f 6108 	6086 	6105
f 6083 	6104 	6081
f 6096 	6110 	6082
f 6090 	6112 	6092
f 6107 	6084 	6108
f 6089 	6109 	6088
f 6109 	6082 	6110
f 6111 	6085 	6101
f 6099 	6093 	6113
f 6091 	6114 	6094
f 6100 	6094 	6114
f 6105 	6097 	6115
f 6084 	6107 	6087
f 6113 	6087 	6107
f 6085 	6111 	6091
f 6098 	6080 	6116
f 6093 	6099 	6096
f 6116 	6088 	6109
f 6114 	6091 	6111
f 6115 	6092 	6112
f 6110 	6096 	6099
f 6088 	6116 	6080
f 6087 	6113 	6093
f 6117 	6111 	6118
f 6129 	6100 	6123
f 6125 	6105 	6121
f 6111 	6123 	6114
f 6112 	6121 	6115
f 6105 	6125 	6108
f 6113 	6120 	6099
f 6114 	6123 	6100
f 6126 	6102 	6124
f 6115 	6121 	6105
f 6116 	6124 	6098
f 6124 	6116 	6132
f 6102 	6118 	6101
f 6118 	6102 	6126
f 6098 	6124 	6102
f 6110 	6127 	6109
f 6127 	6110 	6128
f 6122 	6107 	6125
f 6099 	6128 	6110
f 6128 	6099 	6120
f 6100 	6129 	6106
f 6103 	6119 	6112
f 6131 	6106 	6129
f 6108 	6125 	6107
f 6109 	6132 	6116
f 6132 	6109 	6127
f 6104 	6133 	6103
f 6133 	6104 	6130
f 6106 	6130 	6104
f 6130 	6106 	6131
f 6123 	6111 	6117
f 6121 	6112 	6119
f 6101 	6118 	6111
f 6119 	6103 	6133
f 6120 	6113 	6122
f 6107 	6122 	6113
f 6117 	6134 	6123
f 6140 	6123 	6134
f 6139 	6122 	6146
f 6134 	6118 	6136
f 6119 	6133 	6137
f 5818 	5814 	5824
f 6118 	6134 	6117
f 6141 	6124 	6143
f 6135 	6119 	6137
f 6127 	6138 	6132
f 6144 	6129 	6140
f 6123 	6140 	6129
f 6119 	6135 	6121
f 6122 	6145 	6120
f 6124 	6141 	6126
f 6136 	6126 	6141
f 6148 	6121 	6135
f 6132 	6143 	6124
f 6142 	6120 	6145
f 6130 	6147 	6133
f 6137 	6133 	6147
f 6125 	6121 	6148
f 6127 	6128 	6138
f 6144 	6147 	6131
f 6130 	6131 	6147
f 6125 	6146 	6122
f 6120 	6142 	6128
f 5818 	5820 	5814
f 6146 	6125 	6148
f 5821 	5815 	5819
f 6131 	6129 	6144
f 6118 	6126 	6136
f 6143 	6132 	6138
f 5823 	5815 	5821
f 6142 	6138 	6128
f 6145 	6122 	6139
f 6006 	6002 	6033
f 6141 	6149 	6136
f 5834 	5831 	5827
f 5833 	5826 	5830
f 6137 	6149 	6135
f 5840 	5843 	5839
f 6147 	6149 	6137
f 6139 	6149 	6145
f 6142 	6149 	6138
f 6146 	6149 	6139
f 6136 	6149 	6134
f 6135 	6149 	6148
f 5841 	5836 	5844
f 6145 	6149 	6142
f 6138 	6149 	6143
f 6140 	6149 	6144
f 6032 	6000 	6017
f 6134 	6149 	6140
f 6029 	6019 	6015
f 6148 	6149 	6146
f 6015 	6019 	6002
f 6143 	6149 	6141
f 6025 	6017 	6000
f 6029 	6032 	6019
f 6033 	6002 	6019
f 6017 	6019 	6032
f 6144 	6149 	6147
f 5973 	6151 	5974
f 6150 	5974 	6151
f 5983 	6152 	5984
f 6152 	5983 	6166
f 5993 	6153 	5994
f 6155 	5994 	6153
f 5975 	6154 	5976
f 5995 	6155 	5996
f 6159 	5996 	6155
f 5985 	6156 	5986
f 5977 	6157 	5978
f 5997 	6159 	5998
f 6158 	5998 	6159
f 5987 	6160 	5988
f 6157 	6161 	5979
f 5980 	5979 	6161
f 5999 	6162 	5969
f 6165 	5969 	6162
f 5989 	6163 	5990
f 5970 	6165 	5971
f 6164 	5971 	6165
f 5981 	6167 	5982
f 6166 	5982 	6167
f 5991 	6168 	5992
f 6168 	5991 	6169
f 5972 	6151 	5973
f 5992 	6153 	5993
f 5974 	6150 	5975
f 6154 	5975 	6150
f 5984 	6152 	5985
f 6156 	5985 	6152
f 5994 	6155 	5995
f 5976 	6154 	5977
f 6157 	5977 	6154
f 5996 	6159 	5997
f 5986 	6156 	5987
f 6160 	5987 	6156
f 5978 	6157 	5979
f 5998 	6158 	5999
f 6162 	5999 	6158
f 5988 	6160 	5989
f 6163 	5989 	6160
f 5969 	6165 	5970
f 5980 	6167 	5981
f 6167 	5980 	6161
f 5990 	6169 	5991
f 6169 	5990 	6163
f 5971 	6164 	5972
f 6151 	5972 	6164
f 5982 	6166 	5983
f 6153 	5992 	6168
f 6170 	6154 	6171
f 6172 	6159 	6173
f 6156 	6174 	6160
f 6174 	6156 	6175
f 6176 	6157 	6177
f 6158 	6179 	6162
f 6178 	6162 	6179
f 6160 	6180 	6163
f 6180 	6160 	6181
f 6157 	6182 	6161
f 6182 	6157 	6176
f 6163 	6184 	6169
f 6183 	6169 	6184
f 6165 	6185 	6164
f 6185 	6165 	6186
f 6167 	6187 	6166
f 6187 	6167 	6188
f 6168 	6189 	6153
f 6195 	6153 	6189
f 6190 	6151 	6191
f 6166 	6193 	6152
f 6192 	6152 	6193
f 6153 	6194 	6155
f 6194 	6153 	6195
f 6150 	6171 	6154
f 6171 	6150 	6196
f 6155 	6173 	6159
f 6173 	6155 	6197
f 6175 	6156 	6192
f 6154 	6177 	6157
f 6177 	6154 	6170
f 6159 	6172 	6158
f 6179 	6158 	6172
f 6181 	6160 	6174
f 6162 	6178 	6165
f 6184 	6163 	6180
f 6186 	6165 	6178
f 6161 	6188 	6167
f 6188 	6161 	6182
f 6169 	6183 	6168
f 6189 	6168 	6183
f 6164 	6191 	6151
f 6191 	6164 	6185
f 6193 	6166 	6187
f 6151 	6190 	6150
f 6196 	6150 	6190
f 6152 	6192 	6156
f 6197 	6155 	6194
f 6174 	6180 	6181
f 6177 	6188 	6176
f 6184 	6180 	6183
f 6189 	6198 	6195
f 6191 	6198 	6190
f 6197 	6194 	6173
f 6172 	6173 	6194
f 6196 	6187 	6171
f 6171 	6188 	6170
f 6178 	6179 	6172
f 6198 	6189 	6183
f 6194 	6195 	6198
f 5904 	6199 	5902
f 5883 	6200 	5881
f 6204 	5881 	6200
f 5862 	6201 	5860
f 5900 	6202 	5898
f 5879 	6203 	5877
f 6203 	5879 	6204
f 5858 	6205 	5856
f 5896 	6206 	5894
f 5854 	6207 	5852
f 5875 	6203 	5873
f 5893 	6208 	5891
f 5850 	6207 	5847
f 5871 	6209 	5869
f 5889 	6210 	5887
f 6199 	5904 	6212
f 5885 	6200 	5883
f 5864 	6213 	5862
f 6201 	5862 	6213
f 6199 	6202 	5902
f 5900 	5902 	6202
f 5881 	6204 	5879
f 5860 	6201 	5858
f 6205 	5858 	6201
f 5898 	6206 	5896
f 6206 	5898 	6202
f 5856 	6205 	5854
f 6207 	5854 	6205
f 5877 	6203 	5875
f 6206 	6208 	5894
f 5893 	5894 	6208
f 5852 	6207 	5850
f 5873 	6209 	5871
f 6209 	5873 	6203
f 5891 	6210 	5889
f 6210 	5891 	6208
f 5847 	6212 	5848
f 6212 	5847 	6207
f 5869 	6211 	5866
f 6211 	5869 	6209
f 5848 	6212 	5904
f 5887 	6200 	5885
f 6200 	5887 	6210
f 5866 	6213 	5864
f 6213 	5866 	6211
f 6218 	6199 	6214
f 6200 	6215 	6204
f 6215 	6200 	6232
f 6216 	6201 	6217
f 6222 	6202 	6218
f 6204 	6219 	6203
f 6219 	6204 	6215
f 6220 	6205 	6221
f 6226 	6206 	6222
f 6223 	6207 	6224
f 6227 	6207 	6223
f 6231 	6209 	6228
f 6230 	6211 	6231
f 6212 	6214 	6199
f 6213 	6217 	6201
f 6199 	6218 	6202
f 6201 	6221 	6205
f 6221 	6201 	6216
f 6202 	6222 	6206
f 6205 	6224 	6207
f 6224 	6205 	6220
f 6225 	6203 	6219
f 6206 	6226 	6208
f 6203 	6228 	6209
f 6228 	6203 	6225
f 6208 	6229 	6210
f 6229 	6208 	6226
f 6207 	6233 	6212
f 6233 	6207 	6227
f 6209 	6231 	6211
f 6214 	6212 	6233
f 6210 	6232 	6200
f 6232 	6210 	6229
f 6211 	6217 	6213
f 6217 	6211 	6230
f 6233 	6219 	6214
f 6215 	6232 	6226
f 6230 	6219 	6217
f 6214 	6219 	6218
f 6229 	6226 	6232
f 6217 	6219 	6216
f 6218 	6219 	6222
f 6221 	6219 	6220
f 6222 	6219 	6226
f 6224 	6219 	6223
f 6223 	6219 	6227
f 6228 	6225 	6231
f 6231 	6219 	6230
f 6216 	6219 	6221
f 6220 	6219 	6224
f 6219 	6231 	6225
f 6219 	6215 	6226
f 6227 	6219 	6233
f 6234 	6235 	6236
f 6235 	6234 	6237
f 6236 	6238 	6239
f 6238 	6236 	6235
f 6240 	6241 	6242
f 6241 	6240 	6243
f 6242 	6244 	6245
f 6244 	6242 	6241
f 6237 	6238 	6235
f 6238 	6237 	6246
f 6247 	6236 	6239
f 6236 	6247 	6234
f 6245 	6248 	6249
f 6248 	6245 	6244
f 6250 	6251 	6240
f 6243 	6240 	6251
f 6244 	6243 	6248
f 6243 	6244 	6241
f 6242 	6245 	6240
f 6249 	6240 	6245
f 6249 	6252 	6253
f 6252 	6249 	6248
f 6248 	6251 	6252
f 6251 	6248 	6243
f 6240 	6253 	6250
f 6253 	6240 	6249
f 6247 	6246 	6250
f 6251 	6250 	6246
f 6253 	6237 	6234
f 6237 	6253 	6252
f 6252 	6246 	6237
f 6246 	6252 	6251
f 6250 	6234 	6247
f 6234 	6250 	6253
f 6239 	6238 	6247
f 6246 	6247 	6238
f 6008 	6002 	6027
f 6008 	6027 	6030
f 6027 	6034 	6022
f 6180 	6198 	6183
f 6192 	6193 	6198
f 6198 	6172 	6194
f 6256 	6254 	6260
f 6258 	6260 	6259
f 6178 	6198 	6186
f 6273 	6261 	6263
f 6030 	6027 	6024
f 6011 	6027 	6002
f 6187 	6198 	6193
f 6257 	6256 	6260
f 6265 	6257 	6260
f 6261 	6259 	6260
f 6259 	6261 	6262
f 6263 	6261 	6266
f 6196 	6190 	6198
f 6192 	6198 	6175
f 6188 	6171 	6187
f 6264 	6269 	6268
f 6269 	6267 	6268
f 6182 	6176 	6188
f 6198 	6187 	6196
f 6013 	6022 	6034
f 6198 	6178 	6172
f 6170 	6188 	6177
f 6191 	6185 	6198
f 6186 	6198 	6185
f 6175 	6198 	6174
f 6255 	6260 	6254
f 6258 	6265 	6260
f 6269 	6266 	6261
f 6174 	6198 	6180
f 6266 	6269 	6264
f 6024 	6027 	6022
f 6267 	6271 	6268
f 6633 	6646 	6638
f 6641 	6654 	6270
f 6270 	6631 	6649
f 6270 	6630 	6631
f 6635 	6270 	6654
f 6633 	6634 	6646
f 6274 	6268 	6272
f 6271 	6272 	6268
f 6641 	6270 	6646
f 6270 	6635 	6630
f 6653 	6270 	6632
f 6262 	6261 	6273
f 6642 	6646 	6270
f 6647 	6270 	6653
f 6648 	6270 	6647
f 6642 	6643 	6646
f 6642 	6270 	6648
f 6632 	6270 	6637
f 6637 	6270 	6275
f 6628 	6629 	6646
f 6277 	6288 	6279
f 6278 	6279 	6280
f 6284 	1475 	6285
f 6287 	6293 	6286
f 6280 	6279 	6288
f 6295 	6288 	6277
f 6289 	1481 	6290
f 6292 	6294 	6291
f 6278 	6286 	6293
f 6283 	8486 	6282
f 6286 	6278 	6280
f 6276 	6291 	6294
f 6288 	6295 	6276
f 6291 	6276 	6295
f 6297 	8591 	6296
f 6299 	8591 	6297
f 6311 	8581 	6301
f 6303 	6306 	6304
f 6307 	6315 	6308
f 6309 	6292 	6310
f 6300 	6301 	8581
f 6294 	6292 	6309
f 6303 	6312 	6306
f 6305 	6303 	6304
f 6316 	6317 	1508
f 6318 	6319 	6320
f 6320 	6319 	6321
f 6322 	1516 	6323
f 6324 	6327 	6326
f 6325 	6326 	6327
f 6327 	6329 	6325
f 6328 	6325 	6329
f 6329 	6331 	6328
f 6330 	6328 	6331
f 6331 	6333 	6330
f 6332 	6330 	6333
f 6333 	6335 	6332
f 6334 	6332 	6335
f 6335 	6337 	6334
f 6336 	6334 	6337
f 6337 	6339 	6336
f 6338 	6336 	6339
f 6339 	6340 	6338
f 6340 	6339 	6341
f 6341 	6342 	6340
f 6342 	6343 	6340
f 6343 	6342 	6344
f 6344 	6345 	6343
f 6345 	6344 	6346
f 6346 	6347 	6345
f 6347 	6346 	6348
f 6348 	6349 	6347
f 6349 	6348 	6350
f 6350 	6351 	6349
f 6351 	6350 	6352
f 6352 	6353 	6351
f 6353 	6352 	6354
f 6354 	6355 	6353
f 6355 	6354 	6356
f 6356 	6357 	6355
f 6357 	6356 	6358
f 6358 	6359 	6357
f 6359 	6358 	6360
f 6360 	6361 	6359
f 6361 	6360 	6362
f 6362 	6363 	6361
f 6363 	6362 	6364
f 6364 	6366 	6363
f 6365 	6363 	6366
f 6366 	6368 	6365
f 6367 	6365 	6368
f 6368 	6370 	6367
f 6369 	6367 	6370
f 6370 	6371 	6369
f 6370 	6372 	6371
f 6372 	6370 	6373
f 6373 	6374 	6372
f 6374 	6373 	6375
f 6375 	6376 	6374
f 6376 	6375 	6377
f 6377 	6378 	6376
f 6378 	6377 	6379
f 6379 	6381 	6378
f 6380 	6378 	6381
f 6381 	6383 	6380
f 6382 	6380 	6383
f 6383 	6385 	6382
f 6384 	6382 	6385
f 6326 	6384 	6324
f 6385 	6324 	6384
f 6386 	6387 	6388
f 6387 	6386 	6389
f 6389 	6390 	6387
f 6390 	6389 	6391
f 6391 	6393 	6390
f 6392 	6390 	6393
f 6393 	6395 	6392
f 6394 	6392 	6395
f 6395 	6397 	6394
f 6396 	6394 	6397
f 6397 	6398 	6396
f 6398 	6397 	6399
f 6399 	6401 	6398
f 6400 	6398 	6401
f 6401 	6402 	6400
f 6402 	6401 	6403
f 6403 	6405 	6402
f 6404 	6402 	6405
f 6405 	6407 	6404
f 6406 	6404 	6407
f 6407 	6409 	6406
f 6408 	6406 	6409
f 6409 	6410 	6408
f 6410 	6409 	6411
f 6411 	6412 	6410
f 6412 	6411 	6413
f 6413 	6414 	6412
f 6414 	6413 	6415
f 6415 	6416 	6414
f 6416 	6415 	6417
f 6417 	6418 	6416
f 6418 	6417 	6419
f 6419 	6420 	6418
f 6420 	6419 	6421
f 6421 	6422 	6420
f 6422 	6421 	6423
f 6423 	6424 	6422
f 6424 	6423 	6425
f 6425 	6426 	6424
f 6426 	6425 	6427
f 6427 	6428 	6426
f 6428 	6427 	6429
f 6429 	6430 	6428
f 6430 	6429 	6431
f 6431 	6432 	6430
f 6432 	6431 	6433
f 6433 	6434 	6432
f 6434 	6433 	6435
f 6435 	6436 	6434
f 6436 	6435 	6437
f 6437 	6439 	6436
f 6438 	6436 	6439
f 6439 	6440 	6438
f 6440 	6439 	6441
f 6441 	6443 	6440
f 6442 	6440 	6443
f 6443 	6445 	6442
f 6444 	6442 	6445
f 6445 	6447 	6444
f 6446 	6444 	6447
f 6447 	6386 	6446
f 6388 	6446 	6386
f 6448 	6389 	6386
f 6389 	6448 	6449
f 6449 	6391 	6389
f 6391 	6449 	6450
f 6450 	6451 	6391
f 6393 	6391 	6451
f 6451 	6395 	6393
f 6395 	6451 	6452
f 6452 	6397 	6395
f 6397 	6452 	6453
f 6453 	6454 	6397
f 6399 	6397 	6454
f 6454 	6455 	6399
f 6401 	6399 	6455
f 6455 	6403 	6401
f 6455 	6456 	6403
f 6405 	6403 	6456
f 6456 	6407 	6405
f 6407 	6456 	6457
f 6457 	6409 	6407
f 6409 	6457 	6458
f 6458 	6411 	6409
f 6411 	6458 	6459
f 6459 	6460 	6411
f 6413 	6411 	6460
f 6460 	6415 	6413
f 6415 	6460 	6461
f 6461 	6462 	6415
f 6417 	6415 	6462
f 6462 	6419 	6417
f 6462 	6463 	6419
f 6421 	6419 	6463
f 6463 	6423 	6421
f 6423 	6463 	6464
f 6464 	6465 	6423
f 6425 	6423 	6465
f 6465 	6466 	6425
f 6427 	6425 	6466
f 6466 	6467 	6427
f 6429 	6427 	6467
f 6467 	6468 	6429
f 6431 	6429 	6468
f 6468 	6469 	6431
f 6433 	6431 	6469
f 6433 	6469 	6470
f 6470 	6435 	6433
f 6470 	6437 	6435
f 6437 	6470 	6471
f 6471 	6439 	6437
f 6439 	6471 	6472
f 6472 	6473 	6439
f 6441 	6439 	6473
f 6473 	6443 	6441
f 6443 	6473 	6474
f 6474 	6445 	6443
f 6445 	6474 	6475
f 6475 	6476 	6445
f 6447 	6445 	6476
f 6476 	6386 	6447
f 6386 	6476 	6448
f 6388 	6327 	6324
f 6327 	6388 	6387
f 6387 	6329 	6327
f 6329 	6387 	6390
f 6390 	6331 	6329
f 6331 	6390 	6392
f 6392 	6333 	6331
f 6333 	6392 	6394
f 6394 	6335 	6333
f 6335 	6394 	6396
f 6396 	6337 	6335
f 6337 	6396 	6398
f 6398 	6339 	6337
f 6339 	6398 	6400
f 6400 	6341 	6339
f 6341 	6400 	6402
f 6402 	6342 	6341
f 6342 	6402 	6404
f 6404 	6406 	6342
f 6344 	6342 	6406
f 6406 	6408 	6344
f 6346 	6344 	6408
f 6408 	6410 	6346
f 6348 	6346 	6410
f 6410 	6412 	6348
f 6350 	6348 	6412
f 6412 	6414 	6350
f 6352 	6350 	6414
f 6414 	6416 	6352
f 6354 	6352 	6416
f 6416 	6418 	6354
f 6356 	6354 	6418
f 6418 	6420 	6356
f 6358 	6356 	6420
f 6420 	6422 	6358
f 6360 	6358 	6422
f 6422 	6424 	6360
f 6362 	6360 	6424
f 6424 	6364 	6362
f 6364 	6424 	6426
f 6426 	6366 	6364
f 6366 	6426 	6428
f 6428 	6368 	6366
f 6368 	6428 	6430
f 6430 	6370 	6368
f 6370 	6430 	6432
f 6370 	6432 	6434
f 6434 	6373 	6370
f 6434 	6436 	6373
f 6375 	6373 	6436
f 6436 	6438 	6375
f 6377 	6375 	6438
f 6438 	6440 	6377
f 6379 	6377 	6440
f 6440 	6381 	6379
f 6381 	6440 	6442
f 6442 	6383 	6381
f 6383 	6442 	6444
f 6444 	6385 	6383
f 6385 	6444 	6446
f 6446 	6324 	6385
f 6324 	6446 	6388
f 6254 	6478 	6255
f 6477 	6255 	6478
f 6489 	6274 	6483
f 6266 	6484 	6263
f 6494 	6263 	6484
f 6485 	6255 	6477
f 6265 	6486 	6257
f 6486 	6265 	6479
f 6271 	6487 	6272
f 6479 	6258 	6481
f 6260 	6480 	6261
f 6272 	6483 	6274
f 6483 	6272 	6487
f 6490 	6269 	6491
f 6262 	6488 	6259
f 6492 	6259 	6488
f 6268 	6489 	6264
f 6493 	6264 	6489
f 6273 	6488 	6262
f 6488 	6273 	6494
f 6269 	6496 	6267
f 6496 	6269 	6490
f 6495 	6259 	6492
f 6261 	6491 	6269
f 6491 	6261 	6480
f 6267 	6496 	6271
f 6274 	6489 	6268
f 6257 	6497 	6256
f 6497 	6257 	6486
f 6481 	6258 	6495
f 6498 	6271 	6496
f 6256 	6478 	6254
f 6478 	6256 	6497
f 6487 	6271 	6498
f 6484 	6264 	6493
f 6258 	6479 	6265
f 6480 	6260 	6482
f 6259 	6495 	6258
f 6263 	6494 	6273
f 6255 	6485 	6260
f 6482 	6260 	6485
f 6264 	6484 	6266
f 6489 	6500 	6493
f 6499 	6493 	6500
f 6514 	6501 	6497
f 6503 	6509 	6482
f 6492 	6504 	6495
f 6484 	6505 	6494
f 6477 	6511 	6485
f 6498 	6506 	6487
f 6506 	6498 	6507
f 6493 	6508 	6484
f 6508 	6493 	6499
f 6481 	6502 	6479
f 6480 	6482 	6509
f 6507 	6496 	6510
f 6495 	6504 	6481
f 6485 	6503 	6482
f 6513 	6483 	6506
f 6478 	6511 	6477
f 6517 	6480 	6509
f 6496 	6507 	6498
f 6488 	6494 	6512
f 6483 	6513 	6489
f 6503 	6485 	6511
f 6479 	6516 	6486
f 6516 	6479 	6502
f 6505 	6512 	6494
f 6486 	6514 	6497
f 6491 	6517 	6490
f 6487 	6506 	6483
f 6504 	6492 	6515
f 6478 	6497 	6501
f 6496 	6490 	6510
f 6514 	6486 	6516
f 6480 	6517 	6491
f 6515 	6488 	6512
f 6511 	6478 	6501
f 6500 	6489 	6513
f 6502 	6481 	6504
f 6510 	6490 	6517
f 6505 	6484 	6508
f 6488 	6515 	6492
f 6519 	6510 	6520
f 6516 	6521 	6514
f 6531 	6515 	6523
f 6526 	6508 	6524
f 6501 	6527 	6511
f 6513 	6536 	6500
f 6518 	6514 	6521
f 6504 	6525 	6502
f 6517 	6520 	6510
f 6508 	6526 	6505
f 6500 	6536 	6499
f 6524 	6499 	6536
f 6514 	6518 	6501
f 6503 	6529 	6509
f 6529 	6503 	6530
f 6525 	6504 	6531
f 6532 	6505 	6526
f 6511 	6527 	6503
f 6507 	6528 	6506
f 6499 	6524 	6508
f 6527 	6501 	6518
f 6502 	6533 	6516
f 6534 	6509 	6529
f 6510 	6519 	6507
f 6528 	6507 	6519
f 6523 	6512 	6532
f 6506 	6535 	6513
f 6522 	6517 	6534
f 6533 	6502 	6525
f 6536 	6513 	6535
f 6530 	6503 	6527
f 6535 	6506 	6528
f 6512 	6523 	6515
f 6505 	6532 	6512
f 6520 	6517 	6522
f 6521 	6516 	6533
f 6515 	6531 	6504
f 6509 	6534 	6517
f 6544 	6530 	6539
f 6537 	6525 	6540
f 6524 	6543 	6526
f 6542 	6526 	6543
f 6549 	6533 	6537
f 6519 	6547 	6528
f 6545 	6526 	6542
f 6539 	6530 	6541
f 6528 	6546 	6535
f 6529 	6550 	6534
f 6550 	6529 	6544
f 6548 	6523 	6545
f 6525 	6537 	6533
f 6530 	6544 	6529
f 6551 	6535 	6546
f 6526 	6545 	6532
f 6534 	6550 	6522
f 6546 	6528 	6547
f 6532 	6545 	6523
f 6552 	6522 	6550
f 6523 	6553 	6531
f 6533 	6549 	6521
f 6553 	6523 	6548
f 6535 	6551 	6536
f 6522 	6554 	6520
f 6540 	6531 	6553
f 6555 	6521 	6549
f 6538 	6518 	6555
f 6520 	6554 	6519
f 6543 	6536 	6551
f 6531 	6540 	6525
f 6521 	6555 	6518
f 6527 	6541 	6530
f 6554 	6522 	6552
f 6518 	6538 	6527
f 6541 	6527 	6538
f 6547 	6519 	6554
f 6536 	6543 	6524
f 6557 	6553 	6558
f 6565 	6541 	6559
f 6563 	6554 	6556
f 6557 	6573 	6540
f 6537 	6540 	6573
f 6542 	6564 	6545
f 6547 	6560 	6546
f 6570 	6546 	6560
f 6538 	6559 	6541
f 6571 	6549 	6566
f 6544 	6567 	6550
f 6554 	6563 	6547
f 6560 	6547 	6563
f 6564 	6568 	6545
f 6564 	6542 	6569
f 6572 	6550 	6567
f 6537 	6566 	6549
f 6566 	6537 	6573
f 6568 	6558 	6548
f 6570 	6574 	6551
f 6541 	6565 	6539
f 6549 	6571 	6555
f 6567 	6544 	6562
f 6551 	6574 	6543
f 6548 	6545 	6568
f 6539 	6562 	6544
f 6562 	6539 	6565
f 6552 	6556 	6554
f 6546 	6570 	6551
f 6553 	6557 	6540
f 6561 	6543 	6574
f 6553 	6548 	6558
f 6555 	6575 	6538
f 6559 	6538 	6575
f 6575 	6555 	6571
f 6550 	6572 	6552
f 6556 	6552 	6572
f 6543 	6561 	6542
f 6569 	6542 	6561
f 6576 	6571 	6577
f 6558 	6582 	6557
f 6583 	6567 	6578
f 6568 	6579 	6558
f 6575 	6580 	6559
f 6570 	6581 	6574
f 6581 	6570 	6591
f 6571 	6576 	6575
f 6572 	6583 	6556
f 6561 	6587 	6569
f 6587 	6561 	6584
f 6582 	6558 	6579
f 6580 	6575 	6576
f 6586 	6573 	6582
f 6585 	6556 	6583
f 6569 	6587 	6564
f 6574 	6584 	6561
f 6584 	6574 	6581
f 6588 	6560 	6585
f 6577 	6573 	6586
f 6556 	6585 	6563
f 6557 	6582 	6573
f 6590 	6564 	6587
f 6563 	6585 	6560
f 6579 	6564 	6590
f 6559 	6580 	6565
f 6567 	6583 	6572
f 6573 	6577 	6566
f 6589 	6565 	6580
f 6560 	6591 	6570
f 6591 	6560 	6588
f 6566 	6577 	6571
f 6562 	6578 	6567
f 6578 	6562 	6589
f 6564 	6579 	6568
f 6565 	6589 	6562
f 6592 	6589 	6593
f 6588 	6595 	6591
f 6600 	6583 	6596
f 6603 	6601 	6579
f 6589 	6598 	6578
f 6596 	6578 	6598
f 6602 	6581 	6599
f 6590 	6603 	6579
f 6604 	6580 	6594
f 6576 	6594 	6580
f 6585 	6583 	6600
f 6594 	6576 	6597
f 6577 	6597 	6576
f 6578 	6596 	6583
f 6606 	6582 	6601
f 6587 	6584 	6602
f 6582 	6579 	6601
f 6593 	6580 	6604
f 6582 	6606 	6586
f 6607 	6587 	6602
f 6585 	6605 	6588
f 6581 	6602 	6584
f 6606 	6597 	6586
f 6600 	6605 	6585
f 6580 	6593 	6589
f 6603 	6590 	6607
f 6598 	6589 	6592
f 6595 	6599 	6591
f 6595 	6588 	6605
f 6577 	6586 	6597
f 6587 	6607 	6590
f 6591 	6599 	6581
f 6607 	6608 	6603
f 6595 	6608 	6599
f 6602 	6608 	6607
f 6606 	6608 	6597
f 6593 	6608 	6592
f 6596 	6608 	6600
f 6603 	6608 	6601
f 6598 	6608 	6596
f 6599 	6608 	6602
f 6592 	6608 	6598
f 6594 	6608 	6604
f 6597 	6608 	6594
f 6601 	6608 	6606
f 6604 	6608 	6593
f 6605 	6608 	6595
f 6600 	6608 	6605
f 6452 	6609 	6453
f 6609 	6452 	6627
f 6461 	6610 	6462
f 6616 	6462 	6610
f 6470 	6611 	6471
f 6611 	6470 	6612
f 6454 	6613 	6455
f 6613 	6454 	6614
f 6611 	6615 	6472
f 6473 	6472 	6615
f 6462 	6616 	6463
f 6620 	6463 	6616
f 6613 	6617 	6455
f 6456 	6455 	6617
f 6474 	6618 	6475
f 6464 	6620 	6465
f 6619 	6465 	6620
f 6457 	6625 	6458
f 6625 	6457 	6617
f 6476 	6621 	6448
f 6624 	6448 	6621
f 6466 	6622 	6467
f 6449 	6624 	6450
f 6623 	6450 	6624
f 6459 	6625 	6460
f 6610 	6460 	6625
f 6468 	6626 	6469
f 6451 	6627 	6452
f 6453 	6614 	6454
f 6614 	6453 	6609
f 6471 	6611 	6472
f 6473 	6618 	6474
f 6618 	6473 	6615
f 6463 	6620 	6464
f 6456 	6617 	6457
f 6618 	6621 	6475
f 6476 	6475 	6621
f 6465 	6622 	6466
f 6622 	6465 	6619
f 6448 	6624 	6449
f 6458 	6625 	6459
f 6467 	6622 	6468
f 6626 	6468 	6622
f 6450 	6623 	6451
f 6627 	6451 	6623
f 6460 	6610 	6461
f 6469 	6626 	6470
f 6612 	6470 	6626
f 6614 	6628 	6613
f 6628 	6614 	6629
f 6615 	6630 	6618
f 6630 	6615 	6631
f 6613 	6634 	6617
f 6633 	6617 	6634
f 6618 	6635 	6621
f 6619 	6637 	6622
f 6636 	6622 	6637
f 6617 	6638 	6625
f 6638 	6617 	6633
f 6622 	6639 	6626
f 6624 	6641 	6623
f 6640 	6623 	6641
f 6625 	6642 	6610
f 6642 	6625 	6643
f 6626 	6644 	6612
f 6645 	6627 	6646
f 6610 	6647 	6616
f 6647 	6610 	6648
f 6612 	6650 	6611
f 6649 	6611 	6650
f 6609 	6629 	6614
f 6629 	6609 	6651
f 6611 	6631 	6615
f 6631 	6611 	6652
f 6616 	6653 	6620
f 6632 	6620 	6653
f 6634 	6613 	6628
f 6635 	6618 	6630
f 6620 	6632 	6619
f 6637 	6619 	6632
f 6621 	6654 	6624
f 6654 	6621 	6635
f 6639 	6622 	6636
f 6641 	6624 	6654
f 6643 	6625 	6638
f 6644 	6626 	6639
f 6623 	6640 	6627
f 6646 	6627 	6640
f 6648 	6610 	6642
f 6650 	6612 	6644
f 6627 	6645 	6609
f 6651 	6609 	6645
f 6653 	6616 	6647
f 6652 	6611 	6649
f 6649 	6631 	6652
f 6628 	6646 	6634
f 6641 	6646 	6640
f 6270 	6644 	6275
f 6649 	6650 	6270
f 6645 	6646 	6629
f 6651 	6645 	6629
f 6636 	6275 	6639
f 6275 	6636 	6637
f 6638 	6646 	6643
f 6639 	6275 	6644
f 6644 	6270 	6650
f 6669 	6658 	6382
f 6380 	6382 	6658
f 6361 	6655 	6359
f 6340 	6656 	6338
f 6378 	6657 	6376
f 6657 	6378 	6658
f 6357 	6659 	6355
f 6336 	6660 	6334
f 6374 	6657 	6372
f 6663 	6372 	6657
f 6332 	6661 	6330
f 6353 	6662 	6351
f 6371 	6663 	6369
f 6666 	6369 	6663
f 6328 	6664 	6325
f 6349 	6665 	6347
f 6367 	6666 	6365
f 6345 	6667 	6343
f 6384 	6669 	6382
f 6363 	6655 	6361
f 6655 	6363 	6666
f 6656 	6340 	6668
f 6380 	6658 	6378
f 6359 	6655 	6357
f 6659 	6357 	6655
f 6338 	6660 	6336
f 6660 	6338 	6656
f 6376 	6657 	6374
f 6334 	6660 	6332
f 6661 	6332 	6660
f 6355 	6659 	6353
f 6662 	6353 	6659
f 6372 	6663 	6371
f 6330 	6661 	6328
f 6664 	6328 	6661
f 6351 	6665 	6349
f 6665 	6351 	6662
f 6369 	6666 	6367
f 6325 	6669 	6326
f 6669 	6325 	6664
f 6347 	6665 	6345
f 6667 	6345 	6665
f 6326 	6669 	6384
f 6365 	6666 	6363
f 6667 	6668 	6343
f 6340 	6343 	6668
f 6669 	6670 	6658
f 6670 	6669 	6671
f 6673 	6656 	6674
f 6658 	6675 	6657
f 6657 	6678 	6663
f 6683 	6662 	6680
f 6663 	6681 	6666
f 6687 	6665 	6683
f 6684 	6666 	6685
f 6686 	6667 	6687
f 6666 	6672 	6655
f 6672 	6666 	6684
f 6668 	6674 	6656
f 6675 	6658 	6670
f 6655 	6676 	6659
f 6676 	6655 	6672
f 6656 	6677 	6660
f 6677 	6656 	6673
f 6678 	6657 	6675
f 6660 	6679 	6661
f 6679 	6660 	6677
f 6659 	6680 	6662
f 6680 	6659 	6676
f 6681 	6663 	6678
f 6661 	6682 	6664
f 6682 	6661 	6679
f 6662 	6683 	6665
f 6685 	6666 	6681
f 6664 	6688 	6669
f 6688 	6664 	6682
f 6665 	6687 	6667
f 6671 	6669 	6688
f 6667 	6674 	6668
f 6674 	6667 	6686
f 6686 	6688 	6674
f 6671 	6688 	6670
f 6674 	6688 	6673
f 6680 	6688 	6683
f 6683 	6688 	6687
f 6685 	6688 	6684
f 6687 	6688 	6686
f 6684 	6688 	6672
f 6670 	6688 	6675
f 6672 	6688 	6676
f 6673 	6688 	6677
f 6675 	6688 	6678
f 6677 	6688 	6679
f 6676 	6688 	6680
f 6678 	6688 	6681
f 6679 	6688 	6682
f 6681 	6688 	6685
f 6689 	6690 	6691
f 6690 	6689 	6692
f 6691 	6693 	6694
f 6693 	6691 	6690
f 6695 	6696 	6697
f 6696 	6695 	6698
f 6699 	6697 	6696
f 6692 	6693 	6690
f 6693 	6692 	6700
f 6701 	6691 	6694
f 6691 	6701 	6689
f 6699 	6702 	6703
f 6704 	6705 	6695
f 6698 	6695 	6705
f 6699 	6698 	6702
f 6698 	6699 	6696
f 6697 	6699 	6695
f 6703 	6695 	6699
f 6703 	6706 	6707
f 6706 	6703 	6702
f 6702 	6705 	6706
f 6705 	6702 	6698
f 6695 	6707 	6704
f 6707 	6695 	6703
f 6701 	6705 	6704
f 6705 	6701 	6700
f 6707 	6706 	6689
f 6692 	6689 	6706
f 6706 	6700 	6692
f 6700 	6706 	6705
f 6704 	6689 	6701
f 6689 	6704 	6707
f 6694 	6693 	6701
f 6700 	6701 	6693
f 1901 	6317 	6708
f 6317 	1901 	1508
f 6316 	6708 	6317
f 6284 	6709 	1475
f 1902 	1475 	6709
f 6285 	6709 	6284
f 6709 	6285 	6710
f 6709 	6290 	1902
f 1481 	1902 	6290
f 6710 	6290 	6709
f 6290 	6710 	6289
f 6711 	6712 	6713
f 6712 	6711 	6714
f 6715 	6716 	6717
f 6716 	6715 	6718
f 6713 	6718 	6715
f 6718 	6713 	6712
f 6717 	6719 	6720
f 6719 	6717 	6716
f 6716 	6714 	6719
f 6716 	6718 	6714
f 6719 	6711 	6720
f 6711 	6719 	6714
f 6713 	6715 	6711
f 6711 	6717 	6720
f 6721 	6724 	6723
f 6722 	6723 	6724
f 6725 	6726 	6722
f 6723 	6722 	6726
f 6726 	6727 	6728
f 6727 	6726 	6725
f 6725 	6724 	6727
f 6725 	6722 	6724
f 6727 	6721 	6728
f 6721 	6727 	6724
f 6723 	6728 	6721
f 6723 	6726 	6728
f 1922 	1924 	6729
f 6729 	6730 	1922
f 6730 	6729 	6731
f 6731 	6732 	6730
f 6732 	6731 	8155
f 8155 	6733 	6732
f 6733 	8155 	8156
f 8156 	6734 	6733
f 6735 	6736 	6734
f 6736 	6735 	6738
f 6738 	6737 	6736
f 6738 	6739 	6737
f 6739 	6738 	6740
f 6739 	6740 	6741
f 6741 	1937 	6739
f 1937 	6741 	1938
f 1939 	6743 	1940
f 6742 	1940 	6743
f 6743 	6744 	6742
f 6744 	6743 	6745
f 6745 	6746 	6744
f 6746 	6745 	6747
f 6747 	6748 	6746
f 6748 	6747 	6749
f 6749 	6750 	6748
f 6750 	6749 	6751
f 6751 	6752 	6750
f 6752 	6751 	6753
f 6753 	6755 	6752
f 6754 	6752 	6755
f 6759 	6758 	6756
f 6758 	6757 	6756
f 6758 	6759 	6760
f 6759 	6761 	6760
f 6764 	6762 	6896
f 6762 	6764 	6763
f 6762 	6763 	6855
f 6833 	6851 	6765
f 6765 	6851 	6916
f 6766 	6846 	6847
f 6846 	6766 	6767
f 6768 	6770 	6771
f 6770 	6768 	6769
f 6772 	6773 	6774
f 6773 	6772 	6775
f 6776 	6777 	6778
f 6777 	6776 	6779
f 6779 	6780 	6781
f 6780 	6779 	6776
f 6782 	6778 	6786
f 6777 	6783 	6778
f 6784 	6781 	6780
f 6778 	6782 	6755
f 6778 	6755 	6785
f 6786 	6783 	6787
f 6789 	6755 	6782
f 6790 	6783 	6791
f 6783 	6790 	6787
f 6755 	6788 	6792
f 6793 	6788 	6755
f 6789 	6793 	6755
f 6794 	6755 	6806
f 6802 	6806 	6755
f 6812 	6792 	6795
f 6785 	6755 	6794
f 6797 	6792 	6798
f 6792 	6797 	6795
f 6790 	6791 	6799
f 6796 	6789 	6800
f 6793 	6789 	6796
f 6799 	6801 	6790
f 6802 	6755 	6804
f 6783 	6786 	6778
f 6781 	6784 	6803
f 6805 	6806 	6807
f 6806 	6805 	6794
f 6808 	6789 	6809
f 6789 	6808 	6800
f 6808 	6809 	6810
f 6797 	6798 	6811
f 6755 	6792 	6812
f 6803 	6784 	6813
f 6815 	6811 	6816
f 6811 	6815 	6797
f 6810 	6817 	6808
f 6813 	6784 	6818
f 6804 	6755 	6814
f 6755 	6812 	6754
f 6849 	6754 	6812
f 6794 	6805 	6819
f 6820 	6790 	6801
f 6821 	6808 	6817
f 6814 	6822 	6858
f 6808 	6821 	6823
f 6931 	6823 	6821
f 6790 	6820 	6824
f 6902 	6824 	6820
f 6825 	6803 	6813
f 6797 	6815 	6826
f 6827 	6828 	6829
f 6828 	6827 	6754
f 6754 	6827 	6830
f 6754 	6831 	6832
f 6831 	6754 	6830
f 6828 	6833 	6829
f 6754 	6834 	6835
f 6828 	6754 	6838
f 6754 	6835 	6836
f 6836 	6837 	6754
f 6838 	6754 	6839
f 6832 	6831 	6840
f 6840 	6831 	6841
f 6842 	6834 	6832
f 6841 	6831 	6843
f 6844 	6842 	6845
f 6846 	6831 	6847
f 6831 	6846 	6843
f 6848 	6754 	6849
f 6754 	6848 	6839
f 6845 	6842 	6850
f 6833 	6828 	6851
f 6852 	6850 	6842
f 6853 	6852 	6854
f 6852 	6853 	6850
f 6844 	6834 	6842
f 6754 	6832 	6834
f 6838 	6839 	6855
f 6757 	6848 	6849
f 6838 	6855 	6856
f 6848 	6757 	6758
f 6857 	6850 	6853
f 6754 	6775 	6772
f 6775 	6754 	6837
f 6856 	6855 	6763
f 6755 	6822 	6814
f 6850 	6857 	6770
f 6771 	6770 	6857
f 6872 	6819 	6859
f 6859 	6819 	6805
f 6860 	6861 	6863
f 6869 	6872 	6860
f 6860 	6867 	6862
f 6860 	6863 	6864
f 6860 	6864 	6865
f 6860 	6865 	6866
f 6860 	6866 	6871
f 6867 	6860 	6868
f 6861 	6860 	6872
f 6871 	6870 	6860
f 6868 	6878 	6867
f 6859 	6861 	6872
f 6869 	6860 	6862
f 6822 	8441 	6858
f 6858 	6860 	6870
f 6868 	6875 	6877
f 6868 	6880 	6875
f 6893 	6868 	6876
f 6877 	6888 	6868
f 6878 	6868 	6888
f 6873 	6867 	6879
f 6875 	6880 	6881
f 6882 	6876 	6868
f 6873 	6883 	6884
f 6883 	6873 	6879
f 6883 	6825 	6884
f 6876 	6882 	6885
f 6874 	6880 	6868
f 6874 	6868 	6886
f 6887 	6914 	6876
f 6887 	6876 	6885
f 6893 	6886 	6868
f 6879 	6867 	6878
f 6886 	6893 	6889
f 6899 	6888 	6877
f 6882 	6868 	6890
f 6875 	6891 	6892
f 6891 	6875 	6881
f 6894 	6930 	6889
f 6896 	6889 	6930
f 6901 	6897 	6874
f 6880 	6874 	6898
f 6884 	6825 	6907
f 6899 	6910 	6895
f 6890 	6903 	6904
f 6903 	6890 	6900
f 6906 	6901 	6874
f 6908 	6868 	6909
f 6868 	6908 	6890
f 6897 	6898 	6874
f 6909 	6868 	6913
f 6902 	6895 	6910
f 6910 	6938 	6902
f 6905 	6911 	6912
f 6911 	6905 	6906
f 6913 	6868 	6920
f 6920 	6868 	6918
f 6914 	6887 	6916
f 6920 	6927 	6913
f 6915 	6912 	6911
f 6919 	6898 	6897
f 6917 	6913 	6927
f 6898 	6919 	6921
f 6893 	6894 	6889
f 6918 	6868 	6922
f 6892 	6891 	6924
f 6922 	6868 	6925
f 6926 	6921 	6919
f 6919 	6937 	6926
f 6895 	6888 	6899
f 6924 	6891 	6929
f 6928 	6917 	6936
f 6927 	6936 	6917
f 6911 	6934 	6915
f 6931 	6891 	6932
f 6891 	6931 	6929
f 6934 	6933 	6915
f 6887 	6935 	6916
f 6903 	6767 	6923
f 6904 	6903 	6923
f 6890 	6908 	6900
f 6916 	6935 	6765
f 6928 	6769 	6939
f 6769 	6928 	6936
f 6906 	6905 	6901
f 6926 	6826 	6815
f 6826 	6926 	6937
f 6823 	6931 	6932
f 6940 	6868 	6772
f 6868 	6940 	6925
f 6824 	6902 	6938
f 6915 	6933 	6759
f 6923 	6767 	6766
f 6764 	6896 	6930
f 6825 	6813 	6907
f 6761 	6759 	6933
f 6939 	6769 	6768
f 6940 	6772 	6774
f 6860 	6941 	6868
f 6946 	6945 	7156
f 7156 	2146 	6946
f 1940 	6947 	2147
f 6947 	1940 	6742
f 6742 	6948 	6947
f 6948 	6742 	6744
f 6744 	6949 	6948
f 6949 	6744 	6746
f 6746 	6950 	6949
f 6950 	6746 	6748
f 6748 	6951 	6950
f 6951 	6748 	6750
f 6750 	6952 	6951
f 6952 	6750 	6752
f 6955 	6953 	7092
f 7092 	6954 	6955
f 6992 	6953 	6955
f 6956 	6957 	7094
f 6957 	6956 	6958
f 6959 	7088 	6994
f 6752 	6960 	6961
f 6961 	6962 	6752
f 6961 	6964 	6965
f 6964 	6961 	6960
f 6960 	6752 	6966
f 6963 	6962 	6967
f 6966 	6752 	6969
f 6965 	6964 	6968
f 6752 	6975 	6969
f 6968 	6964 	6973
f 6974 	6973 	6964
f 6975 	6752 	6980
f 6970 	6963 	6971
f 6963 	6972 	6962
f 6963 	6967 	6971
f 6752 	6972 	6977
f 6970 	6981 	6963
f 6752 	6962 	6972
f 6969 	7042 	6976
f 7042 	6969 	6975
f 6973 	6974 	6979
f 6970 	7100 	6981
f 7044 	6979 	6974
f 6980 	6752 	6754
f 6752 	6984 	6982
f 6983 	6952 	6982
f 6986 	6991 	6984
f 6752 	6986 	6984
f 6987 	6986 	6752
f 6987 	6752 	6988
f 6988 	6752 	6989
f 6990 	6984 	6991
f 6994 	6985 	6959
f 6985 	6994 	6983
f 6982 	6985 	6983
f 6989 	6752 	6977
f 6988 	6992 	6993
f 6992 	6988 	6989
f 6990 	6991 	6958
f 6957 	6958 	6991
f 6993 	6992 	6955
f 6995 	6996 	6997
f 6996 	6995 	6754
f 6754 	6995 	6998
f 6754 	6998 	6999
f 7000 	6754 	6999
f 6996 	6754 	7002
f 7003 	7000 	7004
f 7000 	7003 	7001
f 7002 	7005 	10373
f 7005 	7002 	6754
f 6754 	7000 	7001
f 7006 	7007 	7008
f 7007 	7006 	6754
f 7101 	7001 	7003
f 6754 	7006 	7024
f 7005 	6754 	7025
f 7009 	7011 	7006
f 7006 	7008 	7009
f 6995 	6997 	7010
f 7001 	7101 	7012
f 6997 	7013 	7010
f 7006 	7011 	7014
f 7017 	7014 	7011
f 7013 	7018 	7015
f 7016 	7014 	7017
f 7018 	7021 	7015
f 7016 	7017 	7019
f 7023 	7019 	7017
f 7020 	7015 	7021
f 7123 	7019 	7023
f 6754 	6772 	7025
f 7020 	7021 	7022
f 7112 	7022 	7021
f 6997 	7018 	7013
f 7113 	7012 	7101
f 7122 	7123 	7023
f 6754 	7026 	7028
f 7026 	6754 	7027
f 7026 	7027 	7029
f 7030 	7026 	7029
f 7031 	7032 	7033
f 7032 	7031 	6754
f 7027 	6754 	7031
f 6754 	7028 	7034
f 7035 	6754 	7024
f 6754 	7035 	7032
f 7033 	7036 	7037
f 7036 	7033 	7032
f 6754 	7034 	6980
f 7038 	7037 	7036
f 7030 	7029 	7056
f 7039 	7040 	7053
f 7053 	7040 	7042
f 7040 	7039 	7041
f 7042 	7040 	7043
f 7042 	7043 	6978
f 6978 	6976 	7042
f 7045 	6979 	7044
f 7044 	7060 	7045
f 7064 	7045 	7060
f 7048 	7046 	7047
f 7048 	7049 	7050
f 7049 	7048 	7047
f 7050 	7049 	7051
f 7050 	7051 	7052
f 7053 	7047 	7046
f 7048 	7050 	7054
f 7050 	7052 	7055
f 7056 	7059 	7051
f 7057 	7069 	7055
f 7055 	7058 	7057
f 7050 	7061 	7054
f 7062 	7065 	7058
f 7060 	7054 	7061
f 7057 	7058 	7065
f 7063 	7059 	7056
f 7060 	7061 	7064
f 7067 	7065 	7062
f 7070 	7063 	7056
f 7061 	7050 	7066
f 7065 	7067 	7071
f 7052 	7051 	7059
f 7066 	7050 	7068
f 7050 	7055 	7069
f 7038 	7067 	7037
f 7067 	7038 	7071
f 7070 	7056 	7029
f 7072 	7068 	7083
f 7050 	7083 	7068
f 7039 	7053 	7046
f 7074 	7075 	7078
f 7075 	7076 	7077
f 7076 	7075 	7074
f 7077 	7076 	7079
f 7085 	7079 	7076
f 7078 	7080 	7081
f 7075 	7082 	7078
f 7080 	7082 	7050
f 7080 	7078 	7082
f 7050 	7082 	7083
f 7083 	7084 	7072
f 7080 	7050 	7086
f 7078 	7081 	7087
f 7050 	7089 	7086
f 7078 	7090 	7091
f 7090 	7078 	7087
f 7085 	7092 	7079
f 7093 	7091 	7090
f 7090 	7094 	7093
f 7089 	7050 	7095
f 7085 	6954 	7092
f 7095 	7050 	7096
f 7073 	7072 	7084
f 6981 	7100 	7084
f 7097 	7088 	7089
f 7088 	7086 	7089
f 7093 	7094 	6957
f 7098 	7050 	7099
f 7050 	7098 	7096
f 7073 	7084 	7100
f 6994 	7088 	7097
f 7101 	7116 	7113
f 7102 	7103 	7104
f 7103 	7102 	6868
f 6868 	7102 	7108
f 7103 	6868 	7105
f 7102 	7104 	7106
f 7107 	7106 	7104
f 7107 	7104 	7111
f 6868 	7109 	7105
f 7107 	7111 	7112
f 7105 	7109 	7113
f 7111 	7022 	7112
f 7109 	6868 	7114
f 6868 	7108 	7110
f 7114 	6868 	7115
f 7113 	7116 	7105
f 6868 	7025 	6772
f 7025 	6868 	7110
f 7117 	7118 	7119
f 7118 	7117 	7120
f 7123 	7122 	7119
f 7121 	7117 	7115
f 7117 	7121 	7120
f 7117 	7119 	7122
f 7121 	7115 	7124
f 7115 	7117 	7114
f 7069 	7115 	7050
f 7115 	7069 	7124
f 6868 	7125 	7115
f 7125 	6868 	6941
f 6941 	7126 	7125
f 7126 	6941 	6942
f 6942 	7127 	7126
f 7127 	6942 	6943
f 6943 	7128 	7127
f 7128 	6943 	6944
f 6944 	7129 	7128
f 7129 	6944 	6945
f 6945 	7130 	7129
f 7130 	6945 	6946
f 6946 	2338 	7130
f 2338 	6946 	2146
f 2339 	7131 	2340
f 7131 	2339 	7132
f 7133 	7134 	7135
f 7134 	7133 	7136
f 7136 	7137 	7138
f 8293 	8273 	7139
f 7139 	7136 	7138
f 7140 	7139 	7141
f 7139 	7140 	8293
f 7137 	7136 	8173
f 8293 	7140 	7142
f 7136 	7139 	7134
f 7143 	7142 	8180
f 7144 	7142 	7145
f 7145 	7142 	7143
f 7142 	7144 	8293
f 7146 	7143 	7147
f 7147 	7148 	7146
f 7148 	7147 	7149
f 7149 	7150 	7148
f 7150 	7149 	7151
f 7151 	7152 	7150
f 7152 	7151 	7153
f 7153 	7154 	7152
f 7154 	7153 	7155
f 7155 	7156 	7154
f 7156 	7155 	7157
f 7157 	2369 	7156
f 2368 	7156 	2369
f 7158 	2370 	7228
f 7228 	7159 	7158
f 7160 	7159 	7161
f 7161 	7162 	7160
f 7163 	7162 	7236
f 7236 	7164 	7163
f 7165 	7164 	7240
f 7166 	7167 	7168
f 7166 	7825 	7167
f 7171 	7190 	7170
f 7169 	7170 	7172
f 7175 	7170 	7190
f 7173 	7170 	7174
f 7170 	7173 	7172
f 7174 	7240 	7173
f 7177 	7165 	7178
f 7176 	7177 	7178
f 7176 	7178 	7179
f 7180 	7240 	7181
f 7179 	7183 	7176
f 7181 	7240 	7182
f 7182 	7240 	7174
f 7825 	7176 	7167
f 7183 	7167 	7176
f 7178 	7165 	7180
f 7171 	7170 	7169
f 7240 	7180 	7165
f 7185 	7184 	7186
f 7186 	7187 	7188
f 7186 	7188 	7189
f 7186 	7189 	7190
f 7187 	7186 	7168
f 7190 	7189 	7191
f 7175 	7190 	7191
f 7186 	7190 	7185
f 7168 	7186 	7166
f 7184 	7193 	7186
f 7192 	7186 	7193
f 7193 	7194 	7192
f 7194 	7193 	7195
f 7195 	7196 	7194
f 7196 	7195 	7197
f 7198 	7199 	7200
f 7199 	7198 	7201
f 7199 	7202 	7200
f 7202 	7199 	7203
f 7203 	2418 	7202
f 2417 	7202 	2418
f 2419 	7204 	2420
f 7204 	2419 	7206
f 7205 	7204 	7206
f 7206 	7207 	7205
f 7207 	7206 	7208
f 7208 	7209 	7207
f 7209 	7208 	7210
f 7210 	7211 	7209
f 7211 	7210 	7212
f 7212 	7213 	7211
f 7213 	7212 	7214
f 7214 	7215 	7213
f 7215 	7214 	7216
f 7216 	7217 	7215
f 7217 	7216 	7218
f 7218 	7219 	7217
f 7219 	7218 	7221
f 7221 	7220 	7219
f 7221 	7222 	7220
f 7221 	7223 	7222
f 7223 	7221 	7224
f 7224 	7225 	7223
f 7225 	7224 	7226
f 7226 	7227 	7225
f 7226 	2445 	7227
f 2445 	7226 	2446
f 2447 	7228 	2448
f 7228 	2447 	7229
f 7229 	7230 	7228
f 7230 	7229 	7231
f 7231 	7232 	7230
f 7232 	7231 	7233
f 7233 	7234 	7232
f 7234 	7233 	7235
f 7235 	7236 	7234
f 7236 	7235 	7237
f 7237 	7238 	7236
f 7238 	7237 	7239
f 7239 	7240 	7238
f 7240 	7241 	7246
f 7240 	7242 	7243
f 7242 	7240 	7246
f 7240 	7243 	7245
f 7244 	7240 	7245
f 7242 	7246 	7247
f 7241 	7240 	7250
f 7247 	7246 	7248
f 7248 	7246 	7249
f 7245 	7280 	7244
f 7248 	7249 	7251
f 7250 	7240 	7252
f 8194 	7240 	7244
f 7254 	7253 	7255
f 7253 	7254 	7256
f 7252 	7257 	7258
f 7257 	7252 	7259
f 7266 	7260 	7261
f 7297 	7261 	7260
f 7261 	7297 	7296
f 7260 	7266 	7264
f 7252 	7262 	7263
f 7252 	7263 	7250
f 7250 	7264 	7265
f 7264 	7250 	7263
f 7252 	7258 	7267
f 7266 	7265 	7264
f 7252 	7267 	7262
f 7269 	7251 	7249
f 7251 	7269 	7272
f 7268 	7271 	7270
f 7184 	7270 	7275
f 7269 	7275 	7270
f 7269 	7270 	7271
f 7270 	7184 	7274
f 7269 	7271 	7272
f 7272 	7271 	7273
f 7279 	7277 	7184
f 7281 	7276 	7278
f 7278 	7277 	7279
f 7277 	7278 	7276
f 7274 	7184 	7277
f 7280 	7276 	7281
f 7280 	7282 	7244
f 7282 	7280 	7281
f 7279 	7184 	7283
f 7284 	7287 	7285
f 7284 	7285 	7286
f 7287 	7284 	7288
f 7288 	7284 	7289
f 7284 	7286 	7255
f 7284 	7255 	7253
f 7290 	7292 	7289
f 7290 	7289 	7284
f 7290 	7293 	7291
f 7292 	7296 	7289
f 7292 	7290 	7291
f 7293 	7294 	7295
f 7294 	7293 	7290
f 7297 	7289 	7296
f 7275 	7290 	7184
f 7290 	7275 	7294
f 7284 	7298 	7290
f 7298 	7284 	7299
f 7299 	7300 	7298
f 7300 	7299 	7302
f 7302 	7301 	7300
f 7302 	7303 	7301
f 7303 	7302 	7304
f 2527 	7305 	2528
f 7305 	2527 	7306
f 7306 	7307 	7305
f 7307 	7306 	7308
f 7308 	7309 	7307
f 7309 	7308 	7310
f 7310 	7311 	7309
f 7311 	7310 	7312
f 7312 	7313 	7311
f 7313 	7312 	7314
f 7314 	7315 	7313
f 7315 	7314 	7316
f 7316 	7318 	7315
f 7317 	7315 	7318
f 7319 	7320 	7321
f 7320 	7319 	7322
f 7320 	7323 	7324
f 7323 	7320 	7322
f 7324 	7325 	7326
f 7325 	7324 	7323
f 7319 	7321 	7327
f 7326 	7325 	7328
f 7332 	7321 	7329
f 7321 	7332 	7327
f 7326 	7330 	7331
f 7330 	7326 	7328
f 7332 	7329 	7333
f 7330 	7334 	7335
f 7339 	7330 	7335
f 7336 	7331 	7337
f 7331 	7336 	7326
f 7326 	7336 	7338
f 7330 	7328 	7334
f 7335 	7340 	7339
f 7341 	7337 	7407
f 7337 	7341 	7336
f 7336 	7341 	7342
f 7336 	7343 	7344
f 7343 	7336 	7342
f 7339 	7340 	7345
f 7347 	7345 	7340
f 7344 	7343 	7346
f 7347 	7351 	7345
f 7346 	7343 	7348
f 7348 	7343 	7349
f 7350 	7345 	7351
f 7350 	7351 	7359
f 7336 	7344 	7369
f 7324 	7352 	7353
f 7352 	7324 	7354
f 7318 	7359 	7355
f 7351 	7355 	7359
f 7353 	7352 	7356
f 7357 	7323 	7358
f 7323 	7357 	7325
f 7360 	7352 	7361
f 7352 	7360 	7356
f 7359 	7362 	7363
f 7362 	7359 	7318
f 7528 	7332 	7333
f 7360 	7361 	7364
f 7357 	7365 	7366
f 7365 	7357 	7358
f 7367 	7361 	7368
f 7361 	7367 	7364
f 7336 	7370 	7371
f 7370 	7336 	7369
f 7348 	7349 	7372
f 7373 	7365 	7374
f 7365 	7373 	7366
f 7375 	7348 	7372
f 7324 	7376 	7377
f 7376 	7324 	7353
f 7359 	7378 	7379
f 7378 	7359 	7363
f 7373 	7374 	7380
f 7381 	7377 	7382
f 7376 	7382 	7377
f 7379 	7378 	7383
f 7381 	7382 	7384
f 7385 	7386 	7387
f 7386 	7385 	7318
f 7383 	7378 	7388
f 7384 	7382 	7390
f 7391 	7378 	7392
f 7378 	7391 	7388
f 7390 	7382 	7397
f 7393 	7374 	7394
f 7374 	7393 	7380
f 7370 	7395 	7396
f 7397 	7382 	7398
f 7367 	7368 	7399
f 7324 	7326 	7354
f 7352 	7400 	7401
f 7400 	7352 	7354
f 7393 	7394 	7402
f 7328 	7403 	7404
f 7403 	7328 	7325
f 7401 	7405 	7406
f 7405 	7401 	7400
f 7341 	7407 	7408
f 7338 	7336 	7389
f 7409 	7406 	7405
f 7404 	7403 	7410
f 7402 	7462 	7393
f 7386 	7411 	7387
f 7416 	7370 	7396
f 7412 	7407 	7414
f 7413 	7414 	7407
f 7415 	7424 	7403
f 7417 	7416 	7396
f 7414 	7418 	7419
f 7418 	7414 	7413
f 7324 	7420 	7421
f 7420 	7324 	7377
f 7421 	7422 	7423
f 7422 	7421 	7420
f 7410 	7403 	7424
f 7417 	7437 	7416
f 7447 	7419 	7418
f 7425 	7416 	7437
f 7427 	7423 	7422
f 7428 	7424 	7415
f 7429 	7362 	7430
f 7362 	7429 	7363
f 7415 	7435 	7428
f 7431 	7430 	7432
f 7430 	7431 	7429
f 7423 	7427 	7433
f 7435 	7438 	7428
f 7434 	7432 	7439
f 7432 	7434 	7431
f 7426 	7425 	7437
f 7524 	7428 	7438
f 7436 	7433 	7427
f 7411 	7386 	7440
f 7362 	7318 	7385
f 7370 	7369 	7395
f 7397 	7398 	7441
f 7528 	7333 	7442
f 7391 	7392 	7443
f 7419 	7447 	7444
f 7436 	7427 	7445
f 7408 	7407 	7412
f 7375 	7372 	7460
f 7406 	7409 	7446
f 7524 	7438 	7448
f 7446 	7449 	7450
f 7449 	7446 	7409
f 7451 	7441 	7452
f 7441 	7451 	7397
f 7389 	7336 	7453
f 7371 	7454 	7336
f 7453 	7336 	7317
f 7456 	7455 	7409
f 7457 	7436 	7445
f 7458 	7397 	7451
f 7465 	7524 	7448
f 7386 	7318 	7463
f 7449 	7409 	7455
f 7367 	7399 	7459
f 7487 	7461 	7456
f 7443 	7447 	7391
f 7447 	7443 	7444
f 7498 	7528 	7442
f 7439 	7375 	7434
f 7501 	7458 	7464
f 7458 	7501 	7397
f 7460 	7434 	7375
f 7426 	7411 	7440
f 7411 	7426 	7437
f 7468 	7466 	7317
f 7466 	7468 	7467
f 7469 	7466 	7467
f 7468 	7317 	7470
f 7466 	7469 	7471
f 7470 	7472 	7473
f 7472 	7470 	7317
f 7472 	7317 	7474
f 7461 	7487 	7469
f 7475 	7317 	7476
f 7317 	7475 	7474
f 7476 	7317 	7477
f 7470 	7473 	7478
f 7475 	7476 	7479
f 7477 	7317 	7480
f 7479 	7481 	7475
f 7480 	7482 	7483
f 7482 	7480 	7317
f 7484 	7473 	7485
f 7473 	7484 	7478
f 7485 	7486 	7484
f 7471 	7469 	7487
f 7317 	7466 	7507
f 7482 	7488 	7489
f 7488 	7482 	7317
f 7482 	7490 	7483
f 7490 	7491 	7492
f 7491 	7490 	7482
f 7493 	7489 	7488
f 7494 	7492 	7491
f 7495 	7488 	7496
f 7488 	7495 	7493
f 7494 	7497 	7492
f 7498 	7492 	7497
f 7486 	7485 	7499
f 7500 	7501 	7502
f 7486 	7499 	7503
f 7355 	7317 	7318
f 7317 	7355 	7488
f 7486 	7503 	7504
f 7482 	7489 	7505
f 7459 	7520 	7503
f 7505 	7489 	7506
f 7480 	7508 	7509
f 7508 	7480 	7483
f 7317 	7507 	7510
f 7511 	7489 	7512
f 7489 	7511 	7506
f 7509 	7513 	7515
f 7513 	7509 	7508
f 7516 	7514 	7513
f 7317 	7510 	7517
f 7515 	7518 	7519
f 7518 	7515 	7514
f 7504 	7503 	7520
f 7511 	7512 	7522
f 7475 	7481 	7500
f 7501 	7500 	7481
f 7515 	7513 	7514
f 7495 	7521 	7525
f 7524 	7525 	7521
f 7511 	7522 	7527
f 7526 	7527 	7522
f 7464 	7502 	7501
f 7528 	7498 	7497
f 7317 	7517 	7523
f 7495 	7496 	7521
f 7455 	7456 	7461
f 7436 	7457 	7518
f 7525 	7524 	7465
f 7520 	7459 	7399
f 7527 	7526 	7462
f 7393 	7462 	7526
f 7317 	7523 	7453
f 7519 	7518 	7457
f 7454 	7529 	7336
f 7529 	7454 	7530
f 7530 	7531 	7529
f 7531 	7530 	7532
f 7607 	7534 	7533
f 7536 	7537 	7540
f 7538 	7537 	7536
f 7537 	7538 	7539
f 7540 	7592 	7536
f 7541 	7538 	7542
f 7538 	7541 	7532
f 7539 	7532 	7544
f 7532 	7539 	7538
f 7544 	7545 	7546
f 7545 	7544 	7532
f 7547 	7543 	7548
f 7543 	7547 	7532
f 7541 	7551 	7550
f 7549 	7550 	7551
f 7532 	7547 	7552
f 7590 	7550 	7549
f 7532 	7553 	7554
f 7553 	7532 	7552
f 7532 	7554 	7558
f 7555 	7547 	7548
f 7554 	7556 	7557
f 7532 	7558 	7559
f 7553 	7552 	7560
f 7554 	7561 	7562
f 7561 	7554 	7557
f 7553 	7560 	7563
f 7545 	7532 	7564
f 7563 	7560 	7569
f 7566 	7596 	7561
f 7564 	7565 	7573
f 7565 	7564 	7532
f 7562 	7561 	7596
f 7563 	7567 	7568
f 7567 	7563 	7569
f 7541 	7542 	7551
f 7553 	7563 	7570
f 7544 	7546 	7571
f 7553 	7570 	7572
f 7577 	7571 	7546
f 7553 	7574 	7575
f 7574 	7553 	7572
f 7576 	7577 	7546
f 7578 	7575 	7579
f 7574 	7579 	7575
f 7580 	7581 	7559
f 7578 	7579 	7583
f 7582 	7583 	7579
f 7584 	7567 	7585
f 7560 	7552 	7586
f 7565 	7532 	7587
f 7554 	7553 	7556
f 7555 	7548 	7588
f 7560 	7586 	7593
f 7589 	7590 	7549
f 7560 	7593 	7591
f 7587 	7532 	7597
f 7595 	7591 	7593
f 7559 	7581 	7532
f 7594 	7595 	7593
f 7532 	7598 	7531
f 7598 	7532 	7581
f 7584 	7568 	7567
f 7532 	7541 	7543
f 7576 	7651 	7577
f 7580 	7699 	7581
f 7531 	7602 	7599
f 7531 	7599 	7601
f 7600 	7531 	7601
f 7603 	7535 	7531
f 7602 	7531 	7535
f 7600 	7601 	7605
f 7604 	7602 	7606
f 7603 	7531 	7598
f 7606 	7602 	7535
f 7606 	7535 	7607
f 7531 	7600 	7608
f 7535 	7534 	7607
f 7649 	7573 	7565
f 7651 	7609 	7577
f 7540 	7610 	7592
f 7632 	7611 	7590
f 7589 	7632 	7590
f 7613 	7588 	7612
f 7588 	7613 	7555
f 7614 	7615 	7616
f 7615 	7614 	7617
f 7617 	7618 	7615
f 7617 	7614 	7620
f 7614 	7616 	7622
f 7623 	7621 	7624
f 7621 	7623 	7617
f 7618 	7619 	7627
f 7625 	7624 	7626
f 7621 	7626 	7624
f 7618 	7617 	7619
f 7618 	7627 	7628
f 7619 	7617 	7633
f 7617 	7630 	7633
f 7629 	7628 	7627
f 7633 	7634 	7635
f 7621 	7620 	7636
f 7614 	7622 	7631
f 7641 	7625 	7626
f 7630 	7617 	7638
f 7639 	7637 	7640
f 7638 	7617 	7642
f 7640 	7637 	7643
f 7633 	7635 	7644
f 7642 	7617 	7648
f 7635 	7652 	7644
f 7649 	7645 	7641
f 7640 	7643 	7609
f 7631 	7622 	7610
f 7625 	7641 	7645
f 7637 	7636 	7620
f 7617 	7623 	7646
f 7646 	7647 	7617
f 7636 	7637 	7639
f 7617 	7620 	7621
f 7651 	7640 	7609
f 7648 	7617 	7678
f 7627 	7611 	7629
f 7632 	7629 	7611
f 7647 	7646 	7650
f 7649 	7565 	7645
f 7635 	7613 	7652
f 7652 	7613 	7612
f 7622 	7592 	7610
f 7617 	7653 	7654
f 7617 	7654 	7655
f 7617 	7656 	7657
f 7617 	7657 	7658
f 7653 	7617 	7659
f 7660 	7617 	7661
f 7661 	7617 	7658
f 7660 	7661 	7662
f 7663 	7661 	7664
f 7661 	7663 	7662
f 7659 	7617 	7665
f 7666 	7667 	7668
f 7667 	7666 	7617
f 7668 	7667 	7669
f 7660 	7667 	7617
f 7695 	7694 	7669
f 7661 	7658 	7670
f 7671 	7660 	7672
f 7660 	7671 	7673
f 7672 	7680 	7671
f 7675 	7665 	7617
f 7676 	7658 	7677
f 7658 	7676 	7670
f 7663 	7664 	7679
f 7674 	7671 	7680
f 7663 	7679 	7681
f 7648 	7682 	7686
f 7663 	7681 	7683
f 7684 	7674 	7680
f 7676 	7677 	7685
f 7582 	7684 	7680
f 7648 	7686 	7687
f 7688 	7689 	7690
f 7689 	7688 	7676
f 7582 	7680 	7703
f 7697 	7683 	7681
f 7688 	7690 	7691
f 7665 	7675 	7692
f 7596 	7566 	7681
f 7617 	7666 	7678
f 7693 	7656 	7655
f 7648 	7687 	7594
f 7668 	7669 	7694
f 7699 	7696 	7690
f 7676 	7685 	7689
f 7698 	7694 	7695
f 7691 	7690 	7696
f 7655 	7700 	7693
f 7694 	7698 	7701
f 7693 	7700 	7533
f 7701 	7698 	7584
f 7617 	7655 	7656
f 7633 	7630 	7634
f 7673 	7667 	7660
f 7600 	7692 	7675
f 7675 	7617 	7702
f 7687 	7595 	7594
f 7648 	7678 	7682
f 7692 	7600 	7605
f 7697 	7681 	7566
f 7580 	7696 	7699
f 7585 	7701 	7584
f 7583 	7582 	7703
f 7534 	7693 	7533
f 7647 	7704 	7617
f 7704 	7647 	7705
f 7705 	7706 	7704
f 7706 	7705 	7707
f 7707 	7708 	7706
f 7708 	7707 	7709
f 7709 	2934 	7708
f 2934 	7709 	2935
f 2936 	7710 	2527
f 7306 	2527 	7710
f 7710 	7308 	7306
f 7308 	7710 	7711
f 7711 	7310 	7308
f 7310 	7711 	7712
f 7712 	7312 	7310
f 7312 	7712 	7713
f 7713 	7314 	7312
f 7314 	7713 	7714
f 7714 	7316 	7314
f 7316 	7714 	7715
f 7715 	7318 	7316
f 7318 	7715 	7716
f 7717 	7718 	7719
f 7718 	7717 	7720
f 7719 	7718 	7721
f 7718 	7720 	7722
f 7718 	7722 	7723
f 7718 	7723 	7729
f 7724 	7717 	7719
f 7721 	7718 	7725
f 7725 	7718 	7726
f 7717 	7724 	7727
f 7728 	7718 	7454
f 7718 	7728 	7726
f 7731 	7727 	7724
f 7750 	7454 	7730
f 7724 	7749 	7731
f 7718 	7732 	7716
f 7732 	7718 	7729
f 7716 	7735 	7733
f 7734 	7737 	7733
f 7735 	7716 	7736
f 7752 	7733 	7737
f 7736 	7738 	7735
f 7739 	7738 	7736
f 7738 	7739 	7741
f 7734 	7740 	7737
f 7742 	7749 	7739
f 7750 	7737 	7740
f 7743 	7716 	7744
f 7745 	7744 	7716
f 7745 	7716 	7746
f 7746 	7716 	7747
f 7737 	7750 	7748
f 7741 	7739 	7749
f 7716 	7733 	7752
f 7750 	7730 	7748
f 7736 	7716 	7743
f 7747 	7716 	7751
f 7751 	7716 	7732
f 7716 	7463 	7318
f 7463 	7716 	7752
f 7742 	7731 	7749
f 7728 	7454 	7750
f 7730 	7454 	7371
f 7718 	7530 	7454
f 7530 	7718 	7753
f 7753 	7532 	7530
f 7532 	7753 	7754
f 7756 	7755 	7757
f 7755 	7756 	7758
f 7759 	7757 	7760
f 7757 	7759 	7756
f 7755 	7758 	7761
f 7762 	7759 	7763
f 7759 	7762 	7756
f 7762 	7764 	7765
f 7764 	7762 	7763
f 7760 	7766 	7774
f 7767 	7771 	7764
f 7764 	7771 	7765
f 7759 	7760 	7754
f 7759 	7754 	7772
f 7754 	7760 	7769
f 7768 	7769 	7770
f 7754 	7768 	7532
f 7768 	7754 	7769
f 7754 	7777 	7772
f 7773 	7774 	7766
f 7761 	7775 	7755
f 7768 	7770 	7776
f 7532 	7768 	7778
f 7532 	7778 	7597
f 7760 	7757 	7766
f 7777 	7779 	7772
f 7779 	7777 	7780
f 7783 	7781 	7767
f 7782 	7781 	7783
f 7767 	7781 	7771
f 7784 	7786 	7780
f 7786 	7784 	7785
f 7780 	7786 	7787
f 7788 	7787 	7789
f 7787 	7788 	7780
f 7784 	7780 	7790
f 7790 	7780 	7791
f 7792 	7793 	7784
f 7782 	7796 	7792
f 7785 	7784 	7793
f 7794 	7791 	7647
f 7780 	7647 	7791
f 7794 	7647 	7798
f 7780 	7788 	7795
f 7793 	7796 	7797
f 7793 	7792 	7796
f 7802 	7798 	7800
f 7780 	7795 	7779
f 7796 	7782 	7783
f 7800 	7799 	7801
f 7799 	7800 	7647
f 7647 	7800 	7798
f 7799 	7647 	7803
f 7647 	7809 	7803
f 7806 	7808 	7801
f 7801 	7805 	7800
f 7804 	7803 	7809
f 7805 	7801 	7808
f 7807 	7804 	7809
f 7809 	7813 	7807
f 7812 	7808 	7806
f 7811 	7808 	7812
f 7812 	7815 	7811
f 7807 	7813 	7768
f 7810 	7798 	7802
f 7814 	7811 	7815
f 7814 	7815 	7816
f 7810 	7802 	7817
f 7809 	7647 	7818
f 7816 	7815 	7819
f 7819 	7820 	7816
f 7773 	7816 	7820
f 7818 	7647 	7821
f 7774 	7773 	7820
f 7817 	7775 	7810
f 7821 	7647 	7650
f 7810 	7775 	7761
f 7776 	7807 	7768
f 7780 	7705 	7647
f 7705 	7780 	7822
f 7822 	7707 	7705
f 7707 	7822 	7823
f 7823 	7709 	7707
f 7709 	7823 	7824
f 7824 	2935 	7709
f 2935 	7824 	3048
f 2370 	7158 	2936
f 7710 	2936 	7158
f 7158 	7711 	7710
f 7711 	7158 	7159
f 7159 	7712 	7711
f 7712 	7159 	7160
f 7160 	7713 	7712
f 7713 	7160 	7162
f 7162 	7714 	7713
f 7714 	7162 	7163
f 7163 	7715 	7714
f 7715 	7163 	7164
f 7164 	7716 	7715
f 7716 	7164 	7165
f 7825 	7166 	7826
f 7827 	7830 	7828
f 7827 	7829 	7832
f 7829 	7827 	7828
f 7830 	7827 	7831
f 7827 	7832 	7718
f 7829 	7833 	7834
f 7833 	7829 	7828
f 7718 	7832 	7835
f 7836 	7835 	7832
f 7832 	7837 	7836
f 7838 	7840 	7834
f 7838 	7834 	7839
f 7841 	7836 	7845
f 7837 	7845 	7836
f 7840 	7838 	7842
f 7844 	7841 	7845
f 7840 	7842 	7843
f 7865 	7843 	7842
f 7165 	7844 	7845
f 7846 	7165 	7847
f 7843 	7865 	7848
f 7847 	7165 	7854
f 7865 	7893 	7848
f 7849 	7850 	7718
f 7849 	7718 	7851
f 7834 	7833 	7839
f 7830 	7852 	7853
f 7852 	7830 	7831
f 7850 	7855 	7856
f 7855 	7850 	7849
f 7851 	7718 	7863
f 7857 	7858 	7859
f 7859 	7855 	7857
f 7844 	7165 	7846
f 7840 	7843 	7860
f 7831 	7862 	7852
f 7861 	7852 	7862
f 7827 	7718 	7850
f 7165 	7845 	7864
f 7866 	7165 	7177
f 7862 	7892 	7861
f 7891 	7165 	7864
f 7855 	7880 	7857
f 7716 	7867 	7875
f 7867 	7716 	7868
f 7868 	7870 	7867
f 7869 	7867 	7870
f 7871 	7872 	7873
f 7872 	7871 	7716
f 7874 	7872 	7882
f 7716 	7882 	7872
f 7868 	7716 	7871
f 7716 	7875 	7876
f 7716 	7876 	7877
f 7878 	7869 	7870
f 7872 	7874 	7879
f 7863 	7718 	7881
f 7886 	7716 	7883
f 7716 	7886 	7882
f 7881 	7877 	7884
f 7877 	7881 	7716
f 7883 	7716 	7885
f 7880 	7878 	7870
f 7886 	7883 	7887
f 7885 	7716 	7888
f 7880 	7870 	7895
f 7883 	7889 	7887
f 7891 	7890 	7716
f 7888 	7716 	7890
f 7879 	7874 	7892
f 7894 	7889 	7893
f 7883 	7893 	7889
f 7893 	7865 	7894
f 7874 	7861 	7892
f 7716 	7881 	7718
f 7854 	7165 	7866
f 7895 	7857 	7880
f 7891 	7716 	7165
f 7166 	7753 	7826
f 7753 	7166 	7186
f 7753 	7896 	7826
f 7896 	7753 	7835
f 7835 	7753 	7718
f 7186 	7754 	7753
f 7754 	7186 	7192
f 7192 	7777 	7754
f 7777 	7192 	7194
f 7194 	7780 	7777
f 7780 	7194 	7196
f 7196 	7822 	7780
f 7822 	7196 	7198
f 7198 	7823 	7822
f 7823 	7198 	7200
f 7200 	7824 	7823
f 7824 	7200 	7202
f 7202 	2417 	7824
f 3048 	7824 	2417
f 2528 	7897 	3118
f 7897 	2528 	7305
f 7315 	7317 	7899
f 7898 	7899 	7317
f 7336 	7900 	7901
f 7336 	7902 	7903
f 7902 	7336 	7901
f 7336 	7903 	7904
f 7905 	7336 	7904
f 7906 	7336 	7907
f 7336 	7906 	7900
f 7909 	7903 	7912
f 7910 	7931 	7907
f 7905 	7908 	7911
f 7911 	7913 	7914
f 7913 	7911 	7908
f 7902 	7915 	7903
f 7912 	7903 	7915
f 7912 	7915 	7920
f 7903 	7909 	7916
f 7916 	7917 	7918
f 7917 	7916 	7909
f 7902 	7901 	7921
f 7919 	7920 	7915
f 7921 	7922 	7923
f 7922 	7921 	7901
f 7918 	7917 	7924
f 7925 	7924 	7917
f 7923 	7922 	7926
f 7907 	7336 	7927
f 7924 	7925 	7933
f 7923 	7926 	7928
f 7905 	7904 	7908
f 7336 	7905 	7929
f 7930 	7938 	7913
f 7984 	7928 	7926
f 7906 	7907 	7931
f 7336 	7929 	7934
f 7932 	7928 	7984
f 7925 	7940 	7933
f 7336 	7945 	7936
f 7927 	7336 	7936
f 7336 	7934 	7937
f 7914 	7913 	7938
f 7947 	7938 	7930
f 7336 	7937 	7939
f 7940 	7975 	7933
f 7938 	7947 	7943
f 7336 	7939 	7941
f 7336 	7941 	7317
f 7920 	7919 	7942
f 7317 	7941 	7944
f 7935 	7936 	7945
f 7943 	7947 	7946
f 7317 	7946 	7947
f 7948 	7336 	7949
f 7336 	7948 	7950
f 7936 	7935 	7952
f 7951 	7952 	7935
f 7317 	7947 	7953
f 7931 	7910 	7954
f 7983 	7954 	7910
f 7945 	7336 	7950
f 7919 	7979 	7942
f 7955 	7942 	7979
f 7933 	7975 	7981
f 7317 	7944 	7946
f 7957 	7317 	7956
f 7956 	7961 	7957
f 7958 	7957 	7961
f 7956 	7317 	7959
f 7959 	7317 	7960
f 7959 	7966 	7967
f 7966 	7959 	7960
f 7317 	7957 	7962
f 7317 	7962 	7963
f 7963 	7962 	7965
f 7963 	7965 	7968
f 7964 	7958 	7961
f 7969 	7967 	7966
f 7964 	7961 	7982
f 7960 	7317 	7971
f 7970 	7317 	7972
f 7970 	7971 	7317
f 7971 	7970 	7974
f 7972 	7317 	7975
f 7973 	7968 	7965
f 7317 	7976 	7975
f 7971 	7974 	7977
f 7965 	7980 	7973
f 7976 	7317 	7978
f 7977 	7974 	7979
f 7955 	7979 	7974
f 7975 	7976 	7981
f 7978 	7317 	7953
f 7317 	7963 	8093
f 7317 	8093 	7898
f 7973 	7980 	7951
f 7952 	7951 	7980
f 7964 	7954 	7983
f 7954 	7964 	7982
f 7969 	7932 	7984
f 7967 	7969 	7984
f 7336 	7985 	7949
f 7985 	7336 	7529
f 7529 	7986 	7985
f 7986 	7529 	7531
f 7989 	7997 	7988
f 7988 	7987 	7531
f 7531 	7987 	7990
f 7991 	7990 	7994
f 7990 	7991 	7531
f 7992 	7991 	7993
f 7991 	7992 	7531
f 7991 	7994 	7995
f 7996 	7992 	8005
f 7992 	7996 	7531
f 7987 	7988 	7997
f 7992 	7993 	7998
f 7999 	7995 	8004
f 7994 	8004 	7995
f 8000 	7992 	7998
f 7531 	7996 	8001
f 7531 	8002 	7986
f 8002 	7531 	8006
f 7988 	7531 	8003
f 8003 	7531 	8011
f 7996 	8005 	8008
f 8007 	8008 	8005
f 7992 	8000 	8010
f 8009 	8010 	8000
f 7531 	8001 	8006
f 8011 	7531 	7608
f 7989 	8045 	7997
f 8012 	8013 	8028
f 8004 	8012 	7999
f 8012 	8004 	8013
f 8050 	8014 	8009
f 8014 	8010 	8009
f 8014 	8050 	8053
f 8046 	8016 	8015
f 8007 	8015 	8016
f 8008 	8007 	8016
f 8016 	8046 	8041
f 8017 	8024 	8018
f 8019 	8018 	8020
f 8019 	8030 	8018
f 8021 	8022 	8018
f 8018 	8022 	8020
f 8023 	8024 	8017
f 8023 	8026 	8024
f 8022 	8021 	8025
f 8026 	8047 	8027
f 8027 	8047 	8028
f 8022 	8025 	8029
f 8030 	8019 	8031
f 8017 	8018 	8030
f 8051 	8029 	8025
f 7617 	8019 	7702
f 8019 	7617 	8031
f 8032 	8033 	8034
f 8033 	8032 	8031
f 8035 	8030 	8036
f 8030 	8035 	8017
f 8037 	8032 	8034
f 8032 	8037 	8038
f 8039 	8035 	8036
f 8035 	8039 	8040
f 8041 	8046 	8037
f 8043 	8040 	8039
f 8042 	8040 	8043
f 8033 	8031 	8044
f 8029 	8051 	8045
f 8038 	8037 	8046
f 8048 	8049 	8042
f 8043 	8048 	8042
f 8050 	8042 	8049
f 8049 	8048 	8053
f 8044 	8031 	8052
f 8052 	8031 	8002
f 8030 	8031 	8032
f 8053 	8050 	8049
f 8012 	8028 	8047
f 8051 	7997 	8045
f 8002 	8054 	8055
f 8002 	8055 	8056
f 8006 	8054 	8002
f 8002 	8056 	8052
f 7617 	8057 	8031
f 8057 	7617 	7704
f 7704 	8058 	8057
f 8058 	7704 	7706
f 7706 	8059 	8058
f 8059 	7706 	7708
f 7708 	3283 	8059
f 3283 	7708 	2934
f 3118 	8060 	3284
f 8060 	3118 	7897
f 7899 	7136 	7133
f 7136 	7899 	7898
f 8061 	8110 	8062
f 8062 	8110 	8104
f 8111 	8102 	8063
f 8065 	8064 	8066
f 8071 	8066 	8064
f 8067 	8070 	8065
f 8069 	8086 	8067
f 8066 	7898 	8068
f 8064 	8065 	8070
f 8071 	8064 	8072
f 7898 	8066 	8071
f 7898 	8071 	8073
f 7898 	8073 	8075
f 8073 	8076 	8075
f 8080 	8068 	7898
f 8074 	8078 	8079
f 8078 	8074 	8076
f 8077 	8080 	8081
f 8078 	8076 	8082
f 8083 	8076 	8084
f 8076 	8083 	8082
f 8081 	8080 	8085
f 8088 	8085 	8080
f 8077 	8068 	8080
f 8070 	8067 	8086
f 8083 	8084 	8096
f 8085 	8088 	8087
f 8086 	8069 	8094
f 8091 	8087 	8090
f 8064 	8070 	8089
f 8088 	8090 	8087
f 8091 	7949 	8092
f 7949 	8091 	8090
f 8080 	7898 	8093
f 8095 	8069 	8132
f 8069 	8095 	8094
f 7949 	8090 	7948
f 8096 	8097 	8083
f 8128 	8083 	8097
f 7898 	8098 	8106
f 8098 	7898 	8099
f 8098 	8099 	8102
f 8099 	7898 	8100
f 8099 	8100 	8101
f 8104 	8103 	8101
f 8100 	8104 	8101
f 8100 	7898 	8105
f 8105 	8107 	8108
f 8107 	8105 	7898
f 8107 	7898 	8109
f 8111 	8098 	8102
f 8109 	7898 	8075
f 8074 	8075 	8076
f 8110 	8103 	8104
f 5796 	5794 	5801
f 7898 	8172 	7136
f 8172 	7898 	8106
f 8113 	8092 	7985
f 8112 	8113 	7985
f 8114 	8119 	8115
f 8115 	8116 	8112
f 8116 	8115 	8119
f 8112 	8116 	8117
f 8112 	8117 	8118
f 8132 	8118 	8117
f 8128 	8119 	8114
f 8133 	8132 	8117
f 8112 	8120 	8121
f 8120 	8112 	8123
f 8121 	8120 	8122
f 8124 	8122 	8127
f 8120 	8127 	8122
f 8125 	8112 	8126
f 8112 	8125 	8123
f 8115 	8112 	8121
f 8112 	8118 	8113
f 8126 	8112 	8131
f 8125 	8126 	8129
f 8119 	8128 	8130
f 8125 	8129 	8111
f 7949 	7985 	8092
f 8130 	8128 	8134
f 8125 	8111 	8063
f 8128 	8097 	8134
f 8132 	8133 	8095
f 8124 	8127 	8062
f 8062 	8127 	8061
f 7985 	7986 	8112
f 8135 	8112 	7986
f 7986 	8002 	8135
f 8136 	8135 	8002
f 8002 	8137 	8136
f 8137 	8002 	8031
f 8031 	8138 	8137
f 8138 	8031 	8057
f 8057 	8139 	8138
f 8139 	8057 	8058
f 8058 	8140 	8139
f 8140 	8058 	8059
f 8059 	3368 	8140
f 3368 	8059 	3283
f 3369 	8141 	2419
f 7206 	2419 	8141
f 8141 	8142 	7206
f 7208 	7206 	8142
f 8142 	8143 	7208
f 7210 	7208 	8143
f 7212 	7210 	8143
f 8143 	8144 	7212
f 7214 	7212 	8144
f 7216 	7214 	8144
f 8144 	7218 	7216
f 8144 	7221 	7218
f 7221 	8144 	8145
f 8145 	7224 	7221
f 7224 	8145 	8146
f 8146 	7226 	7224
f 7226 	8146 	3375
f 3375 	2446 	7226
f 3752 	8147 	3376
f 8147 	3752 	8148
f 8148 	8149 	8147
f 8149 	8148 	8150
f 8150 	8151 	8149
f 8151 	8150 	8152
f 8152 	8153 	8151
f 8154 	8155 	8153
f 8155 	8154 	8157
f 8157 	8156 	8155
f 8157 	8158 	8156
f 8158 	8157 	8159
f 8160 	8158 	8159
f 8159 	8162 	8160
f 8162 	8159 	8161
f 8162 	8161 	8163
f 8163 	8164 	8162
f 8164 	8163 	8165
f 8165 	8166 	8164
f 8166 	8165 	8167
f 8167 	8168 	8166
f 8168 	8167 	6323
f 6323 	3399 	8168
f 3399 	6323 	1516
f 3376 	6729 	1924
f 6729 	3376 	8147
f 6729 	8147 	8149
f 8149 	6731 	6729
f 6731 	8149 	8151
f 6731 	8151 	8153
f 8153 	8155 	6731
f 6734 	8156 	8158
f 8158 	8160 	6734
f 6735 	6734 	8160
f 6735 	8160 	8162
f 8162 	6738 	6735
f 6738 	8162 	8164
f 8164 	6740 	6738
f 8164 	6741 	6740
f 6741 	8164 	8166
f 6741 	8166 	8168
f 8168 	1938 	6741
f 1938 	8168 	3399
f 3284 	7132 	2339
f 7132 	3284 	8060
f 8169 	8170 	8171
f 8172 	8170 	8169
f 8169 	8171 	8181
f 8174 	7136 	8172
f 8174 	8172 	8169
f 8173 	7136 	8174
f 8175 	8112 	8178
f 7143 	8178 	8112
f 8112 	8175 	8131
f 8176 	7143 	8180
f 7143 	8176 	8177
f 7143 	8177 	8178
f 8178 	8179 	8175
f 8179 	8169 	8175
f 8181 	8175 	8169
f 8112 	8135 	7143
f 7147 	7143 	8135
f 8135 	8136 	7147
f 7149 	7147 	8136
f 8136 	7151 	7149
f 7151 	8136 	8137
f 8137 	7153 	7151
f 7153 	8137 	8138
f 8138 	7155 	7153
f 7155 	8138 	8139
f 8139 	8140 	7155
f 7157 	7155 	8140
f 8140 	3368 	7157
f 2369 	7157 	3368
f 2448 	7228 	2370
f 7159 	7228 	7230
f 7230 	7161 	7159
f 7161 	7230 	7232
f 7232 	7162 	7161
f 7162 	7232 	7234
f 7234 	7236 	7162
f 7164 	7236 	7238
f 7238 	7240 	7164
f 8182 	8183 	8184
f 8196 	8182 	8184
f 8188 	8185 	8186
f 8185 	8188 	8187
f 8186 	8189 	7240
f 8189 	8186 	8185
f 8187 	8190 	8191
f 8190 	8187 	8188
f 8191 	8192 	8193
f 8192 	8191 	8190
f 8186 	7240 	8194
f 8192 	8190 	8195
f 8196 	8199 	8197
f 8199 	8196 	8198
f 8197 	8199 	8200
f 8197 	8201 	8202
f 8201 	8197 	8200
f 8202 	8203 	7240
f 8203 	8202 	8201
f 8202 	7240 	8189
f 8198 	8196 	8184
f 7240 	8203 	7173
f 8195 	8208 	8204
f 8208 	8195 	8190
f 8205 	8206 	8204
f 8204 	8206 	8207
f 8208 	8205 	8204
f 8207 	8206 	7184
f 7184 	8206 	7283
f 8211 	8209 	8210
f 8210 	8207 	7184
f 8207 	8210 	8209
f 8209 	8211 	8212
f 8210 	7184 	7185
f 8183 	8212 	8211
f 8184 	8183 	8211
f 7193 	7184 	7290
f 7290 	7195 	7193
f 7195 	7290 	7298
f 7298 	7197 	7195
f 7197 	7298 	7300
f 8213 	7199 	7201
f 8213 	7203 	7199
f 7203 	8213 	8214
f 8214 	2418 	7203
f 2418 	8214 	3448
f 2340 	6743 	1939
f 6743 	2340 	7131
f 7135 	7134 	6753
f 6755 	6753 	7134
f 8216 	8217 	8215
f 8218 	8215 	8217
f 8217 	8319 	8218
f 8219 	8217 	8216
f 8221 	8324 	8220
f 8326 	8433 	8434
f 8433 	8326 	8222
f 8223 	8224 	8311
f 8311 	8224 	8451
f 8226 	7134 	8227
f 7134 	8255 	8228
f 7134 	8228 	8229
f 8229 	8228 	8230
f 8226 	8231 	8232
f 8231 	8226 	8227
f 8226 	8233 	7134
f 8235 	8234 	8236
f 8234 	8235 	7134
f 7134 	8238 	8237
f 8239 	8228 	8240
f 8228 	8239 	8230
f 8241 	8237 	8242
f 8238 	8242 	8237
f 8241 	8242 	8243
f 8246 	8232 	8244
f 8241 	8245 	8298
f 8245 	8241 	8243
f 8231 	8244 	8232
f 8227 	7134 	8261
f 8239 	8247 	8295
f 8248 	8246 	8249
f 8244 	8249 	8246
f 8250 	8251 	8252
f 8251 	8250 	7134
f 8260 	8253 	7134
f 8250 	8254 	7134
f 7134 	8229 	8234
f 8233 	8255 	7134
f 8239 	8240 	8247
f 8255 	8256 	8257
f 8256 	8255 	8233
f 8258 	7134 	8259
f 7134 	8258 	8260
f 8254 	8261 	7134
f 8248 	8249 	8262
f 8289 	8288 	8258
f 8261 	8254 	8264
f 8259 	7134 	8265
f 8263 	8285 	8257
f 8265 	7134 	8268
f 8266 	8254 	8267
f 8254 	8266 	8264
f 7134 	8235 	8238
f 8251 	7134 	8269
f 8253 	8269 	7134
f 8270 	8236 	8271
f 8250 	8252 	8272
f 8268 	7134 	8273
f 8266 	8267 	8274
f 7134 	7139 	8273
f 8269 	8253 	8275
f 8276 	8271 	8236
f 8272 	8252 	8277
f 8266 	8274 	8296
f 8278 	8253 	8279
f 8253 	8278 	8275
f 8252 	8290 	8277
f 8257 	8256 	8263
f 8280 	8236 	8281
f 8236 	8280 	8276
f 8260 	8258 	8282
f 8290 	8252 	8283
f 8278 	8279 	8284
f 8280 	8286 	8287
f 8282 	8258 	8288
f 8278 	8284 	8362
f 8461 	8285 	8263
f 8270 	8235 	8236
f 7134 	8237 	6755
f 8355 	8289 	8328
f 8289 	8355 	8288
f 8291 	8248 	8262
f 8266 	8296 	8331
f 8278 	8362 	8292
f 8294 	8248 	8291
f 8280 	8281 	8286
f 8239 	8295 	8432
f 8287 	8297 	8280
f 8458 	8280 	8297
f 6755 	8299 	8300
f 6755 	8317 	8302
f 6755 	8302 	8303
f 8303 	8327 	6755
f 8305 	8300 	8299
f 8299 	6755 	8306
f 8301 	8307 	8308
f 8307 	8301 	6755
f 8309 	8306 	6755
f 8305 	8304 	8300
f 8305 	8310 	8304
f 8311 	8306 	8309
f 8310 	8313 	8312
f 8440 	8312 	8313
f 8307 	6755 	8314
f 8301 	8316 	6755
f 8314 	6755 	8319
f 8300 	8318 	6755
f 8316 	8315 	6755
f 8316 	8325 	8315
f 8318 	8317 	6755
f 8319 	6755 	8320
f 8318 	8321 	8317
f 8322 	8317 	8321
f 8320 	6755 	8237
f 8304 	8310 	8312
f 8315 	8309 	6755
f 8313 	8310 	8323
f 8308 	8307 	8324
f 8320 	8218 	8319
f 8326 	8315 	8325
f 8324 	8221 	8308
f 8225 	8223 	8311
f 8225 	8311 	8309
f 8290 	8283 	8329
f 6755 	8327 	6822
f 8222 	8326 	8325
f 8441 	6822 	8327
f 8322 	8321 	8446
f 8359 	8290 	8329
f 8358 	8290 	8359
f 8332 	8331 	8330
f 8333 	8330 	8331
f 8330 	8340 	8332
f 8331 	8296 	8333
f 8340 	8330 	8360
f 6860 	8339 	8334
f 6860 	8341 	8335
f 8336 	6860 	8334
f 6860 	8337 	8361
f 8337 	6860 	8335
f 6860 	8340 	8339
f 8343 	8335 	8341
f 8336 	8341 	6860
f 8337 	8342 	8350
f 8344 	8334 	8345
f 8334 	8344 	8336
f 8341 	8348 	8343
f 8344 	8345 	8347
f 8346 	8343 	8348
f 8347 	8345 	8349
f 8345 	8358 	8349
f 8337 	8335 	8338
f 8337 	8351 	8352
f 8351 	8337 	8350
f 8337 	8338 	8342
f 8352 	8351 	8353
f 8340 	6860 	8354
f 8353 	8351 	8355
f 8354 	6860 	8356
f 6860 	8370 	8356
f 8339 	8340 	8360
f 8359 	8349 	8358
f 6860 	7145 	7143
f 7145 	6860 	8361
f 8355 	8328 	8353
f 8346 	8292 	8362
f 8292 	8346 	8348
f 8363 	8365 	8366
f 8365 	8363 	8364
f 8364 	6860 	8374
f 8373 	6860 	8363
f 8357 	8356 	8369
f 8369 	8356 	8370
f 8369 	8370 	8371
f 8369 	8371 	8372
f 8368 	6860 	8392
f 8375 	8392 	6860
f 8367 	8375 	6860
f 8374 	8376 	8377
f 8376 	8374 	6860
f 8376 	6860 	8421
f 8377 	8376 	8378
f 8373 	8379 	6860
f 8381 	6860 	8379
f 8378 	8376 	8383
f 8378 	8384 	8385
f 8384 	8378 	8383
f 8382 	6860 	8386
f 8364 	8363 	6860
f 8385 	8384 	8387
f 8366 	8365 	8388
f 6860 	8390 	8386
f 8456 	8384 	10041
f 8456 	8219 	8384
f 8391 	8388 	8365
f 8367 	6860 	8381
f 8394 	6860 	8404
f 8381 	8395 	8396
f 8395 	8381 	8379
f 8397 	8398 	6860
f 8380 	8397 	6860
f 8393 	6860 	8398
f 8401 	6860 	8399
f 8400 	8404 	6860
f 8401 	8400 	6860
f 8398 	8397 	8402
f 8399 	6860 	8403
f 8370 	6860 	8417
f 8395 	8448 	8396
f 8405 	8406 	8407
f 8407 	8372 	8405
f 8392 	8375 	8408
f 8400 	8412 	8404
f 8410 	8423 	8398
f 8410 	8398 	8402
f 8409 	8404 	8412
f 8411 	8417 	6860
f 8368 	8411 	6860
f 8392 	8413 	8414
f 8413 	8392 	8408
f 8414 	8413 	8415
f 8412 	8447 	8409
f 8416 	8421 	6860
f 8393 	8416 	6860
f 8436 	8415 	8418
f 8418 	8419 	8420
f 8420 	8436 	8418
f 8417 	8411 	8422
f 8390 	8425 	8386
f 8411 	8424 	8422
f 8389 	8386 	8425
f 8421 	8416 	8426
f 8424 	8411 	8427
f 8380 	6860 	8428
f 8427 	8452 	8424
f 8389 	8425 	8439
f 8421 	8429 	8430
f 8429 	8421 	8426
f 8431 	8428 	6860
f 8382 	8431 	6860
f 8413 	8418 	8415
f 8433 	8423 	8434
f 8410 	8434 	8423
f 8430 	8429 	8435
f 8428 	8431 	8438
f 8403 	6860 	8441
f 8440 	8459 	8439
f 8298 	8365 	10024
f 8365 	8298 	8391
f 8435 	8429 	8444
f 8371 	8405 	8372
f 8443 	8396 	8448
f 8444 	8437 	8220
f 8451 	8445 	8438
f 8447 	8446 	8409
f 8448 	8449 	8450
f 8450 	8443 	8448
f 8389 	8439 	8459
f 8452 	8453 	8454
f 8454 	8424 	8452
f 8451 	8455 	8445
f 8387 	8384 	8219
f 8390 	6860 	8394
f 8443 	8457 	8458
f 8428 	8438 	8445
f 8409 	8446 	8321
f 8440 	8460 	8459
f 8443 	8458 	8297
f 8437 	8444 	8429
f 8248 	8294 	8442
f 8454 	8462 	8424
f 8217 	8219 	8456
f 6860 	6858 	8441
f 8460 	8440 	8313
f 8444 	8220 	8324
f 8391 	8298 	8245
f 8372 	8442 	8294
f 8455 	8451 	8224
f 8285 	8461 	8462
f 8436 	8432 	8295
f 7143 	7146 	6860
f 6941 	6860 	7146
f 7146 	7148 	6941
f 6942 	6941 	7148
f 7148 	6943 	6942
f 6943 	7148 	7150
f 7150 	6944 	6943
f 6944 	7150 	7152
f 7152 	6945 	6944
f 6945 	7152 	7154
f 7154 	7156 	6945
f 2146 	7156 	2368
f 7309 	8463 	7307
f 8463 	7309 	8464
f 7131 	8465 	6743
f 8465 	7131 	8466
f 7132 	8466 	7131
f 8466 	7132 	8467
f 8060 	8467 	7132
f 8467 	8060 	8468
f 6751 	8469 	6753
f 8469 	6751 	8470
f 7897 	8468 	8060
f 8468 	7897 	8471
f 6747 	8472 	6749
f 8472 	6747 	8473
f 7315 	8474 	7313
f 8474 	7315 	8475
f 7305 	8471 	7897
f 8471 	7305 	8476
f 7311 	8464 	7309
f 8464 	7311 	8477
f 6743 	8478 	6745
f 8478 	6743 	8465
f 7307 	8476 	7305
f 8476 	7307 	8463
f 6753 	8479 	7135
f 8479 	6753 	8469
f 7135 	8480 	7133
f 8480 	7135 	8479
f 8481 	7133 	8480
f 7133 	8627 	7899
f 8627 	7133 	8481
f 6749 	8470 	6751
f 8470 	6749 	8472
f 7899 	8475 	7315
f 8475 	7899 	8627
f 6745 	8473 	6747
f 8473 	6745 	8478
f 7313 	8477 	7311
f 8477 	7313 	8474
f 6283 	8485 	8486
f 8485 	6283 	8487
f 8483 	8488 	8489
f 8488 	8483 	8482
f 6281 	8490 	6282
f 8490 	6281 	8491
f 8489 	8492 	8493
f 8492 	8489 	8488
f 8494 	8495 	8496
f 8495 	8494 	8497
f 8498 	8499 	6281
f 8499 	8498 	8500
f 8501 	8502 	8503
f 8502 	8501 	8504
f 8505 	8500 	8498
f 8500 	8505 	8506
f 8507 	8508 	8505
f 8506 	8505 	8508
f 8509 	8508 	8507
f 6282 	8487 	6283
f 8487 	6282 	8490
f 8503 	8508 	8509
f 8508 	8503 	8502
f 8491 	6281 	8499
f 8493 	8497 	8494
f 8497 	8493 	8492
f 8496 	8504 	8501
f 8504 	8496 	8495
f 8486 	8510 	8511
f 8510 	8486 	8485
f 8511 	8484 	8483
f 8484 	8511 	8510
f 8484 	8482 	8483
f 8495 	6286 	8504
f 6286 	8495 	6287
f 8485 	6295 	8510
f 6295 	8485 	6291
f 8510 	6295 	8484
f 8484 	6277 	8482
f 6277 	8484 	6295
f 8487 	6291 	8485
f 6291 	8487 	6292
f 8482 	6279 	8488
f 6279 	8482 	6277
f 8491 	6310 	8490
f 8488 	6278 	8492
f 6278 	8488 	6279
f 8497 	6287 	8495
f 6287 	8497 	6293
f 8500 	6309 	8499
f 6309 	8500 	6294
f 8504 	6280 	8502
f 6280 	8504 	6286
f 8506 	6276 	6294
f 8506 	6294 	8500
f 8508 	6276 	8506
f 6276 	8508 	6288
f 8490 	6292 	8487
f 6292 	8490 	6310
f 8502 	6288 	8508
f 6288 	8502 	6280
f 8499 	6310 	8491
f 6310 	8499 	6309
f 8492 	6293 	8497
f 6293 	8492 	6278
f 8148 	3752 	8512
f 8512 	8150 	8148
f 8150 	8512 	8513
f 8513 	8152 	8150
f 8152 	8513 	8514
f 8514 	8153 	8152
f 8153 	8514 	8515
f 8515 	8154 	8153
f 8154 	8515 	8516
f 8516 	8157 	8154
f 8157 	8516 	8517
f 8157 	8517 	8518
f 8159 	8157 	8518
f 8519 	8520 	8521
f 8520 	8519 	8522
f 8523 	8522 	8519
f 8522 	8523 	8524
f 8525 	8163 	8161
f 8163 	8525 	8526
f 8526 	8165 	8163
f 8165 	8526 	8527
f 8165 	8527 	8528
f 8528 	8167 	8165
f 8167 	8528 	8529
f 8529 	6322 	8167
f 6323 	8167 	6322
f 8530 	3773 	3771
f 3772 	3771 	3773
f 3772 	3773 	3775
f 3774 	8531 	8532
f 8531 	3774 	3775
f 8533 	2147 	6947
f 6947 	8534 	8533
f 8534 	6947 	6948
f 6948 	8535 	8534
f 8535 	6948 	6949
f 6949 	8536 	8535
f 8536 	6949 	6950
f 6950 	8537 	8536
f 8537 	6950 	6951
f 6951 	8538 	8537
f 8538 	6951 	6952
f 8539 	7099 	7050
f 7050 	8540 	8539
f 8540 	7050 	7115
f 7115 	8541 	8540
f 8541 	7115 	7125
f 7125 	7126 	8541
f 8542 	8541 	7126
f 7126 	8543 	8542
f 8543 	7126 	7127
f 7127 	8544 	8543
f 8544 	7127 	7128
f 7128 	8545 	8544
f 8545 	7128 	7129
f 7129 	8546 	8545
f 8546 	7129 	7130
f 8532 	8547 	8548
f 8547 	8532 	8531
f 8549 	8550 	8551
f 8549 	8552 	8550
f 8552 	8549 	8553
f 8554 	8524 	8523
f 8524 	8554 	8553
f 8555 	8551 	8556
f 8551 	8555 	8549
f 8552 	8557 	8550
f 8556 	8550 	8557
f 8550 	8556 	8551
f 3804 	8532 	8558
f 8532 	3804 	3774
f 8558 	8548 	8559
f 8548 	8558 	8532
f 2338 	8560 	7130
f 8560 	2338 	3804
f 7130 	8561 	8546
f 8561 	7130 	8560
f 3806 	8562 	8563
f 8562 	3806 	3809
f 7197 	8564 	7196
f 7197 	8565 	8564
f 7300 	8565 	7197
f 7300 	7301 	8565
f 7303 	8563 	8566
f 7303 	7227 	8563
f 7304 	7227 	7303
f 7225 	7227 	7304
f 7301 	8567 	8565
f 8567 	7301 	7303
f 7227 	3806 	8563
f 3806 	7227 	2445
f 7303 	8566 	8567
f 8562 	8566 	8563
f 7196 	8568 	8569
f 8568 	7196 	8564
f 8567 	8570 	8565
f 8570 	8567 	8571
f 7198 	8572 	7201
f 8572 	7198 	8573
f 8566 	8571 	8567
f 8571 	8566 	8576
f 8214 	8574 	8575
f 8574 	8214 	8213
f 7196 	8573 	7198
f 8573 	7196 	8569
f 8569 	8577 	8573
f 8577 	8569 	8568
f 3824 	8576 	3825
f 8570 	8577 	8568
f 8576 	3824 	8575
f 3826 	8575 	3824
f 8577 	8572 	8573
f 8577 	8574 	8572
f 8577 	8571 	8574
f 8570 	8571 	8577
f 8571 	8575 	8574
f 8571 	8576 	8575
f 8562 	8576 	8566
f 8213 	8572 	8574
f 8572 	8213 	7201
f 8214 	3826 	3448
f 3826 	8214 	8575
f 3809 	8576 	8562
f 8576 	3809 	3825
f 8564 	8570 	8568
f 8570 	8564 	8565
f 8602 	8578 	8579
f 6311 	8580 	8581
f 8580 	6311 	6298
f 8579 	8582 	8583
f 8582 	8579 	8578
f 6300 	6296 	6301
f 6296 	6300 	6297
f 8583 	8584 	8585
f 8584 	8583 	8582
f 8586 	8587 	8588
f 8587 	8586 	8589
f 8590 	6299 	6302
f 6299 	8590 	8591
f 8592 	8593 	8594
f 8593 	8592 	8595
f 8596 	8591 	8590
f 8591 	8596 	8597
f 8598 	8599 	8596
f 8597 	8596 	8599
f 8594 	8599 	8598
f 8599 	8594 	8600
f 6301 	6298 	6311
f 6298 	6301 	6296
f 8600 	8594 	8593
f 6302 	6299 	6300
f 6297 	6300 	6299
f 8585 	8589 	8586
f 8589 	8585 	8584
f 8588 	8595 	8592
f 8595 	8588 	8587
f 8581 	8601 	8602
f 8601 	8581 	8580
f 8601 	8578 	8602
f 8603 	8578 	8612
f 8578 	8604 	8582
f 8604 	8578 	8603
f 8582 	8605 	8584
f 8605 	8582 	8604
f 8589 	8606 	8587
f 8606 	8589 	8607
f 8595 	8608 	8593
f 8608 	8595 	8609
f 8597 	6313 	8591
f 6313 	8597 	8610
f 8599 	8610 	8597
f 8610 	8599 	8611
f 8600 	8611 	8599
f 8593 	8608 	8600
f 8611 	8600 	8608
f 8584 	8607 	8589
f 8607 	8584 	8605
f 8587 	8609 	8595
f 8609 	8587 	8606
f 8580 	8612 	8601
f 8612 	8580 	6312
f 8601 	8612 	8578
f 8612 	8483 	8603
f 8603 	8489 	8613
f 8489 	8603 	8483
f 8613 	8493 	8614
f 8493 	8613 	8489
f 8615 	8496 	8616
f 8496 	8615 	8494
f 8617 	8503 	8618
f 8503 	8617 	8501
f 6314 	8498 	6306
f 8498 	6314 	8505
f 8505 	6314 	8507
f 8619 	8509 	8507
f 8611 	8509 	8619
f 8618 	8503 	8611
f 8509 	8611 	8503
f 8614 	8494 	8615
f 8494 	8614 	8493
f 8616 	8501 	8617
f 8501 	8616 	8496
f 8620 	8511 	8621
f 8511 	8620 	8486
f 8483 	8621 	8511
f 8621 	8483 	8612
f 3874 	8141 	3369
f 8141 	3874 	8622
f 8622 	8142 	8141
f 8622 	8143 	8142
f 8622 	8144 	8143
f 8144 	8622 	8623
f 8144 	8623 	8624
f 8624 	8145 	8144
f 8145 	8624 	8625
f 8625 	8146 	8145
f 8625 	3375 	8146
f 3375 	8625 	8626
f 8627 	8481 	8638
f 8470 	8628 	8469
f 8628 	8470 	6320
f 8627 	8629 	8475
f 8473 	6319 	8472
f 6318 	8472 	6319
f 8475 	8630 	8474
f 8630 	8475 	8629
f 8477 	8631 	8464
f 8631 	8477 	8632
f 8465 	6321 	8478
f 6321 	8465 	8633
f 8463 	8634 	8476
f 8634 	8463 	8635
f 8466 	8633 	8465
f 8633 	8466 	8636
f 8467 	8636 	8466
f 8636 	8467 	8637
f 8468 	8637 	8467
f 8471 	8637 	8468
f 8472 	6318 	8470
f 6320 	8470 	6318
f 8476 	8637 	8471
f 8637 	8476 	8634
f 8478 	6319 	8473
f 6319 	8478 	6321
f 8474 	8632 	8477
f 8632 	8474 	8630
f 8464 	8635 	8463
f 8635 	8464 	8631
f 8469 	8638 	8479
f 8638 	8469 	8628
f 8480 	8638 	8481
f 8480 	8479 	8638
f 8638 	8579 	8627
f 8627 	8583 	8629
f 8583 	8627 	8579
f 8629 	8585 	8630
f 8585 	8629 	8583
f 8632 	8588 	8631
f 8588 	8632 	8586
f 8635 	8594 	8634
f 8594 	8635 	8592
f 8636 	8590 	8633
f 8590 	8636 	8596
f 8637 	8596 	8636
f 8596 	8637 	8598
f 8598 	8637 	8594
f 8634 	8594 	8637
f 8630 	8586 	8632
f 8586 	8630 	8585
f 8631 	8592 	8635
f 8592 	8631 	8588
f 8628 	8602 	8638
f 8602 	8628 	8581
f 8602 	8579 	8638
f 6303 	8620 	6312
f 8620 	6303 	6308
f 8603 	8613 	8604
f 6304 	6315 	6305
f 6307 	6305 	6315
f 8604 	8614 	8605
f 8614 	8604 	8613
f 8607 	8616 	8606
f 8616 	8607 	8615
f 6313 	6315 	6304
f 6315 	6313 	6306
f 8609 	8617 	8608
f 8618 	8608 	8617
f 6306 	8610 	6314
f 6314 	8610 	8507
f 8611 	8619 	8610
f 8507 	8610 	8619
f 6305 	6308 	6303
f 6308 	6305 	6307
f 8608 	8618 	8611
f 8605 	8615 	8607
f 8615 	8605 	8614
f 8606 	8616 	8609
f 8617 	8609 	8616
f 6312 	8621 	8612
f 8621 	6312 	8620
f 2420 	7229 	2447
f 7229 	2420 	7204
f 7204 	7231 	7229
f 7231 	7204 	7205
f 7205 	7233 	7231
f 7233 	7205 	7207
f 7207 	7235 	7233
f 7235 	7207 	7209
f 7209 	7237 	7235
f 7237 	7209 	7211
f 7211 	7239 	7237
f 7239 	7211 	7213
f 7213 	7240 	7239
f 7240 	7213 	7215
f 7215 	7252 	7240
f 7252 	7215 	7217
f 7219 	8649 	7217
f 8649 	7219 	8639
f 7219 	8653 	8639
f 7256 	8640 	7253
f 8661 	8652 	8648
f 8642 	8641 	8647
f 8641 	8642 	8643
f 8641 	8648 	8647
f 8641 	8644 	7217
f 7252 	7217 	8644
f 7252 	8645 	8646
f 8641 	8643 	8644
f 7252 	8644 	8645
f 8649 	8641 	7217
f 8647 	8648 	8650
f 7252 	7256 	7259
f 7252 	8646 	7256
f 8640 	7256 	8646
f 8647 	8650 	8651
f 8650 	8648 	8652
f 7220 	8667 	8653
f 8653 	7219 	7220
f 7284 	8655 	8654
f 8668 	7284 	8654
f 8655 	7284 	8656
f 8657 	7284 	8662
f 8657 	8658 	7284
f 7284 	8658 	8659
f 7284 	8659 	8660
f 8661 	8665 	8660
f 8666 	8661 	8660
f 8662 	7284 	8663
f 8663 	7284 	8664
f 7284 	8665 	8656
f 7284 	8660 	8665
f 8664 	7284 	8640
f 8666 	8652 	8661
f 8640 	7284 	7253
f 7220 	7299 	8667
f 7299 	7220 	7222
f 7299 	8668 	8667
f 8668 	7299 	7284
f 7222 	7302 	7299
f 7302 	7222 	7223
f 7223 	7304 	7302
f 7304 	7223 	7225
f 8540 	8669 	8539
f 8669 	8540 	8670
f 8541 	8670 	8540
f 8670 	8541 	8671
f 8525 	8671 	8541
f 8671 	8525 	8672
f 8670 	8521 	8669
f 8521 	8670 	8519
f 8671 	8519 	8670
f 8519 	8671 	8523
f 8672 	8523 	8671
f 8523 	8672 	8554
f 2147 	8512 	3752
f 8512 	2147 	8533
f 8533 	8513 	8512
f 8513 	8533 	8534
f 8534 	8514 	8513
f 8514 	8534 	8535
f 8535 	8515 	8514
f 8515 	8535 	8536
f 8536 	8516 	8515
f 8516 	8536 	8537
f 8537 	8517 	8516
f 8517 	8537 	8538
f 8538 	8518 	8517
f 8518 	8538 	8539
f 8541 	8526 	8525
f 8526 	8541 	8542
f 8542 	8527 	8526
f 8527 	8542 	8543
f 8543 	8528 	8527
f 8528 	8543 	8544
f 8544 	8529 	8528
f 8529 	8544 	8545
f 8545 	6322 	8529
f 6322 	8545 	8546
f 8520 	8522 	8549
f 8522 	8553 	8549
f 8553 	8522 	8524
f 8557 	8553 	8554
f 8553 	8557 	8552
f 8521 	8549 	8555
f 8549 	8521 	8520
f 8546 	8673 	6322
f 8673 	8546 	8561
f 8539 	8674 	8518
f 8674 	8539 	8669
f 8669 	8555 	8674
f 8555 	8669 	8521
f 3804 	8558 	8560
f 8560 	8559 	8561
f 8559 	8560 	8558
f 8561 	8675 	8673
f 8675 	8561 	8559
f 6730 	1937 	1922
f 1937 	6730 	6732
f 1937 	6732 	6733
f 1937 	6733 	6734
f 1937 	6734 	6736
f 1937 	6736 	6737
f 1937 	6737 	6739
f 3874 	8626 	8625
f 8624 	8623 	8625
f 8622 	8625 	8623
f 3874 	8625 	8622
f 7783 	8677 	7797
f 8676 	7797 	8677
f 7797 	8676 	7793
f 8679 	7793 	8676
f 8677 	8678 	8676
f 8679 	8676 	8678
f 7783 	7797 	7796
f 8680 	8681 	7783
f 8680 	7783 	7767
f 7767 	8682 	8680
f 8681 	8677 	7783
f 8677 	8682 	8678
f 8682 	8677 	8681
f 8680 	8682 	8681
f 8683 	8684 	7772
f 7772 	8685 	8683
f 8686 	8683 	8685
f 8687 	7763 	8684
f 8687 	8684 	8688
f 8688 	8682 	8687
f 7759 	8684 	7763
f 7764 	8687 	8682
f 7763 	8687 	7764
f 7764 	8682 	7767
f 7772 	8684 	7759
f 7795 	8689 	7779
f 8690 	8693 	7795
f 7788 	8690 	7795
f 7789 	8690 	7788
f 8689 	8693 	8691
f 8689 	7795 	8693
f 8691 	8693 	8692
f 8694 	8692 	8693
f 8690 	7787 	8693
f 7787 	8690 	7789
f 8689 	8691 	8685
f 8686 	8685 	8691
f 8686 	8691 	8692
f 7779 	8689 	8685
f 7779 	8685 	7772
f 8683 	8696 	8684
f 8684 	8696 	8688
f 8683 	8686 	8696
f 8682 	8688 	8696
f 8692 	8696 	8686
f 8694 	8695 	8692
f 8696 	8692 	8695
f 8678 	8696 	8679
f 8696 	8678 	8682
f 7786 	7785 	8695
f 8696 	8695 	7785
f 8679 	7785 	7793
f 7785 	8679 	8696
f 7786 	8693 	7787
f 7786 	8697 	8693
f 8697 	7786 	8695
f 8694 	8697 	8695
f 8697 	8694 	8693
f 8699 	8698 	7798
f 8701 	7798 	8698
f 8699 	8701 	8698
f 8701 	8699 	8700
f 7810 	8699 	7798
f 8702 	8699 	7810
f 8699 	8703 	8700
f 8703 	8699 	8702
f 7810 	7761 	8702
f 8703 	8702 	7761
f 8705 	8708 	8706
f 8706 	7756 	8704
f 8707 	8705 	8706
f 7758 	7756 	8708
f 7756 	8706 	8708
f 7758 	8703 	7761
f 8703 	7758 	8708
f 7762 	8704 	7756
f 8704 	7762 	7765
f 7771 	8706 	8704
f 7771 	8704 	7765
f 7792 	8710 	7782
f 7782 	8709 	7781
f 7782 	8710 	8709
f 8711 	7781 	8709
f 7781 	8711 	8706
f 8707 	8711 	8709
f 8711 	8707 	8706
f 8706 	7771 	7781
f 8709 	8713 	8705
f 8703 	8708 	8700
f 8705 	8700 	8708
f 8709 	8705 	8707
f 8709 	8712 	8713
f 8712 	8709 	8710
f 8700 	8705 	8701
f 8701 	8705 	8713
f 7791 	8701 	7790
f 7794 	8714 	7791
f 7791 	8714 	8701
f 7794 	7798 	8714
f 8701 	8714 	7798
f 7784 	7790 	8715
f 8715 	7790 	8701
f 7784 	8715 	7792
f 8710 	7792 	8715
f 8701 	8713 	8715
f 8712 	8715 	8713
f 8715 	8712 	8710
f 8716 	8717 	8719
f 8717 	8716 	8718
f 8721 	8719 	8717
f 8718 	8721 	8717
f 8721 	8718 	8720
f 7814 	8716 	8719
f 8716 	7814 	7816
f 7814 	8719 	7811
f 7773 	8722 	7816
f 8716 	7816 	8722
f 8716 	8722 	8718
f 8723 	8720 	8718
f 8718 	8722 	8723
f 8727 	8724 	8730
f 8724 	8727 	8726
f 8725 	8726 	8727
f 8728 	8725 	8727
f 8724 	8726 	8729
f 8723 	8722 	8729
f 8724 	8729 	7757
f 7766 	7757 	8729
f 8729 	8722 	7773
f 8729 	7773 	7766
f 8724 	7757 	8730
f 8727 	8730 	7775
f 7755 	7775 	8730
f 8730 	7757 	7755
f 7802 	8731 	7817
f 7802 	8732 	8731
f 8734 	8733 	8732
f 8734 	8732 	7802
f 8732 	8727 	8731
f 8732 	8733 	8727
f 8728 	8727 	8733
f 7775 	7817 	8731
f 8727 	7775 	8731
f 8729 	8726 	8721
f 8721 	8720 	8729
f 8723 	8729 	8720
f 8726 	8733 	8721
f 8733 	8726 	8725
f 8728 	8733 	8725
f 8733 	8734 	8721
f 8735 	8721 	8734
f 8735 	8736 	8721
f 7800 	8734 	7802
f 7805 	8736 	7800
f 8736 	7805 	7808
f 7811 	8719 	7808
f 8736 	7808 	8719
f 7800 	8736 	8735
f 8721 	8736 	8719
f 8734 	7800 	8735
f 8738 	8739 	8737
f 8741 	8737 	8740
f 8737 	8741 	8738
f 7804 	7807 	8737
f 7804 	8737 	8739
f 7804 	8739 	7803
f 8737 	7807 	8742
f 8743 	8742 	7807
f 7807 	7776 	8743
f 7776 	7770 	8743
f 8744 	8737 	8742
f 8737 	8744 	8740
f 8745 	8740 	8744
f 8742 	8743 	8744
f 8744 	8743 	8745
f 8747 	7769 	8746
f 8749 	8747 	8746
f 8749 	8746 	8748
f 8750 	7769 	8747
f 8743 	8750 	8745
f 7760 	8746 	7769
f 8750 	7770 	7769
f 8750 	8743 	7770
f 8748 	8746 	7760
f 7774 	8748 	7760
f 7819 	8752 	8751
f 7815 	8752 	7819
f 7812 	8752 	7815
f 7819 	8751 	7820
f 8754 	8753 	8752
f 8754 	8752 	7812
f 8752 	8753 	8751
f 8755 	8749 	8751
f 8748 	8751 	8749
f 8755 	8751 	8753
f 8749 	8755 	8753
f 8751 	8756 	7820
f 7820 	8756 	7774
f 8751 	8748 	8756
f 8749 	8758 	8747
f 8748 	7774 	8756
f 8750 	8747 	8745
f 8745 	8747 	8758
f 8749 	8754 	8758
f 8753 	8754 	8749
f 8757 	8758 	8754
f 8740 	8758 	8741
f 8745 	8758 	8740
f 7803 	8739 	7799
f 7799 	8758 	7801
f 8738 	7799 	8739
f 7799 	8738 	8758
f 8741 	8758 	8738
f 7806 	8754 	7812
f 7801 	8758 	7806
f 8757 	7806 	8758
f 7806 	8757 	8754
f 8759 	8760 	7625
f 8762 	7625 	8760
f 8759 	8761 	8760
f 8760 	8761 	8762
f 7645 	8759 	7625
f 8764 	8759 	7645
f 8764 	7645 	8763
f 7565 	8763 	7645
f 8759 	8764 	8761
f 8766 	8769 	8767
f 8769 	8766 	8765
f 8769 	8765 	8768
f 8770 	7587 	8766
f 8765 	8766 	7587
f 7587 	8770 	8763
f 8764 	8763 	8770
f 8766 	8767 	8770
f 7587 	8763 	7565
f 7587 	7597 	8765
f 7597 	7778 	8765
f 8768 	8765 	7778
f 8771 	7813 	8773
f 8772 	8773 	7813
f 7821 	8773 	8772
f 8772 	7813 	7809
f 7818 	8772 	7809
f 7818 	7821 	8772
f 8771 	8774 	8775
f 8771 	8773 	8774
f 8776 	8775 	8774
f 8774 	8773 	8776
f 8777 	8776 	8773
f 8771 	8775 	8768
f 8778 	8768 	8775
f 8769 	8768 	8778
f 8775 	8776 	8778
f 8769 	8778 	8776
f 8771 	8779 	7813
f 8779 	8771 	8768
f 7768 	7813 	8779
f 7778 	8779 	8768
f 8779 	7778 	7768
f 8767 	8769 	8770
f 8764 	8770 	8761
f 8776 	8762 	8769
f 8762 	8770 	8769
f 8762 	8776 	8780
f 8777 	8780 	8776
f 8762 	8761 	8770
f 8780 	8781 	8762
f 7821 	7650 	8773
f 7650 	7646 	8781
f 7624 	8781 	7623
f 8781 	7646 	7623
f 7624 	7625 	8781
f 7650 	8781 	8780
f 8762 	8781 	7625
f 8773 	7650 	8780
f 8777 	8773 	8780
f 8782 	8784 	8788
f 8783 	8788 	8784
f 8784 	8785 	8783
f 7651 	8787 	8786
f 8782 	8786 	8787
f 7651 	8786 	7640
f 8782 	8788 	8786
f 7640 	8786 	8788
f 8782 	8787 	8784
f 7640 	8788 	7639
f 8789 	8784 	8787
f 8787 	7651 	8789
f 8789 	7651 	7576
f 8784 	8789 	8790
f 8792 	7546 	8791
f 8794 	8792 	8791
f 8794 	8791 	8793
f 7546 	7545 	8791
f 8795 	7546 	8792
f 8789 	7546 	8795
f 8795 	8790 	8789
f 7546 	8789 	7576
f 8791 	7545 	7564
f 8791 	7564 	8793
f 7573 	8793 	7564
f 8796 	7641 	8797
f 8797 	7626 	8800
f 7626 	8797 	7641
f 8796 	8800 	8798
f 8796 	8797 	8800
f 8798 	8800 	8799
f 8801 	8799 	8800
f 8802 	8796 	8798
f 8796 	8802 	8793
f 8794 	8793 	8802
f 8798 	8799 	8802
f 8794 	8802 	8799
f 7649 	7641 	8796
f 7573 	7649 	8796
f 8793 	7573 	8796
f 8794 	8790 	8792
f 8795 	8792 	8790
f 8794 	8801 	8804
f 8803 	8804 	8801
f 8801 	8794 	8799
f 8794 	8804 	8790
f 8804 	8785 	8790
f 8784 	8790 	8785
f 7621 	7636 	8803
f 8800 	7626 	8803
f 7621 	8803 	7626
f 8788 	7636 	7639
f 8803 	7636 	8804
f 8788 	8783 	7636
f 7636 	8783 	8804
f 8785 	8804 	8783
f 8801 	8800 	8803
f 8807 	8805 	8806
f 8806 	8808 	8807
f 8809 	8807 	8808
f 8805 	7631 	8810
f 7631 	8805 	8807
f 7610 	8810 	7631
f 8805 	8810 	8811
f 7610 	8811 	8810
f 7540 	8811 	7610
f 8805 	8811 	8806
f 8813 	8808 	8806
f 8812 	8806 	8811
f 8806 	8812 	8813
f 8814 	8815 	8816
f 7571 	8814 	8818
f 8817 	8812 	8818
f 8811 	8818 	8812
f 8817 	8818 	8814
f 8817 	8813 	8812
f 7537 	7539 	8818
f 7539 	7544 	8818
f 7540 	8818 	8811
f 8818 	7540 	7537
f 8814 	7571 	8815
f 8819 	8815 	7571
f 7571 	8818 	7544
f 7577 	8819 	7571
f 8820 	7643 	8823
f 8820 	8823 	8821
f 8821 	8823 	8822
f 8824 	8822 	8823
f 8821 	8825 	8815
f 8825 	8821 	8822
f 8816 	8815 	8825
f 8819 	7609 	8820
f 8819 	8820 	8821
f 7643 	8820 	7609
f 8821 	8815 	8819
f 7577 	7609 	8819
f 8814 	8822 	8809
f 8813 	8817 	8809
f 8808 	8813 	8809
f 8814 	8809 	8817
f 8816 	8825 	8814
f 8825 	8822 	8814
f 8827 	8809 	8826
f 8824 	8826 	8822
f 8809 	8822 	8826
f 8829 	8828 	7620
f 8823 	7643 	8829
f 7620 	8828 	7637
f 8828 	8829 	7643
f 7637 	8828 	7643
f 7614 	8827 	7620
f 8827 	7614 	8807
f 7631 	8807 	7614
f 7620 	8827 	8829
f 8809 	8827 	8807
f 8829 	8827 	8826
f 8829 	8826 	8823
f 8824 	8823 	8826
f 8830 	8832 	7629
f 8832 	8830 	8831
f 8831 	8833 	8832
f 8834 	8832 	8833
f 8830 	7629 	8835
f 7632 	8835 	7629
f 8832 	7628 	7629
f 8830 	8835 	8836
f 7589 	8836 	8835
f 8835 	7632 	7589
f 8830 	8836 	8831
f 8838 	8833 	8831
f 8837 	8831 	8836
f 8831 	8837 	8838
f 8840 	8841 	8839
f 7542 	8839 	8841
f 8836 	8841 	8837
f 8841 	8838 	8837
f 7551 	7542 	8841
f 7551 	8841 	7549
f 7589 	8841 	8836
f 7549 	8841 	7589
f 7592 	8840 	8839
f 7538 	8839 	7542
f 8839 	7538 	7536
f 8839 	7536 	7592
f 8842 	8845 	8843
f 7622 	8845 	8842
f 8843 	7622 	8842
f 8845 	8844 	8843
f 7592 	8843 	8844
f 8843 	7592 	7622
f 8844 	8840 	7592
f 8846 	8847 	8833
f 8841 	8846 	8833
f 8833 	8838 	8841
f 8846 	8841 	8840
f 8846 	8840 	8844
f 8845 	8846 	8844
f 8834 	8833 	8847
f 8847 	8846 	7615
f 7616 	8846 	7622
f 7615 	7618 	8847
f 8847 	7618 	8832
f 7628 	8832 	7618
f 8834 	8847 	8832
f 7616 	7615 	8846
f 8845 	7622 	8846
f 8848 	8849 	8850
f 8852 	8849 	8851
f 8849 	8852 	8850
f 8848 	8853 	8854
f 8853 	8848 	8850
f 7612 	8853 	7652
f 8853 	7612 	8854
f 8850 	7644 	8853
f 7652 	8853 	7644
f 8848 	8854 	8856
f 8855 	8856 	8854
f 7588 	8854 	7612
f 8854 	7588 	8855
f 7588 	8856 	8855
f 8848 	8856 	8849
f 8858 	8851 	8849
f 8857 	8849 	8856
f 8849 	8857 	8858
f 8860 	8864 	8859
f 8863 	8860 	8859
f 8861 	8859 	8862
f 8863 	8859 	8861
f 8857 	8856 	8864
f 8860 	8858 	8864
f 8864 	8858 	8857
f 7543 	8864 	7548
f 7548 	8864 	7588
f 8856 	7588 	8864
f 7590 	8862 	8859
f 8864 	7543 	8859
f 8859 	7541 	7550
f 7541 	8859 	7543
f 8859 	7550 	7590
f 8865 	8866 	8867
f 7627 	8867 	8866
f 7627 	8866 	7611
f 8865 	8867 	8868
f 8868 	8867 	8869
f 8861 	8862 	8865
f 8863 	8865 	8868
f 8865 	8863 	8861
f 8865 	8862 	8866
f 7590 	7611 	8862
f 8866 	8862 	7611
f 8858 	8860 	8851
f 8868 	8860 	8863
f 8871 	8851 	8868
f 8870 	8871 	8868
f 8870 	8868 	8869
f 8860 	8868 	8851
f 8852 	8851 	8871
f 7627 	7619 	8867
f 8870 	8867 	7619
f 7633 	8871 	7619
f 8870 	7619 	8871
f 8871 	7633 	8850
f 7644 	8850 	7633
f 8852 	8871 	8850
f 8867 	8870 	8869
f 8872 	8873 	8874
f 8874 	8873 	8878
f 8876 	8873 	8875
f 8873 	8876 	8878
f 8872 	8878 	8877
f 8878 	8872 	8874
f 8878 	7648 	8877
f 7648 	8878 	7642
f 7594 	8879 	8872
f 7594 	8877 	7648
f 8877 	7594 	8872
f 8872 	8879 	8873
f 8880 	8873 	8879
f 8873 	8880 	8875
f 8881 	8875 	8880
f 8880 	8879 	8881
f 8882 	8886 	8884
f 8886 	8882 	8883
f 8886 	8883 	8885
f 8882 	8884 	8887
f 8887 	8881 	8879
f 8883 	8882 	7552
f 7593 	7586 	8887
f 7552 	8882 	7586
f 7594 	8887 	8879
f 7593 	8887 	7594
f 8887 	7586 	8882
f 7555 	8885 	8883
f 7552 	7547 	8883
f 7555 	8883 	7547
f 8889 	7613 	8888
f 7635 	8888 	7613
f 8888 	7634 	8892
f 7634 	8888 	7635
f 8889 	8888 	8892
f 8889 	8890 	8891
f 8890 	8889 	8892
f 8893 	8890 	8892
f 8885 	8894 	8889
f 8889 	8891 	8885
f 8886 	8885 	8891
f 8889 	8894 	7613
f 7555 	7613 	8894
f 8885 	7555 	8894
f 8895 	8876 	8891
f 8881 	8887 	8875
f 8890 	8895 	8891
f 8886 	8891 	8884
f 8884 	8891 	8887
f 8893 	8895 	8890
f 8896 	8876 	8895
f 8875 	8891 	8876
f 8887 	8891 	8875
f 8896 	8895 	7638
f 8892 	7634 	7630
f 8878 	7638 	7642
f 7630 	7638 	8895
f 8878 	8876 	7638
f 8896 	7638 	8876
f 8892 	7630 	8895
f 8893 	8892 	8895
f 8897 	8900 	8898
f 8900 	8897 	8899
f 8899 	8901 	8900
f 8902 	8900 	8901
f 8897 	8898 	8903
f 7694 	8903 	8898
f 7701 	8903 	7694
f 8900 	7694 	8898
f 8897 	8903 	8904
f 8905 	8904 	8903
f 8903 	7701 	8905
f 8905 	7701 	7585
f 8897 	8904 	8899
f 8906 	8899 	8904
f 8899 	8906 	8901
f 8907 	8901 	8906
f 8904 	8907 	8906
f 8907 	8904 	8905
f 8911 	8908 	8909
f 8908 	8911 	8910
f 8912 	8910 	8911
f 8913 	8907 	8905
f 8908 	8910 	8913
f 8913 	7567 	8908
f 8914 	8909 	7569
f 8913 	8905 	7567
f 7585 	7567 	8905
f 7567 	7569 	8908
f 8908 	7569 	8909
f 8909 	8914 	8911
f 7560 	8914 	7569
f 8914 	7560 	7591
f 7591 	7595 	8914
f 8911 	8914 	7595
f 8916 	7686 	8915
f 8915 	7686 	8917
f 7682 	8917 	7686
f 8917 	8916 	8915
f 8916 	8912 	8911
f 8916 	7687 	7686
f 7687 	8916 	8911
f 7595 	7687 	8911
f 8913 	8912 	8901
f 8912 	8913 	8910
f 8907 	8913 	8901
f 8919 	8901 	8916
f 8917 	8918 	8916
f 8919 	8916 	8918
f 8912 	8916 	8901
f 8901 	8919 	8902
f 7678 	7666 	8921
f 7682 	7678 	8917
f 7668 	8920 	7666
f 8921 	7666 	8920
f 8920 	7668 	8900
f 7694 	8900 	7668
f 8921 	8902 	8919
f 8902 	8921 	8920
f 8902 	8920 	8900
f 8919 	8918 	8921
f 7678 	8921 	8918
f 7678 	8918 	8917
f 8925 	8923 	8924
f 8922 	7674 	8926
f 7674 	8922 	8923
f 7684 	8926 	7674
f 8923 	8925 	7674
f 8922 	8926 	8928
f 8927 	8928 	8926
f 7582 	8926 	7684
f 8926 	7582 	8927
f 8927 	7582 	8928
f 8922 	8928 	8923
f 8929 	8923 	8928
f 8923 	8929 	8924
f 8930 	8924 	8929
f 8929 	8928 	8930
f 8932 	8935 	8931
f 8934 	8932 	8931
f 8934 	8931 	8933
f 8935 	8936 	8931
f 8932 	8930 	8935
f 8935 	8930 	8928
f 7570 	8931 	8936
f 7572 	7570 	8936
f 7570 	7563 	8931
f 8935 	8928 	8936
f 7572 	8936 	7574
f 7579 	8936 	8928
f 8936 	7579 	7574
f 7579 	8928 	7582
f 8931 	7584 	8933
f 7584 	8931 	7568
f 7568 	8931 	7563
f 8938 	8937 	7698
f 8938 	7698 	8940
f 7695 	8940 	7698
f 8937 	8940 	8942
f 8937 	8938 	8940
f 8942 	8940 	8939
f 8941 	8939 	8940
f 8937 	8942 	8933
f 8934 	8933 	8942
f 8934 	8942 	8939
f 7698 	8937 	8933
f 8933 	7584 	7698
f 8930 	8932 	8924
f 8943 	8932 	8934
f 8932 	8943 	8944
f 8934 	8941 	8943
f 8941 	8934 	8939
f 8944 	8925 	8932
f 8924 	8932 	8925
f 8944 	8943 	7673
f 7669 	7673 	8943
f 7667 	7673 	7669
f 8943 	8940 	7669
f 7695 	7669 	8940
f 7671 	8944 	7673
f 8944 	7671 	8925
f 7674 	8925 	7671
f 8943 	8941 	8940
f 7697 	8946 	8947
f 8945 	8947 	8946
f 8946 	8948 	8945
f 8949 	8945 	8948
f 8945 	8949 	8947
f 7683 	7697 	8947
f 7566 	8950 	7697
f 8950 	8946 	7697
f 8946 	8950 	8948
f 8951 	8948 	8950
f 8952 	8956 	8954
f 8956 	8952 	8953
f 8956 	8953 	8955
f 8957 	7561 	8952
f 8950 	7561 	8957
f 8952 	8954 	8957
f 8957 	8951 	8950
f 7561 	7557 	8952
f 7556 	8952 	7557
f 7566 	7561 	8950
f 7556 	8958 	8952
f 8953 	8952 	8958
f 8953 	8958 	8955
f 7553 	8958 	7556
f 8958 	7553 	7575
f 7575 	7578 	8958
f 8955 	7578 	7583
f 8955 	8958 	7578
f 8959 	8961 	8960
f 7680 	8960 	8961
f 8960 	7680 	8963
f 8961 	7703 	7680
f 8959 	8963 	8965
f 8959 	8960 	8963
f 8965 	8963 	8962
f 8964 	8962 	8963
f 8959 	8965 	8966
f 8966 	8965 	8955
f 8956 	8955 	8965
f 8956 	8965 	8962
f 8959 	8955 	8961
f 8955 	8959 	8966
f 7703 	8961 	8955
f 7583 	7703 	8955
f 8948 	8954 	8967
f 8957 	8954 	8948
f 8948 	8951 	8957
f 8962 	8967 	8954
f 8962 	8954 	8956
f 8964 	8967 	8962
f 8948 	8967 	8949
f 8949 	8967 	8968
f 7672 	7660 	7662
f 7680 	7672 	8963
f 8968 	8967 	7663
f 8968 	7663 	8947
f 7683 	8947 	7663
f 7672 	7662 	7663
f 8947 	8949 	8968
f 7672 	7663 	8967
f 8963 	7672 	8967
f 8964 	8963 	8967
f 8969 	8971 	8970
f 8972 	8970 	8971
f 7696 	8969 	8970
f 7691 	7696 	8970
f 8969 	7696 	7580
f 7580 	8973 	8969
f 8969 	8973 	8971
f 7558 	8974 	8975
f 8976 	8975 	8974
f 8976 	8974 	7596
f 7558 	8975 	8977
f 8977 	8973 	7558
f 7559 	7558 	8973
f 7559 	8973 	7580
f 7554 	8974 	7558
f 8974 	7554 	7562
f 7562 	7596 	8974
f 8978 	8980 	8979
f 7679 	8980 	8978
f 8979 	7681 	8978
f 7681 	7679 	8978
f 8981 	8979 	8982
f 8983 	8982 	8979
f 8979 	8980 	8983
f 8979 	8981 	8984
f 8976 	7596 	8984
f 8981 	8976 	8984
f 8976 	8981 	8982
f 7681 	8979 	7596
f 8984 	7596 	8979
f 8976 	8982 	8975
f 8973 	8977 	8971
f 8977 	8975 	8982
f 8985 	8982 	8983
f 8986 	8972 	8982
f 8971 	8977 	8972
f 8982 	8972 	8977
f 8985 	8986 	8982
f 7661 	8980 	7664
f 7679 	7664 	8980
f 8985 	8987 	8986
f 8970 	8986 	7676
f 7676 	8986 	7670
f 7688 	8970 	7676
f 8970 	7688 	7691
f 8972 	8986 	8970
f 7661 	8987 	8980
f 8987 	7661 	8986
f 7670 	8986 	7661
f 8987 	8983 	8980
f 8983 	8987 	8985
f 8990 	8988 	8991
f 8991 	8992 	8989
f 8990 	8991 	8989
f 8992 	8991 	7656
f 8992 	7656 	7693
f 7656 	8991 	8988
f 8993 	8989 	8992
f 8992 	7693 	8993
f 8993 	7693 	7534
f 8994 	8989 	8993
f 8995 	8996 	8997
f 8996 	9000 	8998
f 9000 	8996 	8995
f 8997 	8999 	8995
f 9000 	8995 	8999
f 9001 	8994 	8993
f 8998 	9001 	8996
f 7603 	7598 	9001
f 7598 	8997 	9001
f 9001 	7534 	7603
f 9001 	8993 	7534
f 7603 	7534 	7535
f 8996 	9001 	8997
f 8997 	7581 	8999
f 7581 	8997 	7598
f 9002 	9003 	9005
f 9004 	7690 	9002
f 9003 	7689 	9005
f 9003 	9002 	7690
f 9003 	7690 	7689
f 7685 	9005 	7689
f 9002 	9006 	9007
f 9002 	9005 	9006
f 9007 	9006 	9008
f 9009 	9008 	9006
f 9009 	9006 	9005
f 9002 	9007 	9010
f 8999 	9010 	9007
f 9007 	9011 	8999
f 9011 	9007 	9008
f 9000 	8999 	9011
f 9004 	9002 	9010
f 7699 	7690 	9004
f 9010 	8999 	9004
f 7581 	9004 	8999
f 9004 	7581 	7699
f 9011 	9008 	8989
f 8994 	9001 	9011
f 8998 	9011 	9001
f 8994 	9011 	8989
f 9000 	9011 	8998
f 9012 	9013 	8989
f 9009 	8989 	9008
f 9012 	8989 	9009
f 8990 	8989 	9013
f 7677 	7658 	9012
f 7685 	7677 	9005
f 9012 	9005 	7677
f 9012 	7658 	9013
f 7657 	8988 	9013
f 7657 	9013 	7658
f 8988 	7657 	7656
f 8990 	9013 	8988
f 9009 	9005 	9012
f 9014 	9015 	7692
f 7692 	9015 	7665
f 7692 	7605 	9016
f 7692 	9016 	9014
f 9014 	9016 	9017
f 9020 	9018 	9019
f 9016 	9021 	9017
f 9018 	9021 	7599
f 7601 	7599 	9021
f 9021 	9016 	7601
f 7601 	9016 	7605
f 9018 	7599 	9019
f 7602 	9019 	7599
f 9022 	9019 	7602
f 9022 	7604 	7606
f 7604 	9022 	7602
f 9023 	7700 	9024
f 7700 	7655 	9024
f 9023 	9025 	9026
f 9023 	9024 	9025
f 9026 	9025 	9029
f 9027 	9029 	9025
f 9027 	9025 	9024
f 9023 	9026 	9019
f 9028 	9019 	9026
f 9026 	9029 	9028
f 9028 	9029 	9019
f 9020 	9019 	9029
f 9023 	7533 	7700
f 7533 	9023 	9019
f 9019 	9022 	7533
f 7607 	9022 	7606
f 7607 	7533 	9022
f 9017 	9021 	9029
f 9018 	9029 	9021
f 9031 	9014 	9017
f 9029 	9027 	9017
f 9020 	9029 	9018
f 9031 	9017 	9030
f 9030 	9017 	9027
f 9014 	9031 	9015
f 7655 	9032 	9024
f 7654 	9032 	7655
f 9032 	7654 	7653
f 7665 	9015 	7659
f 7659 	9032 	7653
f 9033 	9032 	9031
f 9031 	7659 	9015
f 7659 	9031 	9032
f 9024 	9032 	9033
f 9027 	9024 	9033
f 9030 	9033 	9031
f 9033 	9030 	9027
f 9034 	9037 	9036
f 9037 	9034 	9035
f 9037 	9038 	9036
f 8045 	9034 	9036
f 8029 	8045 	9036
f 9034 	8045 	9039
f 9039 	8045 	9041
f 9040 	9041 	8045
f 8045 	7989 	9040
f 9034 	9039 	9035
f 9042 	9035 	9039
f 9035 	9042 	9037
f 9043 	9037 	9042
f 9039 	9041 	9042
f 9048 	9044 	9045
f 9047 	9045 	9044
f 9046 	9047 	9044
f 9048 	9042 	9041
f 9043 	9042 	9048
f 9048 	8003 	8011
f 9048 	9040 	8003
f 9048 	9041 	9040
f 7988 	8003 	9040
f 9048 	8011 	9044
f 7988 	9040 	7989
f 9044 	8011 	9046
f 9049 	9046 	8011
f 7608 	7600 	9049
f 7608 	9049 	8011
f 9050 	9052 	9053
f 9051 	9053 	9052
f 9051 	7675 	9053
f 9052 	7675 	9051
f 7702 	9053 	7675
f 9050 	9053 	9054
f 9054 	9053 	9055
f 9050 	9054 	9046
f 9054 	9047 	9046
f 9052 	7600 	7675
f 9050 	9046 	9052
f 9049 	9052 	9046
f 9052 	9049 	7600
f 9037 	9048 	9055
f 9045 	9055 	9048
f 9037 	9043 	9048
f 9054 	9055 	9047
f 9055 	9045 	9047
f 9055 	9056 	9037
f 9038 	9037 	9056
f 8022 	9055 	8019
f 7702 	8019 	9055
f 8029 	9036 	8022
f 8019 	8020 	8022
f 9056 	9055 	8022
f 9036 	9038 	8022
f 9056 	8022 	9038
f 7702 	9055 	9053
f 9059 	9057 	9058
f 9058 	9060 	9059
f 9061 	9059 	9060
f 8027 	8028 	9057
f 9057 	9059 	8027
f 9057 	8028 	9062
f 8013 	9062 	8028
f 8004 	9062 	8013
f 9057 	9062 	9058
f 9063 	9060 	9058
f 9058 	9062 	9063
f 9068 	9064 	9065
f 9067 	9065 	9064
f 9067 	9064 	9066
f 9065 	9069 	9068
f 9068 	9069 	9062
f 9063 	9062 	9069
f 7994 	7990 	9068
f 8004 	9068 	9062
f 7994 	9068 	8004
f 7990 	7987 	9068
f 9068 	7987 	9064
f 9064 	7987 	9066
f 9066 	7987 	7997
f 9071 	8051 	9070
f 9070 	8025 	9072
f 8025 	9070 	8051
f 9075 	9074 	9073
f 9070 	9075 	9073
f 9075 	9070 	9072
f 9070 	9073 	9066
f 9076 	9066 	9073
f 9073 	9074 	9076
f 9067 	9076 	9074
f 9076 	9067 	9066
f 9070 	9066 	9071
f 9077 	9071 	9066
f 9071 	9077 	7997
f 9071 	7997 	8051
f 9066 	7997 	9077
f 9061 	9069 	9065
f 9069 	9061 	9063
f 9061 	9065 	9074
f 9067 	9074 	9065
f 9075 	9078 	9074
f 9061 	9074 	9079
f 9078 	9079 	9074
f 9063 	9061 	9060
f 9082 	9080 	8018
f 8018 	9080 	8021
f 9082 	9072 	8025
f 9080 	9082 	8025
f 9080 	8025 	8021
f 8018 	9081 	9082
f 8018 	8024 	9081
f 9082 	9061 	9079
f 9061 	9082 	9081
f 9059 	9081 	8027
f 8024 	8027 	9081
f 9061 	9081 	9059
f 9082 	9075 	9072
f 9078 	9082 	9079
f 9082 	9078 	9075
f 9083 	9086 	8042
f 9084 	9085 	9083
f 9086 	9083 	9085
f 9084 	9083 	8050
f 8050 	9083 	8042
f 9087 	9084 	8050
f 9087 	8009 	9088
f 8009 	9087 	8050
f 9088 	9084 	9087
f 9084 	9088 	9085
f 9089 	9085 	9088
f 9092 	9091 	9090
f 9092 	9090 	7999
f 9091 	9093 	7998
f 9088 	8000 	9093
f 8000 	7998 	9093
f 9089 	9088 	9093
f 9088 	8009 	8000
f 9090 	9091 	7998
f 7998 	7993 	9090
f 9090 	7995 	7999
f 9090 	7991 	7995
f 7991 	9090 	7993
f 9094 	8047 	9095
f 9095 	8047 	9098
f 8026 	9098 	8047
f 8047 	9094 	8012
f 9094 	9098 	9096
f 9094 	9095 	9098
f 9096 	9098 	9097
f 9099 	9097 	9098
f 9100 	9094 	9096
f 9094 	9100 	7999
f 9092 	7999 	9100
f 9096 	9097 	9100
f 9092 	9100 	9097
f 7999 	8012 	9094
f 9089 	9093 	9101
f 9091 	9097 	9093
f 9101 	9093 	9097
f 9097 	9091 	9092
f 9097 	9099 	9101
f 9089 	9101 	9102
f 9085 	9089 	9086
f 9102 	9086 	9089
f 9098 	8026 	8023
f 8035 	9102 	8017
f 8040 	9102 	8035
f 8040 	8042 	9102
f 8023 	9102 	9101
f 8042 	9086 	9102
f 8017 	9102 	8023
f 8023 	9101 	9098
f 9099 	9098 	9101
f 9103 	9104 	9105
f 9104 	9103 	9106
f 9106 	9107 	9104
f 9103 	8046 	8015
f 9105 	8046 	9103
f 9108 	9103 	8015
f 8007 	9108 	8015
f 9109 	9106 	9103
f 9109 	9103 	9108
f 9111 	9110 	9112
f 9113 	9110 	9111
f 9115 	9114 	9112
f 9115 	9109 	9114
f 9108 	9114 	9109
f 9112 	9110 	9115
f 8005 	7992 	9114
f 8005 	9114 	9108
f 9108 	8007 	8005
f 9112 	9114 	7992
f 8010 	9112 	7992
f 8014 	8053 	9116
f 9117 	9116 	8053
f 8053 	8048 	9117
f 8048 	9118 	9117
f 9118 	8048 	8043
f 9119 	9116 	9117
f 9122 	9120 	9119
f 9117 	9118 	9119
f 9121 	9119 	9118
f 9119 	9121 	9122
f 9116 	9119 	9112
f 9111 	9112 	9119
f 9113 	9119 	9120
f 9119 	9113 	9111
f 8014 	9116 	9112
f 9112 	8010 	8014
f 9109 	9115 	9106
f 9115 	9110 	9120
f 9113 	9120 	9110
f 9115 	9120 	9123
f 9120 	9122 	9123
f 9115 	9123 	9107
f 9107 	9106 	9115
f 8030 	9125 	8036
f 8043 	8039 	9118
f 8032 	9124 	8030
f 8038 	9124 	8032
f 8038 	9105 	9124
f 8046 	9105 	8038
f 8030 	9124 	9125
f 9125 	9107 	9123
f 9107 	9125 	9124
f 9104 	9124 	9105
f 9107 	9124 	9104
f 9125 	9123 	8036
f 9121 	9118 	8039
f 8039 	8036 	9123
f 8039 	9123 	9121
f 9122 	9121 	9123
f 8055 	9128 	9126
f 8055 	9126 	8056
f 9127 	8056 	9126
f 8006 	9128 	8054
f 8055 	8054 	9128
f 9129 	9128 	8006
f 9128 	9129 	9126
f 9130 	9135 	9132
f 9135 	9130 	9131
f 9133 	9131 	9134
f 9135 	9131 	9133
f 9130 	9132 	9136
f 9129 	9136 	9132
f 9136 	8001 	9130
f 8006 	8001 	9129
f 9136 	9129 	8001
f 8001 	7996 	9130
f 9131 	9130 	7996
f 9131 	7996 	9134
f 7996 	8008 	9134
f 9137 	8016 	8041
f 9138 	9137 	8041
f 9133 	8016 	9137
f 8016 	9133 	9134
f 9135 	9133 	9137
f 8008 	8016 	9134
f 9129 	9132 	9126
f 9137 	9132 	9135
f 9137 	9138 	9132
f 9140 	9132 	9139
f 9139 	9132 	9138
f 9140 	9126 	9132
f 9126 	9140 	9127
f 8033 	9141 	8034
f 8056 	9127 	8052
f 8033 	8044 	9141
f 9141 	9127 	9140
f 9127 	9141 	8044
f 8044 	8052 	9127
f 9141 	9139 	8034
f 8037 	8034 	9139
f 8037 	9139 	8041
f 9138 	8041 	9139
f 9141 	9140 	9139
f 5798 	5801 	5794
f 9144 	7277 	9142
f 9144 	9142 	9143
f 7276 	9142 	7277
f 7280 	9142 	7276
f 9142 	7280 	7245
f 9143 	9142 	7245
f 7245 	9145 	9143
f 9146 	9143 	9145
f 9143 	9146 	9147
f 7242 	7247 	9148
f 7248 	9148 	7247
f 9149 	9148 	7248
f 7248 	7251 	9149
f 9148 	9146 	7242
f 7245 	7243 	9146
f 7245 	9146 	9145
f 9148 	9147 	9146
f 7242 	9146 	7243
f 7272 	9150 	9151
f 7272 	9151 	7251
f 9151 	9153 	9152
f 9153 	9151 	9150
f 7273 	9150 	7272
f 7271 	9150 	7273
f 9150 	7271 	9153
f 9149 	9151 	9152
f 9151 	9149 	7251
f 9148 	9152 	9147
f 9147 	9152 	9144
f 9143 	9147 	9144
f 9149 	9152 	9148
f 9154 	9155 	9152
f 9144 	9152 	9155
f 9154 	9152 	9153
f 7270 	7274 	9155
f 9144 	7274 	7277
f 9155 	7274 	9144
f 9155 	9154 	7270
f 7268 	9154 	7271
f 9153 	7271 	9154
f 7270 	9154 	7268
f 9156 	9157 	9159
f 9158 	9159 	9157
f 9161 	9157 	9160
f 9157 	9161 	9158
f 9159 	8205 	9156
f 8208 	9156 	8205
f 8190 	9156 	8208
f 8188 	9156 	8190
f 9156 	9162 	9157
f 9157 	9162 	9160
f 9163 	9160 	9162
f 9162 	9156 	8188
f 9164 	9165 	8194
f 8194 	7244 	9164
f 9166 	9164 	7244
f 9167 	9164 	9166
f 8194 	9165 	8186
f 8186 	9165 	8188
f 9162 	8188 	9165
f 9165 	9163 	9162
f 9169 	9170 	9168
f 7278 	9171 	9168
f 7278 	9168 	7281
f 9168 	9171 	9169
f 9172 	9169 	9171
f 7281 	9166 	7282
f 9173 	7282 	9166
f 7281 	9168 	9166
f 9173 	9166 	7244
f 9168 	9167 	9166
f 9167 	9168 	9170
f 7282 	9173 	7244
f 9160 	9163 	9165
f 9165 	9164 	9169
f 9169 	9164 	9170
f 9167 	9170 	9164
f 9169 	9172 	9160
f 9174 	9160 	9172
f 9165 	9169 	9160
f 9174 	9161 	9160
f 8205 	9159 	8206
f 8206 	9175 	7283
f 9175 	8206 	9176
f 9175 	9161 	9174
f 9161 	9175 	9176
f 9176 	8206 	9158
f 8206 	9159 	9158
f 9161 	9176 	9158
f 7279 	7283 	9175
f 7279 	9171 	7278
f 9175 	9174 	7279
f 7279 	9174 	9171
f 9172 	9171 	9174
f 9177 	9178 	8212
f 9178 	9177 	9180
f 9178 	9180 	8212
f 8212 	8183 	9177
f 9177 	8183 	8182
f 9177 	8182 	8196
f 9177 	9181 	9180
f 9181 	9177 	8196
f 9180 	9181 	9179
f 9182 	9179 	9181
f 9181 	8196 	9182
f 8189 	9184 	9183
f 9184 	9186 	9183
f 9183 	9186 	9185
f 9187 	9185 	9186
f 9183 	9185 	8189
f 9188 	8189 	9185
f 9188 	9182 	8196
f 8189 	9188 	8202
f 8197 	9188 	8196
f 9188 	8197 	8202
f 9184 	8189 	8185
f 8187 	9186 	9184
f 9186 	8187 	8191
f 8187 	9184 	8185
f 9189 	9190 	8195
f 9189 	8195 	8204
f 9192 	8195 	9190
f 9189 	8204 	9190
f 9191 	9190 	8204
f 8195 	9192 	8192
f 8192 	9186 	8193
f 8192 	9192 	9186
f 9187 	9192 	9190
f 9192 	9187 	9186
f 8193 	9186 	8191
f 9185 	9182 	9188
f 9182 	9185 	9180
f 9187 	9180 	9185
f 9180 	9187 	9190
f 9180 	9190 	9193
f 9191 	9193 	9190
f 9179 	9182 	9180
f 8207 	8209 	9194
f 9193 	9195 	9194
f 9180 	9193 	9194
f 9194 	8209 	8212
f 9180 	9194 	8212
f 9195 	8204 	8207
f 8207 	9194 	9195
f 9191 	9195 	9193
f 9195 	9191 	8204
f 7171 	9197 	7190
f 9196 	7190 	9197
f 9197 	9199 	9196
f 9199 	9197 	9198
f 9196 	9199 	7190
f 7169 	9200 	7171
f 9197 	7171 	9200
f 9197 	9200 	9198
f 9201 	9198 	9200
f 7169 	9201 	9200
f 8199 	9202 	8200
f 8200 	8203 	8201
f 8203 	8200 	9202
f 9203 	8199 	8198
f 8199 	9203 	9202
f 9204 	9202 	9203
f 7173 	8203 	9205
f 7173 	9201 	7169
f 9201 	7173 	9205
f 8203 	9202 	9205
f 9206 	9205 	9202
f 9201 	9205 	9206
f 7172 	7173 	7169
f 8184 	8211 	9207
f 9208 	9207 	8211
f 8184 	9207 	8198
f 9203 	8198 	9207
f 9207 	9204 	9203
f 9201 	9206 	9198
f 9202 	9198 	9206
f 9204 	9207 	9202
f 9207 	9209 	9202
f 9209 	9207 	9208
f 9199 	9198 	9202
f 9199 	9202 	9209
f 9210 	7185 	9209
f 9199 	9209 	7185
f 7185 	7190 	9199
f 9210 	8210 	7185
f 9210 	8211 	8210
f 9208 	9210 	9209
f 9210 	9208 	8211
f 7183 	9211 	7167
f 9211 	9212 	7167
f 9213 	7167 	9212
f 7183 	7179 	9211
f 9214 	9211 	7179
f 9211 	9214 	9212
f 9215 	9212 	9214
f 7179 	9215 	9214
f 9216 	9218 	7181
f 9216 	7181 	7182
f 7180 	9218 	9217
f 7180 	7181 	9218
f 7182 	7174 	9216
f 9218 	9216 	7174
f 7178 	9215 	7179
f 7180 	9217 	7178
f 9219 	7178 	9217
f 7178 	9219 	9215
f 9224 	7170 	9220
f 7175 	9220 	7170
f 9224 	9223 	9221
f 9223 	9224 	9220
f 7189 	9222 	7191
f 7175 	9222 	9220
f 9222 	7175 	7191
f 9223 	9220 	9222
f 7174 	7170 	9224
f 9218 	9224 	9221
f 9224 	9218 	7174
f 9218 	9212 	9219
f 9218 	9221 	9212
f 9219 	9217 	9218
f 9219 	9212 	9215
f 9225 	9212 	9221
f 9223 	9226 	9221
f 9225 	9221 	9226
f 9213 	9212 	9225
f 7188 	7187 	9225
f 9225 	7187 	9213
f 7167 	9213 	7168
f 7187 	7168 	9213
f 7189 	7188 	9222
f 9225 	9226 	7188
f 7188 	9226 	9222
f 9223 	9222 	9226
f 7841 	9227 	7836
f 9227 	9228 	7836
f 7841 	7844 	9227
f 9229 	9227 	7844
f 9231 	7854 	7866
f 7854 	9231 	9230
f 7854 	9232 	7847
f 7844 	7846 	9229
f 9232 	7846 	7847
f 9232 	9229 	7846
f 7854 	9230 	9232
f 7176 	9233 	9234
f 9234 	9236 	9235
f 9236 	9234 	9233
f 7825 	9233 	7176
f 9233 	7825 	9236
f 9237 	7176 	9234
f 7176 	7866 	7177
f 7866 	7176 	9231
f 7176 	9237 	9231
f 9234 	9235 	9237
f 9231 	9237 	9235
f 9227 	9232 	9238
f 9227 	9229 	9232
f 9238 	9232 	9235
f 9232 	9230 	9235
f 9231 	9235 	9230
f 9238 	9235 	9236
f 9227 	9238 	9228
f 7835 	7836 	9238
f 9228 	9238 	7836
f 7896 	9239 	7826
f 7835 	9238 	7896
f 7826 	9239 	7825
f 9239 	7896 	9236
f 9236 	7896 	9238
f 9239 	9236 	7825
f 7843 	7848 	9240
f 9240 	7840 	7860
f 9242 	9240 	9241
f 9240 	9242 	7840
f 9241 	9240 	7848
f 7843 	9240 	7860
f 7893 	9241 	7848
f 9243 	9241 	7893
f 7891 	7888 	7890
f 7888 	7891 	9244
f 9244 	7891 	7864
f 9244 	9243 	7893
f 7885 	7888 	9244
f 7885 	9244 	7883
f 7883 	9244 	7893
f 7845 	9245 	9246
f 9246 	9245 	9247
f 9248 	9247 	9245
f 7837 	9245 	7845
f 9248 	9245 	7837
f 9249 	7845 	9246
f 7845 	9244 	7864
f 9244 	7845 	9249
f 9246 	9244 	9249
f 9244 	9246 	9247
f 9242 	9241 	9243
f 9244 	9250 	9243
f 9244 	9247 	9250
f 9248 	9250 	9247
f 9243 	9250 	9242
f 7834 	9251 	7829
f 7829 	9251 	9250
f 9242 	9250 	9251
f 9251 	7834 	7840
f 9242 	9251 	7840
f 7829 	9250 	7832
f 9250 	9248 	7832
f 7837 	7832 	9248
f 9252 	9256 	7852
f 9253 	7852 	9256
f 7852 	9253 	9255
f 9254 	9255 	9253
f 9257 	9253 	9256
f 9253 	9257 	9254
f 7861 	9252 	7852
f 9252 	7861 	7874
f 9252 	7874 	9256
f 9258 	9256 	7874
f 9259 	9256 	9258
f 9259 	9258 	7874
f 7886 	7887 	9262
f 9260 	7889 	7894
f 9261 	9260 	7894
f 7886 	9262 	7882
f 9260 	9262 	7887
f 7882 	9262 	7874
f 9259 	7874 	9262
f 7889 	9260 	7887
f 9265 	7842 	9263
f 9264 	9263 	7842
f 7838 	7839 	7842
f 7842 	7839 	9264
f 7842 	9265 	7865
f 7894 	7865 	9265
f 9261 	9265 	9263
f 9265 	9261 	7894
f 9259 	9262 	9266
f 9266 	9267 	9259
f 9260 	9266 	9262
f 9259 	9267 	9256
f 9266 	9260 	9263
f 9261 	9263 	9260
f 9263 	9264 	9266
f 9257 	9256 	9267
f 7852 	9255 	7853
f 9267 	7828 	7830
f 7830 	9255 	9254
f 9255 	7830 	7853
f 7830 	9254 	9267
f 9257 	9267 	9254
f 7839 	7833 	9268
f 7828 	9268 	7833
f 7828 	9266 	9268
f 9266 	7828 	9267
f 9266 	9264 	9268
f 7839 	9268 	9264
f 9270 	7857 	7895
f 9270 	7895 	9269
f 7870 	9271 	7895
f 7895 	9271 	9269
f 9272 	9269 	9271
f 7870 	9272 	9271
f 7872 	9273 	7873
f 7872 	9274 	9273
f 9275 	9274 	7879
f 7872 	7879 	9274
f 9274 	9276 	9273
f 7868 	9273 	9276
f 7868 	9272 	7870
f 9272 	7868 	9276
f 7871 	9273 	7868
f 9273 	7871 	7873
f 7862 	9279 	9277
f 9279 	7862 	7831
f 7892 	7862 	9277
f 9277 	9279 	9278
f 9280 	9278 	9279
f 7892 	9277 	7879
f 9275 	9277 	9278
f 9277 	9275 	7879
f 9272 	9276 	9281
f 9274 	9278 	9276
f 9281 	9276 	9278
f 9275 	9278 	9274
f 9280 	9281 	9278
f 9281 	9282 	9272
f 9272 	9282 	9269
f 9270 	9269 	9282
f 9281 	7827 	7850
f 9282 	9281 	7850
f 7850 	7856 	9270
f 7856 	7857 	9270
f 7857 	7856 	7858
f 7850 	9270 	9282
f 9279 	7831 	7827
f 7827 	9281 	9279
f 9280 	9279 	9281
f 7881 	9283 	7863
f 9285 	9283 	9284
f 9283 	9285 	7863
f 9286 	9283 	7884
f 9286 	7884 	7877
f 7881 	7884 	9283
f 9283 	9286 	9284
f 9287 	9284 	9286
f 7877 	7876 	9286
f 9288 	9290 	7867
f 7867 	7869 	9288
f 7869 	9289 	9288
f 9290 	9286 	7876
f 7875 	7867 	9290
f 9287 	9286 	9290
f 7875 	9290 	7876
f 7880 	9291 	9293
f 7880 	9293 	7878
f 9291 	9292 	9293
f 9294 	9293 	9292
f 9291 	7880 	7855
f 9291 	7855 	9292
f 7878 	9293 	7869
f 9293 	9289 	7869
f 9289 	9293 	9294
f 9290 	9288 	9284
f 9284 	9287 	9290
f 9288 	9289 	9284
f 9289 	9294 	9284
f 9292 	9284 	9294
f 9292 	9295 	9284
f 9296 	9284 	9295
f 9285 	9284 	9296
f 9297 	9295 	7851
f 7863 	9297 	7851
f 9296 	9295 	9297
f 9297 	7863 	9296
f 9285 	9296 	7863
f 9295 	7849 	7851
f 7849 	9295 	7855
f 7855 	9295 	9292
f 7742 	9298 	7731
f 9299 	7731 	9298
f 7731 	9299 	7727
f 7742 	7739 	9298
f 7739 	9300 	9298
f 7743 	7744 	7745
f 7743 	7745 	9304
f 9304 	7745 	9301
f 7747 	9302 	7746
f 7745 	7746 	9302
f 7745 	9302 	9301
f 9303 	9301 	9302
f 7743 	9304 	7736
f 9304 	9300 	7736
f 7739 	7736 	9300
f 7729 	7723 	9306
f 9305 	9306 	7723
f 9306 	9308 	9307
f 9308 	9306 	9305
f 9308 	9305 	7723
f 7751 	9302 	7747
f 9302 	7751 	9306
f 7751 	7729 	9306
f 7729 	7751 	7732
f 9306 	9307 	9302
f 9303 	9302 	9307
f 9301 	9298 	9304
f 9301 	9303 	9298
f 9304 	9298 	9300
f 9307 	9298 	9303
f 9307 	9308 	9309
f 9309 	9310 	9307
f 9298 	9307 	9310
f 9299 	9298 	9310
f 7717 	9310 	7720
f 7720 	9310 	9309
f 7727 	9299 	7717
f 9310 	7717 	9299
f 7720 	9309 	7722
f 9308 	7723 	9309
f 7722 	9309 	7723
f 7740 	9311 	7750
f 9313 	9311 	9312
f 9311 	9313 	7750
f 7740 	9312 	9311
f 9312 	7740 	7734
f 9314 	9312 	7734
f 7735 	7738 	9315
f 9315 	9317 	9316
f 9317 	9315 	7738
f 7738 	7741 	9317
f 7733 	9315 	9314
f 9315 	7733 	7735
f 7733 	9314 	7734
f 9315 	9316 	9314
f 9318 	9319 	7749
f 9320 	9319 	9318
f 7749 	7724 	9318
f 9318 	7724 	9320
f 7749 	9319 	7741
f 9319 	9317 	7741
f 9322 	9312 	9321
f 9316 	9319 	9314
f 9314 	9321 	9312
f 9319 	9320 	9314
f 9317 	9319 	9316
f 9321 	9314 	9320
f 9313 	9312 	9322
f 7728 	9322 	7726
f 7725 	7726 	9322
f 7750 	9313 	7728
f 9322 	7728 	9313
f 7721 	9323 	7719
f 7725 	9322 	7721
f 7724 	7719 	9323
f 9323 	7721 	9322
f 9321 	9323 	9322
f 9321 	9320 	9323
f 7724 	9323 	9320
f 9325 	7425 	9324
f 7425 	9325 	7416
f 7425 	7426 	9324
f 9326 	9324 	7426
f 7426 	7440 	9326
f 7737 	9327 	7752
f 7463 	7752 	9327
f 9328 	9327 	7737
f 7386 	7463 	9327
f 9329 	7386 	9327
f 7386 	9329 	7440
f 9326 	7440 	9329
f 7748 	9330 	7737
f 9330 	7748 	9331
f 9332 	9331 	7748
f 9330 	9331 	7737
f 9328 	7737 	9331
f 9325 	9326 	9329
f 9324 	9326 	9325
f 9327 	9331 	9329
f 9328 	9331 	9327
f 9333 	9334 	9331
f 9331 	9332 	9333
f 9329 	9331 	9325
f 9325 	9331 	9334
f 7370 	9334 	7371
f 9333 	7371 	9334
f 7370 	7416 	9334
f 9325 	9334 	7416
f 7371 	9333 	7730
f 7730 	9333 	7748
f 9332 	7748 	9333
f 9336 	7346 	7348
f 7375 	9336 	7348
f 9336 	7375 	9335
f 9338 	9335 	7375
f 7439 	9337 	7375
f 7375 	9337 	9338
f 7362 	7385 	9341
f 9339 	7385 	7387
f 9339 	9341 	7385
f 7430 	7362 	9341
f 9340 	9341 	9339
f 7387 	7411 	9339
f 9340 	9339 	7411
f 7439 	7432 	9337
f 7432 	7430 	9341
f 7432 	9341 	9337
f 9338 	9337 	9341
f 7437 	9345 	9342
f 9342 	9343 	9344
f 9343 	9342 	9345
f 9345 	7437 	7417
f 9346 	9343 	9345
f 7437 	9342 	7411
f 9340 	9342 	9344
f 9342 	9340 	7411
f 9341 	9336 	9338
f 9335 	9338 	9336
f 9340 	9344 	9341
f 9343 	9341 	9344
f 9346 	9347 	9343
f 9348 	9341 	9347
f 9341 	9343 	9347
f 9348 	9336 	9341
f 7344 	9348 	7369
f 7344 	7346 	9336
f 7344 	9336 	9348
f 7395 	9347 	7396
f 7395 	7369 	9347
f 7396 	9345 	7417
f 9345 	7396 	9347
f 7369 	9348 	9347
f 9346 	9345 	9347
f 9350 	7444 	9349
f 7444 	9350 	7419
f 7443 	9349 	7444
f 9351 	9349 	7443
f 7429 	9352 	9353
f 9352 	7429 	7431
f 7429 	9353 	7363
f 9352 	9354 	9353
f 9351 	9353 	9354
f 7431 	7434 	9352
f 7434 	9355 	9352
f 9354 	9352 	9355
f 7363 	9353 	7378
f 7392 	7378 	7443
f 9353 	9351 	7378
f 7378 	9351 	7443
f 7460 	7372 	9357
f 9356 	9357 	7372
f 9357 	9359 	9358
f 9359 	9357 	9356
f 7372 	9359 	9356
f 7460 	9357 	7434
f 9358 	7434 	9357
f 9358 	9355 	7434
f 9354 	9358 	9351
f 9359 	9360 	9349
f 9359 	9349 	9358
f 9355 	9358 	9354
f 9349 	9351 	9358
f 9361 	9349 	9360
f 9350 	9349 	9361
f 7412 	9362 	7408
f 7341 	7408 	9361
f 7408 	9362 	9361
f 7414 	9362 	7412
f 7419 	9350 	7414
f 9362 	7414 	9350
f 9361 	9362 	9350
f 7342 	9363 	7343
f 7341 	9361 	7342
f 7349 	9359 	7372
f 9359 	7349 	9363
f 7343 	9363 	7349
f 9363 	7342 	9361
f 9360 	9363 	9361
f 9363 	9360 	9359
f 9365 	7345 	9364
f 7345 	9365 	7339
f 9366 	9364 	7345
f 9367 	9364 	9366
f 7350 	9367 	9366
f 7350 	9366 	7345
f 9368 	7379 	7383
f 7379 	9368 	7359
f 9370 	9369 	9368
f 7388 	9370 	9368
f 9370 	7388 	7391
f 7388 	9368 	7383
f 9368 	9371 	7359
f 9367 	7350 	9371
f 7359 	9371 	7350
f 9368 	9369 	9371
f 9372 	9371 	9369
f 9371 	9372 	9367
f 7447 	9373 	9374
f 9373 	7447 	7418
f 9374 	9373 	9375
f 9376 	9375 	9373
f 7413 	9376 	7418
f 9373 	7418 	9376
f 7447 	9374 	7391
f 9377 	7391 	9374
f 9370 	7391 	9377
f 9374 	9370 	9377
f 9370 	9374 	9375
f 9369 	9364 	9372
f 9372 	9364 	9367
f 9369 	9370 	9364
f 9375 	9364 	9370
f 9378 	9365 	9375
f 9378 	9375 	9376
f 9364 	9375 	9365
f 7330 	9378 	7331
f 7330 	7339 	9378
f 9365 	9378 	7339
f 7407 	7337 	9379
f 7331 	9378 	7337
f 7407 	9379 	7413
f 9379 	7337 	9378
f 9378 	9376 	9379
f 7413 	9379 	9376
f 9380 	7424 	9381
f 7428 	9381 	7424
f 9381 	9382 	9380
f 9381 	7428 	7524
f 9381 	7524 	9383
f 9384 	9386 	7488
f 9384 	7488 	7355
f 7496 	7488 	9386
f 7355 	7351 	9384
f 9385 	9384 	7351
f 7496 	9386 	7521
f 7521 	9386 	7524
f 9383 	7524 	9386
f 9387 	7347 	7340
f 9387 	9389 	9388
f 7340 	9389 	9387
f 7347 	9387 	7351
f 9390 	7351 	9387
f 9387 	9385 	9390
f 9385 	9387 	9388
f 9390 	9385 	7351
f 9386 	9381 	9383
f 9385 	9388 	9384
f 9386 	9384 	9388
f 9388 	9391 	9386
f 9392 	9381 	9391
f 9388 	9389 	9391
f 9386 	9391 	9381
f 9382 	9381 	9392
f 7404 	7410 	9380
f 7424 	9380 	7410
f 7404 	9380 	9392
f 9382 	9392 	9380
f 7404 	9392 	7328
f 7334 	7328 	7335
f 9389 	7340 	7335
f 7335 	7328 	9392
f 9391 	7335 	9392
f 7335 	9391 	9389
f 7380 	9394 	7373
f 9394 	7380 	9393
f 9393 	9395 	9394
f 9396 	9394 	9395
f 7380 	7393 	9393
f 9397 	9393 	7393
f 9393 	9397 	9395
f 9398 	9395 	9397
f 9397 	7393 	7526
f 9397 	7526 	9398
f 7489 	9399 	9400
f 9399 	9402 	9400
f 9402 	9399 	9401
f 7512 	7489 	9403
f 9400 	9403 	7489
f 7522 	7512 	9403
f 7522 	9403 	7526
f 9398 	7526 	9403
f 7493 	9399 	7489
f 7495 	9399 	7493
f 9399 	7495 	9401
f 9401 	7495 	7525
f 9404 	7435 	7415
f 9404 	9406 	9405
f 9406 	9404 	7415
f 7438 	7435 	9404
f 7448 	9401 	7465
f 9401 	7448 	9402
f 7448 	7438 	9402
f 9404 	9402 	7438
f 9402 	9404 	9405
f 7465 	9401 	7525
f 9400 	9395 	9403
f 9400 	9405 	9395
f 9403 	9395 	9398
f 9406 	9395 	9405
f 9402 	9405 	9400
f 9396 	9395 	9406
f 9406 	9407 	9396
f 7366 	9396 	7357
f 7325 	9396 	9407
f 7325 	7357 	9396
f 7373 	9394 	7366
f 7366 	9394 	9396
f 7403 	7325 	9407
f 7403 	9407 	7415
f 9406 	7415 	9407
f 9408 	7332 	9409
f 7528 	9409 	7332
f 7327 	7332 	9408
f 9409 	9410 	9408
f 9411 	9408 	9410
f 9408 	9411 	7327
f 9409 	9413 	9410
f 7497 	9412 	9409
f 7497 	9409 	7528
f 9413 	9409 	9412
f 7494 	7491 	9416
f 7527 	9415 	9414
f 7482 	9416 	7491
f 9414 	9416 	7482
f 7494 	9412 	7497
f 7494 	9416 	9412
f 9413 	9412 	9416
f 7482 	7505 	9414
f 9414 	7505 	7506
f 7511 	9414 	7506
f 9414 	7511 	7527
f 9417 	9418 	7402
f 9418 	9420 	9419
f 9420 	9418 	9417
f 7394 	9420 	9417
f 9420 	7394 	7374
f 7394 	9417 	7402
f 7402 	9418 	7462
f 9418 	9415 	7462
f 9415 	9418 	9419
f 7462 	9415 	7527
f 9414 	9421 	9416
f 9413 	9416 	9410
f 9421 	9410 	9416
f 9415 	9419 	9414
f 9421 	9414 	9422
f 9414 	9419 	9422
f 9420 	9422 	9419
f 9411 	9410 	9421
f 7322 	9421 	7323
f 9421 	7322 	9423
f 7319 	9423 	7322
f 9411 	9421 	9423
f 9423 	7319 	7327
f 9411 	9423 	7327
f 9421 	9422 	7358
f 7323 	9421 	7358
f 7365 	9420 	7374
f 7365 	7358 	9422
f 7365 	9422 	9420
f 7436 	9424 	7433
f 9424 	9425 	7433
f 9426 	9424 	7436
f 9426 	7436 	7518
f 9427 	9424 	9426
f 7518 	7514 	9426
f 9427 	9426 	7514
f 7508 	7492 	9429
f 9428 	9429 	7492
f 7492 	7498 	9428
f 9431 	9432 	7508
f 9432 	9431 	7514
f 9427 	7514 	9431
f 7516 	9432 	7514
f 7508 	9429 	9431
f 9427 	9431 	9429
f 7508 	9432 	7513
f 9432 	7516 	7513
f 7490 	7492 	7483
f 7508 	7483 	7492
f 9430 	9428 	7498
f 9433 	9436 	9434
f 7333 	9435 	9433
f 7333 	9433 	7442
f 9433 	9435 	9436
f 7442 	9433 	7498
f 9437 	7498 	9433
f 9430 	7498 	9437
f 9433 	9430 	9437
f 9430 	9433 	9434
f 9424 	9427 	9429
f 9429 	9428 	9434
f 9430 	9434 	9428
f 9429 	9434 	9438
f 9436 	9438 	9434
f 9429 	9425 	9424
f 9438 	9439 	9429
f 9425 	9429 	9439
f 9439 	9438 	7421
f 7423 	9439 	7421
f 7324 	7421 	9438
f 9439 	7423 	7433
f 7433 	9425 	9439
f 7324 	9438 	7320
f 7329 	9435 	7333
f 9435 	7329 	7321
f 7321 	7320 	9438
f 9436 	7321 	9438
f 7321 	9436 	9435
f 9440 	7397 	9442
f 7501 	9442 	7397
f 9441 	7397 	9440
f 7397 	9441 	7390
f 9443 	9440 	9442
f 7481 	9442 	7501
f 9442 	7481 	7479
f 9442 	7479 	9443
f 7480 	7515 	9444
f 7515 	7519 	9444
f 9445 	9444 	7519
f 9446 	9444 	9445
f 9447 	7480 	9444
f 9443 	7479 	9447
f 7477 	7480 	9447
f 7477 	9447 	7476
f 7476 	9447 	7479
f 7480 	7509 	7515
f 7427 	9448 	7445
f 9448 	9450 	9449
f 9450 	9448 	7427
f 7445 	9445 	7457
f 9445 	7445 	9448
f 7457 	9445 	9451
f 9451 	9445 	7519
f 9448 	9452 	9445
f 9452 	9448 	9449
f 9446 	9445 	9452
f 7457 	9451 	7519
f 9447 	9444 	9440
f 9452 	9440 	9446
f 9449 	9453 	9440
f 9449 	9440 	9452
f 9444 	9446 	9440
f 9441 	9440 	9453
f 9450 	9453 	9449
f 9443 	9447 	9440
f 9441 	9453 	7384
f 7377 	7381 	9453
f 7381 	7384 	9453
f 7384 	7390 	9441
f 7420 	9454 	7422
f 7377 	9453 	7420
f 7427 	7422 	9454
f 9454 	7420 	9453
f 9450 	9454 	9453
f 9454 	9450 	7427
f 9455 	9456 	7269
f 9458 	9456 	9457
f 9456 	9458 	7269
f 7249 	9455 	7269
f 9455 	7249 	9459
f 9459 	7249 	9460
f 9455 	9461 	9456
f 9461 	9455 	9459
f 9456 	9461 	9457
f 9462 	9457 	9461
f 9459 	9460 	9461
f 7241 	9465 	9464
f 9463 	9464 	9465
f 9464 	9463 	9466
f 9465 	7250 	7265
f 9465 	7265 	9463
f 9467 	9463 	7265
f 9463 	9467 	9466
f 9468 	9466 	9467
f 9461 	7241 	9464
f 7241 	9461 	9460
f 9464 	9462 	9461
f 9462 	9464 	9466
f 7246 	7241 	9460
f 7246 	9460 	7249
f 9465 	7241 	7250
f 7261 	9469 	7266
f 9471 	9470 	7261
f 9469 	7261 	9470
f 7261 	7296 	9471
f 9469 	9467 	7266
f 7266 	9467 	7265
f 9469 	9470 	9467
f 9468 	9467 	9470
f 9470 	9457 	9466
f 9462 	9466 	9457
f 9466 	9468 	9470
f 9470 	9471 	9457
f 9473 	9457 	9472
f 9471 	9472 	9457
f 9458 	9457 	9473
f 7294 	9474 	7295
f 7293 	9474 	9473
f 9474 	7293 	7295
f 7294 	7275 	9474
f 7269 	9473 	7275
f 9474 	7275 	9473
f 9458 	9473 	7269
f 9473 	9472 	7293
f 7291 	7293 	9472
f 7292 	9471 	7296
f 9471 	7292 	9472
f 7291 	9472 	7292
f 7260 	9477 	7297
f 9476 	9477 	7260
f 9475 	7297 	9477
f 9477 	9479 	9475
f 9479 	9477 	9478
f 9475 	9479 	7297
f 7260 	7264 	9476
f 9480 	9476 	7264
f 9476 	9481 	9477
f 9481 	9476 	9480
f 9477 	9481 	9478
f 9482 	9478 	9481
f 9483 	7267 	7258
f 7267 	9483 	9484
f 9485 	9484 	9483
f 7258 	7257 	9483
f 9485 	9483 	7257
f 9481 	7262 	7267
f 7262 	9481 	9480
f 7267 	9482 	9481
f 9482 	7267 	9484
f 7263 	7262 	9480
f 7263 	9480 	7264
f 9487 	9486 	7255
f 7254 	7255 	9486
f 7286 	9487 	7255
f 7254 	9486 	7256
f 7257 	7259 	9488
f 7256 	9488 	7259
f 9488 	7256 	9486
f 9485 	9488 	9486
f 9488 	9485 	7257
f 9478 	9482 	9484
f 9486 	9484 	9485
f 9489 	9478 	9486
f 9486 	9487 	9489
f 9490 	9478 	9489
f 9484 	9486 	9478
f 9479 	9478 	9490
f 7285 	7287 	9489
f 7297 	9479 	7289
f 7288 	9490 	7287
f 9490 	7288 	9479
f 7288 	7289 	9479
f 9490 	9489 	7287
f 9487 	7286 	9489
f 9489 	7286 	7285
f 8664 	9492 	9491
f 8663 	9493 	8662
f 9493 	8663 	9491
f 8664 	9491 	8663
f 9493 	9491 	9492
f 8646 	8664 	8640
f 8664 	8646 	9492
f 8645 	9494 	8646
f 9492 	8646 	9494
f 9495 	9496 	8642
f 9498 	9496 	9495
f 8642 	9497 	9495
f 9498 	9495 	9497
f 8642 	9499 	8643
f 9499 	8642 	9496
f 8643 	9499 	8645
f 9494 	8645 	9499
f 8643 	8645 	8644
f 8647 	9497 	8642
f 9501 	9500 	8666
f 8652 	8666 	9500
f 9501 	8666 	8660
f 8650 	9497 	8651
f 8652 	9498 	8650
f 9498 	8652 	9500
f 9497 	8650 	9498
f 8651 	9497 	8647
f 9492 	9494 	9503
f 9499 	9496 	9503
f 9499 	9503 	9494
f 9503 	9496 	9500
f 9498 	9500 	9496
f 9501 	9502 	9500
f 9503 	9500 	9502
f 9493 	9492 	9503
f 8658 	8657 	9503
f 9502 	8658 	9503
f 8662 	9493 	8657
f 8657 	9493 	9503
f 8659 	9501 	8660
f 9501 	8659 	9502
f 8658 	9502 	8659
f 8661 	9504 	9505
f 9505 	8656 	8665
f 9505 	9507 	8656
f 9504 	9506 	9505
f 9507 	9505 	9506
f 8655 	8656 	9507
f 8661 	9505 	8665
f 8661 	8648 	9504
f 9504 	8648 	9508
f 9504 	9508 	9506
f 9509 	9506 	9508
f 8649 	9510 	9512
f 9511 	9510 	8639
f 9509 	9508 	9512
f 8649 	9512 	8641
f 9508 	8648 	9512
f 8641 	9512 	8648
f 9510 	8649 	8639
f 9514 	9513 	8667
f 8653 	8667 	9513
f 8653 	9513 	8639
f 9511 	8639 	9513
f 9512 	9510 	9507
f 9512 	9507 	9509
f 9506 	9509 	9507
f 9511 	9513 	9510
f 9516 	9507 	9510
f 9514 	9515 	9510
f 9510 	9513 	9514
f 9516 	9510 	9515
f 8654 	9516 	8668
f 9515 	8668 	9516
f 8655 	9507 	8654
f 9516 	8654 	9507
f 8667 	8668 	9514
f 9515 	9514 	8668
f 7364 	7367 	7459
f 9518 	7459 	9517
f 7459 	9518 	7364
f 9519 	7503 	7499
f 9517 	7459 	7503
f 7503 	9519 	9517
f 9520 	9517 	9519
f 9517 	9520 	9521
f 7473 	7474 	9522
f 9522 	7475 	9523
f 9524 	9522 	9523
f 7473 	9522 	7485
f 9525 	7485 	9522
f 7485 	9520 	9519
f 9520 	7485 	9525
f 9521 	9520 	9525
f 7485 	9519 	7499
f 7474 	7473 	7472
f 7475 	9522 	7474
f 7500 	9523 	7475
f 9526 	7464 	7458
f 7451 	9526 	7458
f 9526 	7451 	7452
f 7464 	9530 	9527
f 9530 	7464 	9526
f 9527 	9528 	9529
f 9528 	9527 	9530
f 7441 	9526 	7452
f 9526 	7441 	9530
f 9531 	9528 	9530
f 7464 	9527 	9532
f 9532 	9527 	7500
f 9523 	7500 	9527
f 9524 	9527 	9529
f 9527 	9524 	9523
f 7464 	9532 	7502
f 7502 	9532 	7500
f 9522 	9529 	9521
f 9521 	9525 	9522
f 9528 	9517 	9529
f 9524 	9529 	9522
f 9533 	9517 	9531
f 9528 	9531 	9517
f 9521 	9529 	9517
f 9518 	9517 	9533
f 7360 	9518 	7356
f 7353 	9518 	9533
f 7353 	7356 	9518
f 7360 	7364 	9518
f 7376 	9534 	7382
f 7353 	9533 	7376
f 7398 	9530 	7441
f 9530 	7398 	9534
f 7382 	9534 	7398
f 9534 	7376 	9533
f 9531 	9534 	9533
f 9534 	9531 	9530
f 9535 	7461 	9537
f 7446 	9535 	9537
f 9535 	7446 	7450
f 9536 	9538 	9537
f 9539 	9537 	9538
f 9536 	9537 	7461
f 9535 	7455 	7461
f 7449 	9535 	7450
f 7455 	9535 	7449
f 9536 	7461 	7469
f 9536 	9540 	9538
f 9541 	9538 	9540
f 9536 	7469 	9540
f 7484 	9542 	7478
f 9542 	9544 	7470
f 7484 	7486 	9542
f 7468 	7470 	9544
f 7467 	9540 	7469
f 9540 	7467 	9544
f 7467 	7468 	9544
f 9544 	9541 	9540
f 7478 	9542 	7470
f 9543 	9542 	7486
f 9543 	7486 	7504
f 9545 	7520 	7399
f 9546 	9545 	7399
f 9545 	9548 	9547
f 9548 	9545 	9546
f 9548 	9546 	7399
f 7504 	7520 	9545
f 9543 	7504 	9545
f 9543 	9545 	9547
f 9548 	9549 	9543
f 9542 	9543 	9544
f 9538 	9541 	9544
f 9538 	9544 	9543
f 9543 	9547 	9548
f 9538 	9543 	9549
f 9539 	9538 	9549
f 7352 	7401 	7361
f 7361 	7399 	7368
f 9550 	7401 	9549
f 9539 	9549 	7406
f 9537 	7406 	7446
f 7406 	9537 	9539
f 7401 	9550 	7361
f 7406 	9549 	7401
f 7361 	9550 	7399
f 9548 	7399 	9550
f 9548 	9550 	9549
f 9551 	9552 	7523
f 9553 	7523 	9552
f 7523 	9553 	7453
f 9552 	9554 	9553
f 9555 	9553 	9554
f 7517 	9551 	7523
f 7510 	9557 	7517
f 9551 	9557 	9552
f 9551 	7517 	9557
f 9552 	9556 	9554
f 9556 	9552 	9557
f 9558 	9556 	9557
f 7507 	7466 	9561
f 9559 	9561 	7466
f 9560 	9559 	7471
f 7507 	9557 	7510
f 7507 	9561 	9557
f 9558 	9557 	9561
f 7471 	9559 	7466
f 9562 	7487 	7456
f 7409 	9566 	7456
f 9562 	9566 	9563
f 9563 	9564 	9565
f 9564 	9563 	9566
f 9562 	7456 	9566
f 9567 	9564 	9566
f 9562 	9563 	7471
f 9560 	7471 	9563
f 9560 	9563 	9565
f 7487 	9562 	7471
f 9556 	9561 	9565
f 9556 	9558 	9561
f 9561 	9559 	9565
f 9560 	9565 	9559
f 9567 	9568 	9564
f 9565 	9564 	9568
f 9555 	9554 	9565
f 9556 	9565 	9554
f 9565 	9568 	9555
f 7326 	9570 	7354
f 7354 	9569 	7400
f 9569 	9566 	7405
f 9569 	7405 	7400
f 7326 	7338 	9570
f 7338 	7389 	9570
f 9570 	7389 	9568
f 9555 	9568 	7389
f 9553 	7389 	7453
f 7389 	9553 	9555
f 7354 	9570 	9569
f 9571 	9569 	9570
f 7409 	7405 	9566
f 9566 	9569 	9571
f 9570 	9567 	9571
f 9567 	9570 	9568
f 9571 	9567 	9566
f 7938 	9572 	7914
f 9573 	7914 	9572
f 9572 	9574 	9573
f 9575 	9573 	9574
f 7943 	9576 	7938
f 7938 	9578 	9572
f 9578 	7938 	9576
f 9572 	9577 	9574
f 9577 	9572 	9578
f 9576 	7943 	9578
f 9579 	9577 	9578
f 7944 	9581 	9580
f 9581 	7944 	9582
f 9583 	9580 	9581
f 7944 	9580 	7946
f 9584 	9578 	7946
f 9584 	7946 	9580
f 9584 	9579 	9578
f 7946 	9578 	7943
f 7941 	9582 	7944
f 9585 	9589 	9586
f 9589 	9585 	7937
f 9586 	9587 	9588
f 9587 	9586 	9589
f 7937 	7934 	9589
f 9590 	9587 	9589
f 9585 	9586 	9582
f 9581 	9582 	9586
f 9583 	9586 	9588
f 9586 	9583 	9581
f 7939 	9585 	9582
f 9585 	7939 	7937
f 9582 	7941 	7939
f 9580 	9588 	9579
f 9579 	9584 	9580
f 9579 	9591 	9577
f 9591 	9579 	9588
f 9583 	9588 	9580
f 9587 	9590 	9591
f 9588 	9587 	9591
f 9575 	9577 	9591
f 9574 	9577 	9575
f 9592 	9593 	7929
f 7905 	9592 	7929
f 9593 	9589 	7929
f 7911 	9592 	7905
f 7914 	9573 	7911
f 9592 	9575 	9591
f 9592 	7911 	9573
f 9575 	9592 	9573
f 7934 	7929 	9589
f 9592 	9590 	9593
f 9590 	9592 	9591
f 9593 	9590 	9589
f 9595 	9594 	9599
f 9594 	9595 	7924
f 9597 	7924 	9595
f 9599 	9596 	9595
f 9597 	9595 	9596
f 9594 	7924 	7933
f 9594 	7933 	9598
f 7981 	9598 	7933
f 9599 	9594 	9598
f 9600 	9596 	9599
f 9600 	9599 	9598
f 7978 	7953 	9604
f 9601 	9604 	7953
f 7953 	9602 	9601
f 9603 	7978 	9604
f 9603 	9600 	9598
f 9603 	9604 	9600
f 7978 	9603 	7976
f 7981 	9603 	9598
f 9603 	7981 	7976
f 7947 	9602 	7953
f 7913 	9606 	7930
f 9605 	7930 	9606
f 7908 	9606 	7913
f 9607 	9605 	9606
f 9605 	9609 	9608
f 9609 	9605 	9607
f 9607 	9606 	9609
f 9605 	9602 	9610
f 9602 	9605 	9608
f 9605 	9610 	7930
f 7947 	9610 	9602
f 9610 	7947 	7930
f 9604 	9609 	9600
f 9602 	9608 	9601
f 9604 	9601 	9609
f 9609 	9601 	9608
f 9611 	9596 	9609
f 9596 	9600 	9609
f 9597 	9596 	9611
f 7903 	9613 	7904
f 7916 	9613 	7903
f 7908 	7904 	9606
f 9613 	9606 	7904
f 7918 	9612 	7916
f 9613 	9612 	9611
f 9613 	7916 	9612
f 9597 	9611 	9612
f 7918 	9597 	9612
f 9597 	7918 	7924
f 9611 	9609 	9613
f 9613 	9609 	9606
f 9616 	9614 	9615
f 9614 	9616 	7920
f 9615 	9617 	9616
f 9618 	9616 	9617
f 9614 	7920 	7942
f 7955 	9614 	7942
f 9614 	7955 	9619
f 7974 	9619 	7955
f 9614 	9620 	9615
f 9620 	9614 	9619
f 9615 	9620 	9617
f 9621 	9617 	9620
f 9621 	9620 	9619
f 7970 	7972 	9622
f 7972 	9623 	9622
f 9623 	7972 	7975
f 9624 	7970 	9622
f 7970 	9621 	9619
f 9621 	7970 	9624
f 7974 	7970 	9619
f 9625 	7940 	9629
f 7925 	9629 	7940
f 9625 	9626 	9627
f 9626 	9625 	9629
f 9627 	9630 	9628
f 9630 	9627 	9626
f 9630 	9626 	9629
f 9625 	9627 	7975
f 9623 	7975 	9627
f 9623 	9627 	9628
f 9625 	7975 	7940
f 9622 	9631 	9624
f 9621 	9624 	9631
f 9628 	9631 	9622
f 9623 	9628 	9622
f 9628 	9630 	9631
f 9618 	9617 	9631
f 9621 	9631 	9617
f 7909 	9632 	7917
f 7912 	9634 	7909
f 7925 	7917 	9629
f 9632 	9629 	7917
f 9633 	9634 	7912
f 9634 	9618 	9631
f 9618 	9634 	9633
f 7920 	9616 	7912
f 9633 	7912 	9616
f 9618 	9633 	9616
f 9632 	7909 	9634
f 9631 	9632 	9634
f 9631 	9629 	9632
f 9630 	9629 	9631
f 9638 	9636 	9635
f 9637 	9635 	9636
f 9637 	9636 	9639
f 9639 	9636 	9638
f 7932 	9635 	9637
f 7932 	9637 	7928
f 7928 	9637 	9639
f 7932 	7969 	9635
f 7969 	9640 	9635
f 7966 	9640 	7969
f 9638 	9635 	9640
f 9641 	9638 	9640
f 9638 	9641 	9642
f 7960 	7971 	9647
f 9643 	9647 	7971
f 9644 	7971 	9645
f 7971 	9644 	9643
f 9646 	9643 	9644
f 7960 	9647 	7966
f 7966 	9641 	9640
f 9641 	7966 	9647
f 9642 	9641 	9647
f 7977 	9645 	7971
f 9648 	9649 	7919
f 9649 	9651 	9650
f 9651 	9649 	9648
f 7919 	9651 	9648
f 9649 	9644 	9645
f 9644 	9649 	9652
f 9649 	9646 	9652
f 9646 	9649 	9650
f 9652 	9646 	9644
f 9649 	7979 	7919
f 7977 	7979 	9645
f 9649 	9645 	7979
f 9642 	9647 	9638
f 9647 	9643 	9654
f 9650 	9654 	9643
f 9646 	9650 	9643
f 9654 	9650 	9653
f 9651 	9653 	9650
f 9647 	9654 	9638
f 9639 	9638 	9654
f 7921 	9653 	7902
f 7923 	9654 	7921
f 7919 	7915 	9651
f 7923 	7928 	9639
f 9653 	7921 	9654
f 7923 	9639 	9654
f 7915 	7902 	9653
f 9651 	7915 	9653
f 9655 	9656 	9658
f 9657 	9658 	9656
f 9660 	9656 	9659
f 9656 	9660 	9657
f 9655 	7954 	7982
f 7954 	9655 	9658
f 9658 	7931 	7954
f 7961 	9655 	7982
f 9655 	7961 	9661
f 9655 	9662 	9656
f 9662 	9655 	9661
f 9656 	9662 	9659
f 9663 	9659 	9662
f 9661 	7961 	9662
f 7956 	7959 	9667
f 9664 	9667 	7959
f 7959 	9665 	9664
f 9666 	9664 	9665
f 9664 	9666 	9667
f 7956 	9667 	7961
f 9662 	7961 	9667
f 9667 	9663 	9662
f 7967 	9665 	7959
f 7984 	7926 	9671
f 9665 	7984 	9669
f 9668 	9669 	7984
f 9669 	9671 	9670
f 9671 	9669 	9668
f 7984 	9671 	9668
f 9666 	9665 	9669
f 9666 	9669 	9670
f 9665 	7967 	7984
f 9672 	9659 	9667
f 9672 	9667 	9670
f 9666 	9670 	9667
f 9670 	9671 	9672
f 9660 	9659 	9672
f 9663 	9667 	9659
f 7901 	7900 	7922
f 9671 	7926 	7922
f 7906 	9673 	7900
f 7906 	7931 	9673
f 9658 	9673 	7931
f 7900 	9673 	9672
f 9660 	9672 	9673
f 9657 	9673 	9658
f 9673 	9657 	9660
f 7922 	7900 	9672
f 9671 	7922 	9672
f 9674 	7980 	9675
f 9676 	9674 	9675
f 9674 	9676 	7952
f 9675 	9677 	9676
f 9678 	9676 	9677
f 7980 	9674 	7952
f 9675 	7965 	9679
f 7980 	7965 	9675
f 9680 	9677 	9675
f 9675 	9679 	9680
f 7962 	9681 	9683
f 9681 	7962 	7957
f 7958 	9682 	7957
f 9681 	7957 	9682
f 7962 	9683 	7965
f 9679 	7965 	9683
f 9680 	9679 	9683
f 7983 	9684 	7964
f 9684 	7983 	9685
f 9685 	9687 	9686
f 9687 	9685 	7983
f 9687 	7983 	7910
f 9688 	9684 	9685
f 9684 	9688 	7958
f 9682 	7958 	9688
f 9685 	9682 	9688
f 9682 	9685 	9686
f 9684 	7958 	7964
f 9683 	9686 	9680
f 9678 	9680 	9686
f 9683 	9681 	9686
f 9682 	9686 	9681
f 9687 	9690 	9686
f 9678 	9686 	9689
f 9690 	9689 	9686
f 9680 	9678 	9677
f 7907 	7927 	9689
f 9678 	9689 	7936
f 9676 	7936 	7952
f 7936 	9676 	9678
f 7936 	9689 	7927
f 7910 	7907 	9690
f 9690 	7907 	9689
f 9687 	7910 	9690
f 9693 	9691 	9692
f 9691 	9693 	8088
f 9692 	9694 	9693
f 9695 	9693 	9694
f 8080 	9691 	8088
f 9691 	8080 	9696
f 9691 	9698 	9692
f 9698 	9691 	9696
f 9692 	9697 	9694
f 9697 	9692 	9698
f 9696 	8080 	9698
f 9699 	9697 	9698
f 8093 	7963 	9700
f 7963 	7968 	9700
f 9701 	9700 	7968
f 8093 	9702 	8080
f 9698 	8080 	9702
f 9702 	8093 	9700
f 9702 	9699 	9698
f 5794 	5795 	5798
f 9703 	7973 	9704
f 7951 	9704 	7973
f 9704 	7951 	9708
f 9703 	9708 	9705
f 9708 	9703 	9704
f 9705 	9706 	9707
f 9706 	9705 	9708
f 9709 	9706 	9708
f 9710 	9703 	9705
f 9703 	9710 	7968
f 9701 	7968 	9710
f 9705 	9701 	9710
f 9701 	9705 	9707
f 9703 	7968 	7973
f 9700 	9707 	9697
f 9697 	9702 	9700
f 9697 	9699 	9702
f 9706 	9697 	9707
f 9701 	9707 	9700
f 9711 	9694 	9709
f 9706 	9709 	9694
f 9697 	9706 	9694
f 9695 	9694 	9711
f 7945 	9713 	7935
f 7935 	9708 	7951
f 9712 	9713 	7950
f 7950 	7948 	9712
f 9712 	7948 	8090
f 9712 	8090 	8088
f 7945 	7950 	9713
f 9713 	9695 	9711
f 9695 	9713 	9712
f 9693 	9712 	8088
f 9695 	9712 	9693
f 9714 	7935 	9713
f 9708 	7935 	9714
f 9713 	9709 	9714
f 9709 	9713 	9711
f 9714 	9709 	9708
f 8069 	9715 	8132
f 9716 	8132 	9715
f 8065 	9717 	8067
f 8069 	8067 	9715
f 8067 	9717 	9715
f 8068 	9719 	9718
f 9720 	9718 	9719
f 8068 	9718 	8066
f 9721 	8066 	9718
f 9717 	8066 	9721
f 8065 	8066 	9717
f 8077 	9719 	8068
f 9722 	8085 	9725
f 8087 	9725 	8085
f 9723 	9722 	9725
f 9722 	9726 	9724
f 9726 	9722 	9723
f 9723 	9725 	9726
f 9722 	9727 	9719
f 9720 	9719 	9727
f 9722 	9720 	9727
f 9720 	9722 	9724
f 8081 	8085 	9722
f 8077 	8081 	9719
f 9722 	9719 	8081
f 9717 	9721 	9718
f 9726 	9715 	9720
f 9720 	9715 	9718
f 9720 	9724 	9726
f 9726 	9728 	9715
f 9717 	9718 	9715
f 9716 	9715 	9728
f 8118 	9728 	8113
f 8091 	9725 	8087
f 9725 	8091 	8113
f 8113 	8091 	8092
f 8118 	9729 	9728
f 9729 	8118 	8132
f 9716 	9728 	9729
f 8132 	9716 	9729
f 8113 	9728 	9725
f 9725 	9728 	9726
f 9730 	9732 	9733
f 9731 	9733 	9732
f 9732 	9734 	9731
f 9735 	9731 	9734
f 9731 	9735 	9733
f 8096 	9730 	9733
f 8134 	9733 	8130
f 8096 	8134 	8097
f 8134 	8096 	9733
f 8084 	9730 	8096
f 9730 	8084 	9736
f 9736 	8084 	8076
f 9732 	9730 	9736
f 9737 	9734 	9732
f 9732 	9736 	9737
f 9739 	9738 	9740
f 9741 	9738 	9739
f 9736 	8073 	9742
f 9737 	9736 	9742
f 9738 	9742 	8073
f 8076 	8073 	9736
f 8071 	9738 	8073
f 9738 	8071 	9740
f 9743 	9740 	8071
f 8072 	9743 	8071
f 8064 	9743 	8072
f 8094 	9744 	8086
f 8133 	8094 	8095
f 9744 	9745 	9746
f 9745 	9744 	8094
f 9746 	9748 	9747
f 9748 	9746 	9745
f 8094 	8133 	9745
f 9748 	9745 	8133
f 9744 	9746 	9740
f 9739 	9740 	9746
f 9741 	9746 	9747
f 9746 	9741 	9739
f 8070 	8086 	9740
f 9744 	9740 	8086
f 9740 	8089 	8070
f 9743 	8089 	9740
f 8089 	9743 	8064
f 9742 	9748 	9737
f 9738 	9741 	9742
f 9748 	9742 	9747
f 9741 	9747 	9742
f 9748 	9749 	9734
f 9734 	9737 	9748
f 9735 	9734 	9749
f 9733 	8119 	8130
f 9749 	9751 	9750
f 9750 	8116 	8119
f 9735 	9749 	9750
f 8119 	9733 	9750
f 9735 	9750 	9733
f 8116 	9750 	9751
f 8117 	8116 	9751
f 8117 	9751 	8133
f 9748 	8133 	9751
f 9749 	9748 	9751
f 9752 	9753 	9755
f 9754 	9755 	9753
f 9757 	9753 	9756
f 9753 	9757 	9754
f 8062 	9752 	9755
f 8124 	8062 	9755
f 8104 	9752 	8062
f 9752 	8104 	9756
f 9752 	9756 	9753
f 9758 	9756 	8104
f 9764 	9759 	8105
f 9763 	8105 	9759
f 9760 	9764 	9761
f 9764 	9760 	9759
f 9762 	9759 	9760
f 8105 	9763 	8100
f 8100 	9763 	8104
f 9758 	8104 	9763
f 8108 	9764 	8105
f 9765 	9761 	9764
f 8107 	9764 	8108
f 8109 	9764 	8107
f 9764 	8109 	9765
f 9765 	8109 	8075
f 8083 	9766 	8082
f 9766 	8083 	9767
f 8083 	8128 	9767
f 9768 	9766 	9767
f 9768 	9771 	9769
f 9770 	9768 	9767
f 9771 	9768 	9770
f 9766 	9768 	9761
f 9760 	9761 	9768
f 9762 	9768 	9769
f 9768 	9762 	9760
f 8078 	8082 	9761
f 9766 	9761 	8082
f 8078 	9765 	8079
f 9765 	8078 	9761
f 8074 	9765 	8075
f 9765 	8074 	8079
f 9763 	9771 	9758
f 9763 	9759 	9769
f 9762 	9769 	9759
f 9769 	9771 	9763
f 9772 	9756 	9771
f 9756 	9758 	9771
f 9757 	9756 	9772
f 8115 	9773 	8114
f 8128 	8114 	9767
f 9773 	9767 	8114
f 8122 	9772 	8121
f 8124 	9755 	8122
f 9772 	9773 	8121
f 9774 	9772 	8122
f 9757 	9772 	9774
f 8122 	9755 	9774
f 9754 	9774 	9755
f 9774 	9754 	9757
f 8115 	8121 	9773
f 9773 	9770 	9767
f 9770 	9773 	9772
f 9771 	9770 	9772
f 9775 	9777 	9776
f 9778 	9776 	9777
f 8063 	9775 	9776
f 8063 	9776 	8125
f 8063 	8102 	9775
f 8102 	9777 	9775
f 9779 	9777 	8102
f 8101 	9781 	9780
f 9782 	9780 	9781
f 9783 	8099 	9780
f 9783 	9779 	8099
f 8102 	8099 	9779
f 8101 	9780 	8099
f 9781 	8101 	8103
f 8061 	9784 	8110
f 9784 	8061 	9785
f 8061 	8127 	9785
f 9786 	9784 	9785
f 9786 	9788 	9787
f 9788 	9786 	9785
f 9784 	9781 	9789
f 9781 	9784 	9786
f 9786 	9790 	9781
f 9790 	9786 	9787
f 9782 	9781 	9790
f 9784 	9789 	8110
f 8103 	9789 	9781
f 8110 	9789 	8103
f 9790 	9777 	9783
f 9783 	9780 	9790
f 9783 	9777 	9779
f 9782 	9790 	9780
f 9788 	9791 	9790
f 9788 	9790 	9787
f 9778 	9777 	9790
f 9778 	9790 	9791
f 8127 	8120 	9785
f 8125 	9776 	8123
f 9791 	9793 	9792
f 9778 	9791 	9792
f 8123 	9776 	9792
f 9778 	9792 	9776
f 8123 	9792 	9793
f 8120 	8123 	9793
f 9785 	8120 	9793
f 9788 	9793 	9791
f 9793 	9788 	9785
f 9794 	9795 	9797
f 9796 	9797 	9795
f 9799 	9795 	9798
f 9795 	9799 	9796
f 8181 	9794 	9797
f 8181 	9797 	8175
f 8171 	9794 	8181
f 9794 	8171 	9800
f 8170 	9800 	8171
f 9794 	9798 	9795
f 9798 	9794 	9800
f 9801 	9798 	9800
f 9802 	9798 	9801
f 9806 	8106 	9803
f 9805 	9803 	9804
f 9806 	8172 	8106
f 8172 	9801 	9800
f 9801 	8172 	9806
f 9802 	9801 	9806
f 9800 	8170 	8172
f 9803 	8106 	9804
f 9804 	8106 	8098
f 9807 	8111 	8129
f 9808 	9810 	9809
f 9810 	9808 	9807
f 9810 	9807 	8129
f 9807 	9804 	9811
f 9804 	9807 	9808
f 9808 	9812 	9804
f 9812 	9808 	9809
f 9805 	9804 	9812
f 9807 	9811 	8111
f 8111 	9811 	8098
f 8098 	9811 	9804
f 9802 	9806 	9798
f 9813 	9806 	9812
f 9806 	9803 	9812
f 9803 	9805 	9812
f 9810 	9812 	9809
f 9812 	9810 	9813
f 9813 	9814 	9806
f 9806 	9814 	9798
f 9799 	9798 	9814
f 8131 	9813 	8126
f 9814 	8131 	9796
f 8131 	8175 	9797
f 9814 	9813 	8131
f 9797 	9796 	8131
f 9799 	9814 	9796
f 8126 	9810 	8129
f 9810 	8126 	9813
f 9815 	9816 	8180
f 9817 	8180 	9816
f 8180 	9817 	8176
f 9816 	9818 	9817
f 9819 	9817 	9818
f 8180 	7142 	9815
f 7140 	9820 	7142
f 9820 	9815 	7142
f 7140 	9821 	9820
f 9823 	9820 	9821
f 7141 	9821 	7140
f 7139 	9821 	7141
f 9815 	9823 	9816
f 9823 	9815 	9820
f 9816 	9822 	9818
f 9822 	9816 	9823
f 9824 	9822 	9823
f 9825 	9826 	9827
f 9826 	9825 	8173
f 8173 	9828 	9826
f 9829 	9826 	9828
f 8173 	9825 	9830
f 9825 	9824 	9830
f 9824 	9825 	9827
f 9830 	9824 	9823
f 8173 	9830 	7137
f 9821 	7138 	9830
f 9821 	9830 	9823
f 7137 	9830 	7138
f 7138 	9821 	7139
f 8174 	9828 	8173
f 8169 	9831 	9833
f 8179 	9831 	8169
f 9831 	8179 	9832
f 9833 	9836 	9834
f 9831 	9832 	9833
f 9835 	9833 	9832
f 9833 	9835 	9836
f 9833 	9837 	9828
f 9837 	9833 	9834
f 9829 	9828 	9837
f 9833 	9828 	8169
f 8174 	8169 	9828
f 9827 	9837 	9822
f 9822 	9824 	9827
f 9826 	9837 	9827
f 9836 	9837 	9834
f 9836 	9822 	9837
f 9826 	9829 	9837
f 9836 	9838 	9818
f 9822 	9836 	9818
f 9819 	9818 	9838
f 8178 	9832 	8179
f 9838 	9839 	8177
f 9819 	9838 	8177
f 8176 	9817 	8177
f 8177 	9817 	9819
f 8177 	9839 	8178
f 8178 	9835 	9832
f 9835 	8178 	9839
f 9838 	9836 	9839
f 9839 	9836 	9835
f 8328 	9841 	8353
f 9841 	8328 	9840
f 8289 	9842 	8328
f 9842 	8289 	8258
f 8328 	9842 	9840
f 9843 	9840 	9842
f 9843 	9842 	8258
f 9846 	9844 	9845
f 8268 	9844 	8265
f 8265 	9843 	8258
f 9843 	8265 	9847
f 8259 	8265 	8258
f 9847 	8265 	9844
f 9844 	8268 	9845
f 9845 	8268 	8273
f 9848 	9849 	9850
f 9849 	9848 	8293
f 9850 	9852 	9851
f 9852 	9850 	9849
f 8293 	7144 	9849
f 9852 	9849 	7144
f 9848 	9845 	9853
f 9845 	9848 	9850
f 9850 	9854 	9845
f 9854 	9850 	9851
f 9846 	9845 	9854
f 9848 	9853 	8293
f 8293 	9853 	9845
f 8293 	9845 	8273
f 9844 	9851 	9847
f 9840 	9847 	9851
f 9847 	9840 	9843
f 9844 	9846 	9851
f 9854 	9851 	9846
f 9856 	9855 	9851
f 9856 	9851 	9852
f 9851 	9855 	9840
f 9841 	9840 	9855
f 9856 	7145 	9855
f 9852 	7144 	7145
f 9855 	8361 	8337
f 8352 	9855 	8337
f 9855 	8352 	8353
f 9841 	9855 	8353
f 8361 	9855 	7145
f 9856 	9852 	7145
f 9858 	9859 	9857
f 8346 	9857 	9859
f 9860 	8346 	9859
f 9857 	8346 	8362
f 9858 	9857 	8362
f 9858 	8362 	9861
f 8284 	9861 	8362
f 9861 	9859 	9858
f 9864 	8260 	9863
f 8260 	9864 	9862
f 9865 	8253 	9862
f 8260 	9862 	8253
f 9861 	8284 	9865
f 8279 	9865 	8284
f 9865 	8279 	8253
f 8282 	9863 	8260
f 8350 	9866 	8351
f 9866 	8350 	9867
f 8342 	9867 	8350
f 9868 	9866 	9867
f 9868 	9871 	9869
f 9870 	9868 	9867
f 9868 	9870 	9871
f 9863 	9866 	9868
f 9868 	9864 	9863
f 9864 	9868 	9869
f 9863 	8355 	9866
f 8351 	9866 	8355
f 8282 	8288 	9863
f 8355 	9863 	8288
f 9869 	9873 	9862
f 9861 	9865 	9859
f 9864 	9869 	9862
f 9869 	9871 	9873
f 9865 	9862 	9873
f 9873 	9872 	9859
f 9865 	9873 	9859
f 9860 	9859 	9872
f 8343 	9873 	8335
f 8338 	9867 	8342
f 9874 	8343 	8346
f 9873 	8343 	9872
f 9860 	9872 	9874
f 9860 	9874 	8346
f 8338 	8335 	9873
f 9874 	9872 	8343
f 8338 	9870 	9867
f 9870 	8338 	9873
f 9871 	9870 	9873
f 9875 	9876 	9878
f 9877 	9878 	9876
f 9880 	9876 	9879
f 9876 	9880 	9877
f 8359 	9875 	9878
f 8359 	9878 	8349
f 8329 	9875 	8359
f 9875 	8329 	9882
f 8283 	9882 	8329
f 9875 	9881 	9876
f 9876 	9881 	9879
f 9882 	9879 	9881
f 9875 	9882 	9881
f 8251 	8269 	9883
f 8269 	9884 	9883
f 8251 	9883 	9885
f 8252 	8251 	9885
f 9885 	9882 	8252
f 8283 	8252 	9882
f 8275 	9884 	8269
f 8348 	9886 	8292
f 9886 	8348 	9887
f 9886 	9891 	9888
f 9891 	9886 	9887
f 9888 	9889 	9890
f 9889 	9888 	9891
f 9887 	8348 	9891
f 9892 	9889 	9891
f 9884 	9888 	9890
f 9888 	8292 	9886
f 8275 	8278 	9884
f 9888 	9884 	8278
f 9888 	8278 	8292
f 9883 	9880 	9879
f 9879 	9885 	9883
f 9879 	9882 	9885
f 9883 	9890 	9880
f 9884 	9890 	9883
f 9890 	9889 	9880
f 9893 	9880 	9889
f 9892 	9893 	9889
f 8344 	9895 	8336
f 9878 	8347 	8349
f 8344 	8347 	9895
f 9894 	9895 	8347
f 9895 	9880 	9893
f 9880 	9895 	9894
f 8347 	9878 	9894
f 9877 	9894 	9878
f 9880 	9894 	9877
f 8341 	8336 	9896
f 9896 	8336 	9895
f 9896 	9891 	8341
f 8348 	8341 	9891
f 9895 	9892 	9896
f 9892 	9895 	9893
f 9896 	9892 	9891
f 9899 	9897 	9898
f 9897 	9899 	8360
f 9898 	9900 	9899
f 9901 	9899 	9900
f 8330 	9898 	9897
f 9898 	8330 	8333
f 8360 	8330 	9897
f 8333 	8296 	9898
f 8296 	8274 	9898
f 9902 	9898 	8274
f 9898 	9902 	9900
f 9903 	9900 	9902
f 9905 	9906 	9904
f 9907 	9908 	8250
f 9902 	9908 	9907
f 8250 	9904 	9907
f 9903 	9902 	9907
f 8250 	9908 	8254
f 8274 	9908 	9902
f 8267 	9908 	8274
f 9908 	8267 	8254
f 9905 	9904 	8272
f 8272 	9904 	8250
f 8277 	9905 	8272
f 9909 	9911 	9910
f 8290 	8358 	9909
f 9911 	9909 	8358
f 9906 	9909 	9910
f 9909 	9906 	9905
f 9909 	9905 	8290
f 8277 	8290 	9905
f 9904 	9913 	9907
f 9903 	9907 	9900
f 9910 	9913 	9904
f 9906 	9910 	9904
f 9910 	9911 	9913
f 9913 	9912 	9900
f 9907 	9913 	9900
f 9901 	9900 	9912
f 8339 	9913 	8334
f 8360 	9899 	8339
f 9912 	8339 	9899
f 9912 	9899 	9901
f 8345 	8334 	9913
f 9913 	8339 	9912
f 8345 	9911 	8358
f 9911 	8345 	9913
f 9916 	8372 	9914
f 9916 	9914 	9915
f 9917 	8294 	8291
f 9917 	9918 	8294
f 8294 	9914 	8372
f 9914 	8294 	9918
f 8244 	9918 	9917
f 8262 	9917 	8291
f 8249 	9917 	8262
f 9917 	8249 	8244
f 9915 	9914 	9918
f 9915 	9918 	9919
f 9921 	9922 	8261
f 9920 	8261 	9922
f 8261 	9920 	9923
f 9923 	9919 	9918
f 8261 	9923 	8227
f 8244 	9923 	9918
f 8231 	9923 	8244
f 9923 	8231 	8227
f 9924 	9921 	8261
f 9924 	8261 	8264
f 8332 	9926 	8331
f 9926 	8332 	9925
f 9926 	9928 	9927
f 9928 	9926 	9925
f 9928 	9925 	8332
f 9926 	9922 	9921
f 9922 	9926 	9927
f 9926 	9921 	8331
f 9924 	8331 	9921
f 8266 	8331 	9924
f 8266 	9924 	8264
f 9929 	9923 	9920
f 9919 	9923 	9915
f 9929 	9920 	9927
f 9922 	9927 	9920
f 9929 	9927 	9930
f 9928 	9930 	9927
f 9916 	9923 	9929
f 9923 	9916 	9915
f 9931 	8354 	8356
f 9931 	8369 	8372
f 8369 	9931 	8357
f 8357 	9931 	8356
f 9930 	8354 	9929
f 9916 	9929 	9931
f 9916 	9931 	8372
f 8340 	8354 	9930
f 9931 	9929 	8354
f 8332 	8340 	9928
f 9928 	8340 	9930
f 8461 	9932 	8424
f 9933 	8424 	9932
f 8422 	8424 	9933
f 9932 	9934 	9933
f 9935 	9933 	9934
f 9932 	8461 	9934
f 9936 	9934 	8461
f 9936 	8461 	8263
f 8246 	9938 	9937
f 8263 	9940 	9936
f 9940 	8226 	9939
f 9937 	9939 	8226
f 8226 	9940 	8233
f 9939 	9936 	9940
f 8256 	9940 	8263
f 9940 	8256 	8233
f 9937 	8232 	8246
f 8232 	9937 	8226
f 8405 	8442 	8406
f 8442 	8405 	9942
f 9941 	9942 	8405
f 9942 	9944 	9943
f 9944 	9942 	9941
f 8405 	8371 	9941
f 9944 	9941 	8371
f 9942 	9938 	9945
f 9938 	9942 	9943
f 9945 	9938 	8246
f 8248 	8442 	9945
f 9942 	9945 	8442
f 9945 	8246 	8248
f 9937 	9943 	9936
f 9936 	9939 	9937
f 9946 	9936 	9943
f 9937 	9938 	9943
f 9946 	9943 	9944
f 9936 	9946 	9934
f 9935 	9934 	9946
f 9946 	9947 	8417
f 9935 	9946 	8417
f 9933 	8417 	8422
f 8417 	9933 	9935
f 8370 	8417 	9947
f 9944 	8371 	9947
f 8370 	9947 	8371
f 9946 	9944 	9947
f 9949 	8415 	9948
f 9951 	9949 	9950
f 9948 	9950 	9949
f 8436 	9948 	8415
f 8295 	9948 	8436
f 9948 	8295 	9952
f 8247 	9952 	8295
f 9950 	9948 	9952
f 9953 	9950 	9952
f 9950 	9953 	9954
f 9957 	9953 	9952
f 9954 	9953 	9957
f 9957 	8255 	9955
f 8255 	9957 	8228
f 8247 	9957 	9952
f 8240 	9957 	8247
f 9957 	8240 	8228
f 9955 	8257 	9956
f 8257 	9955 	8255
f 9956 	8257 	8285
f 8452 	8462 	8453
f 8462 	8452 	9958
f 8452 	9959 	9958
f 8427 	9959 	8452
f 9960 	9958 	9959
f 9960 	9963 	9961
f 9962 	9960 	9959
f 9960 	9962 	9963
f 9956 	9960 	9961
f 9960 	8285 	9958
f 8462 	9958 	8285
f 9960 	9956 	8285
f 9955 	9961 	9950
f 9957 	9950 	9954
f 9964 	9950 	9961
f 9956 	9961 	9955
f 9963 	9964 	9961
f 9951 	9950 	9964
f 9957 	9955 	9950
f 8411 	9959 	8427
f 8368 	8392 	9965
f 8414 	9965 	8392
f 9965 	8414 	8415
f 8368 	9965 	9966
f 9966 	9951 	9964
f 9951 	9966 	9965
f 9949 	9965 	8415
f 9965 	9949 	9951
f 8411 	8368 	9967
f 9967 	8368 	9966
f 9959 	8411 	9967
f 9962 	9959 	9967
f 9966 	9964 	9967
f 9967 	9963 	9962
f 9963 	9967 	9964
f 9968 	9970 	9969
f 9971 	9969 	9970
f 8396 	8443 	9971
f 9970 	9972 	9971
f 9973 	9971 	9972
f 8443 	9968 	9969
f 9968 	8443 	8297
f 9969 	9971 	8443
f 8287 	9975 	8297
f 9968 	8297 	9975
f 9974 	9975 	8287
f 8287 	8286 	9974
f 9974 	8286 	8281
f 9970 	9968 	9972
f 9975 	9972 	9968
f 9978 	8236 	9976
f 9975 	9974 	9978
f 8236 	9978 	9974
f 9974 	8281 	8236
f 8234 	8229 	8236
f 9976 	8229 	9977
f 8230 	9977 	8229
f 9976 	8236 	8229
f 8418 	8432 	8419
f 8432 	8418 	9979
f 8418 	9980 	9979
f 8413 	9980 	8418
f 8408 	9984 	8413
f 9979 	9984 	9981
f 9984 	9979 	9980
f 9981 	9982 	9983
f 9982 	9981 	9984
f 9980 	8413 	9984
f 9985 	9982 	9984
f 9986 	9979 	9981
f 9981 	9977 	9986
f 9977 	9981 	9983
f 9979 	9986 	8432
f 8239 	8432 	9986
f 9986 	9977 	8239
f 8230 	8239 	9977
f 9987 	9975 	9983
f 9975 	9978 	9976
f 9976 	9983 	9975
f 9977 	9983 	9976
f 9983 	9982 	9987
f 9985 	9987 	9982
f 9973 	9972 	9987
f 9975 	9987 	9972
f 8367 	8381 	9988
f 9988 	8381 	8396
f 9988 	9989 	9987
f 9973 	9987 	9989
f 9988 	9971 	9989
f 9971 	9988 	8396
f 9973 	9989 	9971
f 8375 	8367 	9990
f 9990 	8367 	9988
f 9990 	9984 	8375
f 8408 	8375 	9984
f 9988 	9985 	9990
f 9985 	9988 	9987
f 9990 	9985 	9984
f 8391 	8245 	9991
f 8391 	9991 	8388
f 9991 	9992 	8388
f 9991 	8245 	9994
f 8245 	9993 	9994
f 8245 	8243 	9993
f 9993 	8243 	8242
f 9995 	9991 	9994
f 9994 	9993 	9995
f 9997 	9998 	9996
f 8238 	8235 	9999
f 9993 	8238 	9999
f 9995 	9993 	9999
f 9996 	9999 	8235
f 9993 	8242 	8238
f 8235 	8270 	9996
f 9997 	9996 	8271
f 8271 	9996 	8270
f 10000 	9997 	8271
f 10000 	8271 	8276
f 8448 	8457 	8449
f 8457 	8448 	10001
f 8448 	10002 	10001
f 8395 	10002 	8448
f 10003 	10001 	10002
f 10003 	10006 	10004
f 10005 	10003 	10002
f 10003 	10005 	10006
f 9997 	10001 	10003
f 10003 	9998 	9997
f 9998 	10003 	10004
f 9997 	8457 	10001
f 8458 	8457 	8280
f 10000 	8457 	9997
f 8280 	8457 	10000
f 8280 	10000 	8276
f 10007 	9991 	9999
f 10007 	9999 	10004
f 10004 	9999 	9996
f 9998 	10004 	9996
f 10004 	10006 	10007
f 9992 	9991 	10007
f 9995 	9999 	9991
f 8379 	10002 	8395
f 8373 	8363 	10008
f 8366 	10008 	8363
f 10008 	8366 	8388
f 10009 	8373 	10007
f 9992 	10007 	10008
f 10008 	8388 	9992
f 8379 	8373 	10009
f 10008 	10007 	8373
f 10002 	8379 	10009
f 10005 	10002 	10009
f 10007 	10006 	10009
f 10009 	10006 	10005
f 10012 	10010 	10011
f 10011 	10013 	10012
f 10014 	10012 	10013
f 8219 	10010 	8387
f 10010 	10012 	8387
f 8216 	10016 	8219
f 10010 	8219 	10016
f 10015 	10016 	8216
f 8216 	8215 	10015
f 10015 	8215 	8218
f 10011 	10010 	10013
f 10018 	10013 	10010
f 10017 	10010 	10016
f 10010 	10017 	10018
f 10022 	8237 	10019
f 10020 	10021 	8237
f 10019 	8237 	10021
f 10022 	10017 	10016
f 10018 	10017 	10022
f 8320 	8237 	10022
f 10015 	8320 	10016
f 10022 	10016 	8320
f 8320 	10015 	8218
f 10023 	10020 	8237
f 10023 	8237 	8241
f 10024 	8365 	10025
f 10025 	10028 	10026
f 8365 	10027 	10025
f 10025 	10027 	10028
f 10021 	10025 	10026
f 10025 	10021 	10020
f 10023 	10024 	10025
f 10023 	8298 	10024
f 10025 	10020 	10023
f 8298 	10023 	8241
f 10019 	10026 	10018
f 10018 	10022 	10019
f 10029 	10018 	10026
f 10019 	10021 	10026
f 10029 	10026 	10028
f 10014 	10013 	10029
f 10018 	10029 	10013
f 8364 	10027 	8365
f 8374 	8377 	10030
f 10030 	8377 	8378
f 8385 	10030 	8378
f 10030 	8385 	8387
f 10031 	8374 	10029
f 10014 	10029 	10030
f 10012 	10030 	8387
f 10030 	10012 	10014
f 8364 	8374 	10031
f 10030 	10029 	8374
f 8364 	10031 	10027
f 10029 	10028 	10031
f 10031 	10028 	10027
f 10033 	8444 	10032
f 8435 	8444 	10033
f 10032 	10034 	10033
f 10035 	10033 	10034
f 8444 	8324 	10032
f 10034 	10032 	8324
f 10034 	8324 	10036
f 10039 	10037 	10038
f 8319 	10037 	8314
f 10040 	8314 	10037
f 8314 	10040 	10036
f 8307 	8314 	10036
f 8307 	10036 	8324
f 10037 	8319 	10038
f 8217 	10038 	8319
f 10041 	8384 	10042
f 8384 	10043 	10042
f 10043 	8384 	10047
f 8383 	10047 	8384
f 10042 	10047 	10044
f 10047 	10042 	10043
f 10044 	10045 	10046
f 10045 	10044 	10047
f 10048 	10045 	10047
f 10042 	10044 	10038
f 10039 	10044 	10046
f 10044 	10039 	10038
f 10042 	10038 	10041
f 10049 	10041 	10038
f 10049 	8217 	10041
f 8456 	10041 	8217
f 10049 	10038 	8217
f 10046 	10034 	10037
f 10040 	10034 	10036
f 10050 	10034 	10046
f 10039 	10046 	10037
f 10046 	10045 	10050
f 10048 	10050 	10045
f 10035 	10034 	10050
f 10040 	10037 	10034
f 8376 	10047 	8383
f 8430 	10051 	8421
f 10051 	8430 	8435
f 10051 	10052 	10050
f 10035 	10050 	10052
f 8435 	10033 	10051
f 10052 	10051 	10033
f 10035 	10052 	10033
f 8421 	10051 	8376
f 10053 	8376 	10051
f 8376 	10053 	10047
f 10051 	10048 	10053
f 10048 	10051 	10050
f 10053 	10048 	10047
f 10055 	8433 	10054
f 10054 	10056 	10055
f 10057 	10055 	10056
f 8433 	10055 	8423
f 8222 	10054 	8433
f 10054 	8222 	10058
f 8325 	10058 	8222
f 10054 	10058 	10056
f 10059 	10056 	10058
f 10060 	8316 	8308
f 8316 	10060 	10064
f 8308 	10061 	10060
f 10061 	8308 	10062
f 10063 	10060 	10061
f 10064 	10059 	8316
f 10058 	8316 	10059
f 8325 	8316 	10058
f 8316 	8301 	8308
f 8221 	10062 	8308
f 10065 	8437 	10066
f 8437 	10067 	10066
f 10067 	8437 	8429
f 8426 	10067 	8429
f 10068 	10066 	10067
f 10068 	10071 	10069
f 10070 	10068 	10067
f 10068 	10070 	10071
f 10061 	10066 	10068
f 10066 	10061 	10062
f 10068 	10063 	10061
f 10063 	10068 	10069
f 10062 	10065 	10066
f 10065 	10062 	8220
f 10065 	8220 	8437
f 8220 	10062 	8221
f 10063 	10056 	10064
f 10064 	10056 	10059
f 10060 	10063 	10064
f 10072 	10057 	10069
f 10069 	10071 	10072
f 10063 	10069 	10056
f 10056 	10069 	10057
f 8416 	10067 	8426
f 8423 	10055 	8398
f 8416 	8393 	10072
f 10073 	8393 	8398
f 10057 	10072 	10073
f 8398 	10055 	10073
f 10057 	10073 	10055
f 10073 	10072 	8393
f 8416 	10070 	10067
f 8416 	10071 	10070
f 10071 	8416 	10072
f 10077 	8382 	10074
f 10076 	10074 	8386
f 8389 	10075 	8386
f 8386 	10075 	10076
f 8431 	8382 	10077
f 8386 	10074 	8382
f 10078 	8438 	10077
f 8431 	10077 	8438
f 10074 	10078 	10077
f 10083 	10082 	10081
f 10081 	10079 	10083
f 10076 	10081 	10082
f 10084 	10082 	10083
f 10076 	10082 	10074
f 10078 	10074 	10082
f 10081 	10076 	10080
f 10085 	8451 	10086
f 8451 	8438 	10086
f 10086 	8438 	10087
f 10087 	10078 	10082
f 10078 	10087 	8438
f 10086 	10087 	10089
f 10088 	10089 	10087
f 10084 	10087 	10082
f 10087 	10084 	10088
f 10086 	10089 	10085
f 8311 	10085 	10089
f 8311 	8451 	10085
f 10088 	10083 	10089
f 10084 	10083 	10088
f 8305 	8299 	10079
f 10081 	10090 	10079
f 10083 	10079 	8299
f 8305 	10079 	10090
f 10090 	8310 	8305
f 10083 	8306 	10089
f 8306 	10083 	8299
f 8311 	10089 	8306
f 8460 	10091 	8459
f 10075 	8459 	10091
f 8389 	8459 	10075
f 10091 	10080 	10075
f 10076 	10075 	10080
f 10091 	8460 	8313
f 10091 	8313 	10081
f 10090 	10081 	8313
f 8323 	10090 	8313
f 8310 	10090 	8323
f 10081 	10080 	10091
f 8455 	10092 	8445
f 10092 	10093 	8445
f 10094 	10096 	8455
f 8224 	10094 	8455
f 10094 	8224 	10095
f 8223 	10095 	8224
f 10095 	8223 	8225
f 10092 	8455 	10096
f 10097 	10092 	10096
f 10094 	10095 	10096
f 10097 	10096 	10095
f 8315 	10098 	8309
f 8315 	10099 	10098
f 10100 	8309 	10098
f 8309 	10097 	10095
f 10097 	8309 	10100
f 10095 	8225 	8309
f 8326 	10099 	8315
f 8402 	8434 	8410
f 8434 	10102 	10101
f 8434 	8402 	10102
f 10099 	8434 	10101
f 10099 	8326 	8434
f 10099 	10101 	10100
f 10099 	10100 	10098
f 10103 	10092 	10102
f 10102 	10100 	10101
f 10100 	10102 	10092
f 10092 	10097 	10100
f 10093 	10092 	10103
f 10093 	8428 	8445
f 8380 	8428 	10105
f 10104 	10105 	8428
f 10105 	10104 	10103
f 10093 	10103 	10104
f 8428 	10093 	10104
f 8397 	8380 	10105
f 8402 	8397 	10105
f 10102 	10105 	10103
f 10105 	10102 	8402
f 8404 	10110 	8394
f 8390 	10106 	8425
f 10110 	8404 	10107
f 10109 	10107 	8404
f 8409 	10108 	8404
f 8404 	10108 	10109
f 8390 	8394 	10110
f 8390 	10110 	10106
f 10111 	10106 	10110
f 10107 	10112 	10110
f 10110 	10112 	10111
f 10114 	10115 	10116
f 10115 	10113 	10117
f 10107 	10114 	10116
f 10118 	10116 	10117
f 10116 	10112 	10107
f 10109 	10114 	10107
f 10117 	10116 	10115
f 8439 	10120 	8440
f 10119 	8440 	10120
f 8439 	10106 	10120
f 8425 	10106 	8439
f 10121 	10120 	10106
f 10121 	10112 	10116
f 10111 	10121 	10106
f 10121 	10111 	10112
f 10120 	10121 	10123
f 10122 	10123 	10121
f 10118 	10121 	10116
f 10121 	10118 	10122
f 10120 	10123 	10119
f 8312 	10119 	10123
f 10119 	8312 	8440
f 10113 	8304 	10117
f 10123 	10122 	8304
f 10117 	8304 	10122
f 10118 	10117 	10122
f 10113 	10115 	10124
f 8318 	8300 	10113
f 10124 	8321 	10113
f 8318 	10113 	8321
f 8304 	10113 	8300
f 8312 	10123 	8304
f 10108 	10125 	10126
f 10125 	10108 	8409
f 10126 	10114 	10108
f 10109 	10108 	10114
f 10125 	8409 	8321
f 10125 	8321 	10127
f 10127 	8321 	10124
f 10125 	10124 	10126
f 10124 	10125 	10127
f 10126 	10124 	10114
f 10115 	10114 	10124
f 8401 	10132 	8400
f 8400 	10132 	10128
f 8400 	10128 	8412
f 8399 	10129 	8401
f 8403 	10131 	8399
f 10130 	10132 	8401
f 10129 	10130 	8401
f 10131 	10130 	10129
f 10131 	10129 	8399
f 10132 	10133 	10128
f 10130 	10134 	10132
f 10132 	10134 	10133
f 10140 	10139 	10135
f 10136 	10135 	10130
f 10135 	10136 	10137
f 10140 	10138 	10139
f 10140 	10141 	10138
f 10130 	10135 	10139
f 10139 	10134 	10130
f 10131 	10136 	10130
f 8446 	8447 	10142
f 8447 	10128 	10142
f 8412 	10128 	8447
f 10143 	10142 	10128
f 10143 	10134 	10139
f 10133 	10143 	10128
f 10143 	10133 	10134
f 10144 	10142 	10143
f 10143 	10138 	10144
f 10138 	10143 	10139
f 10141 	10144 	10138
f 8322 	8446 	10142
f 10144 	8322 	10142
f 8317 	10144 	10140
f 10141 	10140 	10144
f 8317 	10140 	8302
f 10135 	8302 	10140
f 10145 	8302 	10135
f 10135 	10137 	10145
f 10145 	8303 	8302
f 8322 	10144 	8317
f 8403 	8441 	10146
f 10131 	8403 	10146
f 10131 	10146 	10136
f 8441 	8327 	10145
f 8303 	10145 	8327
f 10147 	10136 	8441
f 10146 	8441 	10136
f 10137 	10136 	10147
f 8441 	10145 	10147
f 10147 	10145 	10137
f 6865 	10151 	6866
f 6863 	10148 	6864
f 6861 	10149 	6863
f 10148 	10150 	6864
f 10149 	10150 	10148
f 10149 	10148 	6863
f 6865 	6864 	10150
f 10151 	6865 	10150
f 10152 	10156 	10151
f 10151 	10153 	10152
f 10154 	10152 	10153
f 10151 	10156 	10155
f 10157 	10155 	10156
f 10151 	10150 	10153
f 10149 	10153 	10150
f 6858 	6870 	6871
f 6866 	10151 	6871
f 10158 	10151 	10155
f 10151 	10158 	6871
f 10157 	10158 	10155
f 6871 	10158 	6858
f 6814 	6858 	10158
f 10157 	6814 	10158
f 6802 	6804 	10152
f 10159 	6802 	10152
f 10159 	10152 	10154
f 10156 	10152 	6804
f 6802 	10159 	6806
f 6804 	6814 	10156
f 10157 	10156 	6814
f 10149 	6861 	10160
f 10149 	10160 	10153
f 6859 	10160 	6861
f 10160 	6859 	10161
f 6859 	6805 	10161
f 6805 	10159 	10161
f 6807 	10159 	6805
f 6806 	10159 	6807
f 10160 	10161 	10153
f 10154 	10153 	10161
f 10161 	10159 	10154
f 6862 	10162 	6869
f 10162 	10167 	6869
f 6862 	10163 	10164
f 6867 	10163 	6862
f 10165 	10164 	10163
f 6867 	6873 	10163
f 6884 	10163 	6873
f 10165 	10163 	6884
f 10164 	10162 	6862
f 6872 	6869 	10167
f 10166 	10162 	10164
f 10162 	10166 	10167
f 10169 	10171 	10168
f 10168 	10170 	10167
f 10171 	10172 	10168
f 10170 	10168 	10172
f 10164 	10168 	10166
f 10167 	10166 	10168
f 10165 	10168 	10164
f 6819 	6872 	10173
f 10174 	10167 	10170
f 10167 	10174 	10173
f 10167 	10173 	6872
f 10173 	10175 	10176
f 10175 	10173 	10174
f 10174 	10172 	10175
f 10172 	10174 	10170
f 10175 	10172 	10176
f 10173 	10177 	6819
f 10177 	10173 	10176
f 6819 	10177 	6794
f 6794 	10177 	10176
f 6785 	10176 	10171
f 10172 	10171 	10176
f 6778 	10169 	10178
f 6778 	10171 	10169
f 6778 	10178 	6776
f 10178 	10169 	10179
f 6780 	10178 	10179
f 10178 	6780 	6776
f 6780 	10179 	6784
f 6785 	10171 	6778
f 6794 	10176 	6785
f 6907 	10165 	6884
f 10169 	10180 	10179
f 6818 	10179 	6813
f 6784 	10179 	6818
f 6907 	6813 	10165
f 10180 	10165 	6813
f 10165 	10180 	10168
f 10169 	10168 	10180
f 6813 	10179 	10180
f 10182 	10185 	10181
f 10184 	10182 	10181
f 6895 	10183 	6888
f 10181 	6888 	10183
f 10184 	10181 	10183
f 6888 	10181 	10185
f 6878 	6888 	10185
f 10186 	6879 	10185
f 6878 	10185 	6879
f 10182 	10186 	10185
f 10191 	10190 	10189
f 10189 	10187 	10191
f 10182 	10189 	10190
f 10192 	10190 	10191
f 10182 	10190 	10186
f 10184 	10188 	10182
f 10189 	10182 	10188
f 6883 	10194 	6825
f 10193 	10194 	6883
f 10194 	10186 	10190
f 10186 	10194 	10193
f 6879 	10186 	6883
f 10193 	6883 	10186
f 10194 	10192 	10195
f 10192 	10194 	10190
f 10196 	6825 	10195
f 10194 	10195 	6825
f 6825 	10196 	6803
f 10195 	10192 	10196
f 6803 	10196 	10192
f 10198 	6783 	10197
f 10187 	10189 	10197
f 6779 	10187 	6783
f 6777 	6779 	6783
f 10187 	10197 	6783
f 6791 	6783 	10198
f 6791 	10198 	6799
f 6779 	6781 	10187
f 10191 	10187 	6781
f 10191 	6781 	10192
f 6803 	10192 	6781
f 10199 	10200 	6902
f 10183 	6902 	10200
f 10200 	10188 	10183
f 10184 	10183 	10188
f 6902 	10183 	6895
f 6902 	6820 	10199
f 10201 	6820 	6801
f 10201 	10199 	6820
f 10201 	6801 	10198
f 6799 	10198 	6801
f 10199 	10197 	10200
f 10197 	10199 	10201
f 10200 	10197 	10188
f 10189 	10188 	10197
f 10201 	10198 	10197
f 6899 	6877 	10202
f 6875 	10203 	6877
f 6875 	6892 	6924
f 10204 	10206 	10203
f 10205 	10204 	10203
f 6875 	6924 	10203
f 10205 	10203 	6924
f 6877 	10203 	10206
f 6877 	10207 	10202
f 10207 	6877 	10206
f 10204 	10208 	10206
f 10206 	10208 	10207
f 10214 	10213 	10210
f 10210 	10209 	10214
f 10210 	10212 	10209
f 10212 	10210 	10211
f 10204 	10210 	10213
f 10215 	10213 	10214
f 10204 	10213 	10208
f 10205 	10210 	10204
f 6938 	6910 	10216
f 6910 	10202 	10216
f 6899 	10202 	6910
f 10217 	10216 	10202
f 10217 	10208 	10213
f 10207 	10217 	10202
f 10217 	10207 	10208
f 10218 	10216 	10217
f 10217 	10215 	10218
f 10215 	10217 	10213
f 10218 	10215 	6787
f 10218 	6787 	10216
f 6938 	10216 	6787
f 6824 	6787 	6790
f 6787 	6824 	6938
f 6787 	10215 	10214
f 6782 	10214 	10220
f 10209 	10220 	10214
f 10209 	10219 	10220
f 10221 	10220 	10219
f 10209 	10212 	10219
f 6782 	10220 	6789
f 6809 	10220 	10221
f 10220 	6809 	6789
f 6809 	10221 	6810
f 10214 	6782 	6786
f 10214 	6786 	6787
f 10222 	10211 	6929
f 10210 	6929 	10211
f 6924 	6929 	10205
f 10205 	6929 	10210
f 6931 	10222 	6929
f 6931 	6821 	10222
f 10223 	6821 	6817
f 10223 	10222 	6821
f 10223 	6817 	10221
f 6810 	10221 	6817
f 10222 	10219 	10211
f 10219 	10222 	10223
f 10223 	10221 	10219
f 10212 	10211 	10219
f 6880 	10228 	6881
f 10227 	6880 	10224
f 10226 	10224 	6898
f 10225 	6898 	6921
f 6898 	10225 	10226
f 6898 	10224 	6880
f 10228 	6880 	10227
f 10233 	10232 	10231
f 10231 	10229 	10233
f 10234 	10232 	10233
f 10227 	10230 	10228
f 10224 	10230 	10227
f 10228 	10230 	10232
f 10231 	10232 	10230
f 10226 	10230 	10224
f 6891 	6881 	10228
f 10235 	6891 	10236
f 10236 	10228 	10232
f 6891 	10228 	10236
f 10235 	10236 	10237
f 10234 	10237 	10236
f 10234 	10236 	10232
f 6808 	10235 	10237
f 6932 	10235 	6823
f 10235 	6932 	6891
f 6808 	6823 	10235
f 10237 	6800 	6808
f 10234 	10233 	10237
f 6788 	10238 	10239
f 10238 	6788 	10229
f 10231 	10238 	10229
f 10233 	10229 	6788
f 6798 	6788 	10239
f 6788 	6798 	6792
f 6798 	10239 	6811
f 6788 	6796 	10233
f 10233 	6796 	10237
f 6800 	10237 	6796
f 6788 	6793 	6796
f 10240 	10242 	10241
f 10225 	10241 	10242
f 10241 	10225 	6921
f 10242 	10230 	10225
f 10226 	10225 	10230
f 6926 	10240 	10241
f 10240 	6926 	6815
f 10241 	6921 	6926
f 10240 	6815 	10243
f 10243 	6815 	10239
f 6816 	10239 	6815
f 6811 	10239 	6816
f 10240 	10238 	10242
f 10238 	10240 	10243
f 10242 	10238 	10230
f 10231 	10230 	10238
f 10243 	10239 	10238
f 6905 	10244 	6901
f 10246 	6905 	6912
f 10245 	10248 	10244
f 10247 	10245 	10244
f 6905 	10246 	10244
f 10247 	10244 	10246
f 6897 	6901 	10248
f 6901 	10244 	10248
f 6897 	10248 	6919
f 10249 	6919 	10248
f 10245 	10249 	10248
f 10254 	10253 	10252
f 10252 	10250 	10254
f 10251 	10252 	10253
f 10255 	10253 	10254
f 10245 	10251 	10249
f 10253 	10249 	10251
f 10245 	10247 	10251
f 6919 	10256 	6937
f 6919 	10258 	10256
f 10259 	10256 	10258
f 10257 	10258 	6919
f 10258 	10249 	10253
f 10249 	10258 	10257
f 10249 	10257 	6919
f 10260 	10259 	10255
f 10258 	10255 	10259
f 10255 	10258 	10253
f 10259 	10260 	10256
f 6795 	10256 	10260
f 6937 	10256 	6826
f 6826 	6795 	6797
f 6795 	6826 	10256
f 10260 	10255 	6795
f 10254 	10250 	6812
f 10262 	6812 	10250
f 10262 	10250 	10261
f 10252 	10261 	10250
f 6849 	6812 	10262
f 6756 	6757 	10261
f 6849 	10262 	6757
f 10262 	10261 	6757
f 6795 	10255 	6812
f 10254 	6812 	10255
f 10246 	10263 	10264
f 10264 	10251 	10246
f 10247 	10246 	10251
f 10263 	6915 	6759
f 6915 	10263 	10246
f 6915 	10246 	6912
f 10263 	6759 	10265
f 10265 	6756 	10261
f 6756 	10265 	6759
f 10263 	10261 	10264
f 10261 	10263 	10265
f 10264 	10261 	10251
f 10252 	10251 	10261
f 6906 	10266 	6911
f 6886 	10267 	6874
f 6906 	6874 	10271
f 10269 	10267 	6886
f 6889 	10268 	6886
f 6886 	10268 	10269
f 10267 	10271 	6874
f 6906 	10270 	10266
f 6906 	10271 	10270
f 10272 	10270 	10271
f 10275 	10278 	10277
f 10269 	10275 	10271
f 10278 	10275 	10273
f 10269 	10274 	10275
f 10271 	10275 	10277
f 10277 	10279 	10276
f 10279 	10277 	10278
f 10272 	10271 	10277
f 10271 	10267 	10269
f 6933 	6934 	10280
f 6934 	10266 	10280
f 10266 	6934 	6911
f 10281 	10280 	10266
f 10281 	10272 	10277
f 10270 	10281 	10266
f 10281 	10270 	10272
f 10282 	10280 	10281
f 10281 	10276 	10282
f 10276 	10281 	10277
f 10279 	10282 	10276
f 6758 	6760 	10280
f 6761 	6933 	6760
f 6933 	10280 	6760
f 10282 	6758 	10280
f 6848 	10278 	6839
f 6848 	6758 	10278
f 10279 	10278 	10282
f 10275 	6855 	10273
f 10273 	6839 	10278
f 6839 	10273 	6855
f 10282 	10278 	6758
f 10268 	10283 	10284
f 10283 	10268 	6889
f 10284 	10274 	10268
f 10269 	10268 	10274
f 6896 	10283 	6889
f 10283 	6896 	10285
f 6762 	10285 	6896
f 10285 	6855 	10275
f 6855 	10285 	6762
f 10283 	10285 	10284
f 10284 	10285 	10274
f 10275 	10274 	10285
f 6876 	10287 	6893
f 10288 	10287 	10286
f 10286 	6876 	6914
f 10289 	6893 	10287
f 6876 	10286 	10287
f 6893 	10289 	6894
f 10290 	6894 	10289
f 10291 	10289 	10287
f 10289 	10291 	10290
f 10292 	10298 	10294
f 10298 	10292 	10295
f 10292 	10296 	10295
f 10297 	10295 	10296
f 10287 	10293 	10291
f 10298 	10291 	10293
f 10293 	10294 	10298
f 10288 	10293 	10287
f 10299 	10290 	10300
f 10290 	10299 	6930
f 10300 	10298 	10295
f 10298 	10300 	10290
f 6930 	6894 	10290
f 10291 	10298 	10290
f 10301 	10299 	10300
f 10297 	6856 	10301
f 10300 	10297 	10301
f 10297 	10300 	10295
f 10301 	6856 	10299
f 6930 	10299 	6856
f 6930 	6763 	6764
f 6763 	6930 	6856
f 10296 	10292 	6838
f 6838 	10297 	10296
f 10297 	6838 	6856
f 6838 	10292 	6828
f 10294 	6851 	10292
f 6828 	10292 	6851
f 10288 	10286 	6916
f 10288 	6916 	10293
f 10286 	6914 	6916
f 6916 	6851 	10294
f 6916 	10294 	10293
f 10303 	10306 	10302
f 10302 	10306 	6890
f 6923 	10304 	6904
f 10305 	10303 	10302
f 6890 	6904 	10302
f 10304 	10302 	6904
f 10305 	10302 	10304
f 6882 	6890 	10306
f 10307 	6885 	10306
f 6882 	10306 	6885
f 10303 	10307 	10306
f 10309 	10308 	10305
f 10308 	10309 	10310
f 10305 	10308 	10311
f 10313 	10311 	10312
f 10308 	10312 	10311
f 10307 	10303 	10311
f 10305 	10311 	10303
f 6887 	10315 	6935
f 6935 	10316 	10314
f 10315 	10316 	6935
f 6885 	10315 	6887
f 6935 	10314 	6765
f 10317 	10314 	10316
f 10316 	10307 	10311
f 10307 	10316 	10315
f 6885 	10307 	10315
f 10318 	10317 	10313
f 10316 	10313 	10317
f 10313 	10316 	10311
f 10317 	10318 	10314
f 10319 	10314 	10318
f 6765 	10314 	10319
f 6765 	10319 	6833
f 10318 	10313 	10319
f 10312 	10308 	6829
f 6829 	10313 	10312
f 10321 	6829 	10308
f 10321 	10308 	6847
f 10320 	6847 	10308
f 10310 	10320 	10308
f 6829 	10321 	6827
f 6827 	10321 	6830
f 6831 	10321 	6847
f 10321 	6831 	6830
f 10313 	6829 	10319
f 10319 	6829 	6833
f 10304 	6766 	10322
f 6766 	10304 	6923
f 10322 	10309 	10304
f 10305 	10304 	10309
f 6766 	10320 	10322
f 10322 	10320 	10309
f 10310 	10309 	10320
f 6766 	6847 	10320
f 6909 	10327 	6908
f 6913 	10323 	6909
f 10325 	10323 	6913
f 6917 	10324 	6913
f 6913 	10324 	10325
f 10326 	6909 	10323
f 6900 	6908 	10327
f 10327 	6909 	10326
f 10328 	10331 	10323
f 10329 	10328 	10333
f 10323 	10333 	10328
f 10330 	10323 	10331
f 10332 	10330 	10331
f 10330 	10326 	10323
f 10330 	10327 	10326
f 10325 	10333 	10323
f 6767 	6903 	10336
f 6903 	10334 	10336
f 6900 	10334 	6903
f 10335 	10336 	10334
f 10335 	10327 	10330
f 10327 	10335 	6900
f 10334 	6900 	10335
f 10335 	10332 	10336
f 10332 	10335 	10330
f 6767 	10336 	6846
f 10332 	6843 	10336
f 6846 	10336 	6843
f 10331 	10328 	6841
f 6841 	10332 	10331
f 10328 	10329 	10337
f 6840 	10328 	6842
f 6832 	6840 	6842
f 10328 	10337 	6842
f 6852 	6842 	10337
f 10328 	6840 	6841
f 10332 	6841 	6843
f 6854 	10339 	10338
f 10324 	10338 	10339
f 10339 	10333 	10324
f 10325 	10324 	10333
f 6928 	6854 	10338
f 6854 	6928 	6939
f 10338 	10324 	6917
f 10338 	6917 	6928
f 6854 	6857 	6853
f 6771 	6939 	6768
f 6939 	6771 	6857
f 6857 	6854 	6939
f 6854 	6852 	10337
f 10329 	10333 	10339
f 6854 	10337 	10339
f 10339 	10337 	10329
f 10340 	10343 	6918
f 10342 	10340 	6918
f 6922 	10341 	6918
f 6918 	10341 	10342
f 6918 	10343 	6920
f 6920 	10344 	6927
f 10344 	6920 	10343
f 10340 	10344 	10343
f 10345 	10346 	10347
f 10340 	10345 	10349
f 10350 	10349 	10345
f 10349 	10351 	10348
f 10351 	10349 	10350
f 10349 	10344 	10340
f 10342 	10346 	10340
f 10345 	10340 	10346
f 6936 	10352 	10353
f 10352 	6936 	6927
f 10353 	10344 	10349
f 10344 	10353 	10352
f 10344 	10352 	6927
f 10354 	6936 	10353
f 10353 	10348 	10354
f 10348 	10353 	10349
f 10351 	10354 	10348
f 6769 	6936 	6770
f 6770 	6936 	6850
f 6936 	10354 	6850
f 10351 	10350 	10354
f 10350 	10345 	6835
f 10355 	6835 	10345
f 10355 	10345 	10347
f 10350 	6835 	6834
f 6836 	6835 	10355
f 10350 	6850 	10354
f 6834 	6844 	10350
f 10350 	6844 	6845
f 10350 	6845 	6850
f 10356 	10357 	6925
f 10341 	6925 	10357
f 6922 	6925 	10341
f 10357 	10346 	10341
f 10342 	10341 	10346
f 6773 	6940 	6774
f 6940 	6773 	10356
f 6925 	6940 	10356
f 10356 	6773 	10355
f 10355 	6775 	6837
f 6775 	10355 	6773
f 6836 	10355 	6837
f 10357 	10356 	10346
f 10347 	10346 	10356
f 10356 	10355 	10347
f 7102 	7106 	10361
f 7102 	10361 	7108
f 7108 	10361 	7110
f 10359 	7106 	10358
f 7107 	10358 	7106
f 10360 	10359 	10358
f 7107 	10360 	10358
f 10360 	7107 	7112
f 10359 	10361 	7106
f 10362 	7110 	10361
f 10359 	10362 	10361
f 10365 	10366 	10367
f 10368 	10367 	10366
f 10363 	10368 	10366
f 10359 	10360 	10367
f 10369 	10367 	10368
f 10367 	10362 	10359
f 10365 	10367 	10360
f 10365 	10360 	10364
f 7025 	7110 	10371
f 10370 	10371 	7110
f 10371 	10362 	10367
f 10362 	10371 	10370
f 10362 	10370 	7110
f 10371 	10372 	10373
f 10369 	10373 	10372
f 10371 	10369 	10372
f 10369 	10371 	10367
f 10371 	10373 	7025
f 7025 	10373 	7005
f 6997 	6996 	7002
f 10368 	6997 	7002
f 10369 	7002 	10373
f 7002 	10369 	10368
f 10363 	6997 	10368
f 10363 	10374 	6997
f 10375 	6997 	10374
f 10366 	10374 	10363
f 7018 	6997 	10375
f 10376 	10365 	7112
f 10365 	10364 	7112
f 10360 	7112 	10377
f 10377 	7112 	10364
f 10360 	10377 	10364
f 10376 	7112 	7021
f 10378 	10374 	7021
f 10378 	7021 	10375
f 10375 	7021 	7018
f 10376 	10374 	10365
f 10376 	7021 	10374
f 10378 	10375 	10374
f 10374 	10366 	10365
f 10379 	10380 	7103
f 7105 	10379 	7103
f 7105 	7116 	10379
f 10381 	10379 	7116
f 10379 	10381 	10380
f 7104 	10382 	7111
f 7103 	10380 	7104
f 10383 	7111 	10382
f 10382 	7104 	10380
f 10384 	10382 	10380
f 10382 	10384 	10383
f 10385 	10386 	10387
f 10389 	10390 	10385
f 10391 	10380 	10388
f 10388 	10385 	10390
f 10385 	10388 	10380
f 10384 	10380 	10391
f 10385 	10380 	10386
f 10381 	10386 	10380
f 7022 	10383 	7020
f 10392 	10383 	7022
f 10392 	7022 	7111
f 10393 	10391 	10388
f 10391 	10393 	10383
f 10392 	7111 	10383
f 10384 	10391 	10383
f 10394 	10383 	10393
f 10390 	7015 	10394
f 10393 	10390 	10394
f 10390 	10393 	10388
f 7020 	10383 	10394
f 10394 	7015 	7020
f 10390 	10389 	7015
f 10389 	10385 	10395
f 10395 	10385 	10396
f 10387 	10396 	10385
f 6995 	10389 	10395
f 6995 	10395 	6998
f 6999 	10395 	10396
f 10395 	6999 	6998
f 6999 	10396 	7000
f 7010 	10389 	6995
f 10389 	7010 	7013
f 10389 	7013 	7015
f 7101 	10381 	7116
f 7003 	10386 	7101
f 10381 	7101 	10386
f 7000 	10396 	7004
f 10387 	10386 	7003
f 10396 	7003 	7004
f 7003 	10396 	10387
f 7114 	7117 	10397
f 10397 	7117 	7122
f 10398 	10397 	7122
f 7109 	10400 	7113
f 7114 	10397 	7109
f 10399 	7109 	10397
f 7109 	10399 	10400
f 10405 	10397 	10401
f 10403 	10401 	10397
f 10404 	10397 	10406
f 10405 	10406 	10397
f 10397 	10404 	10399
f 10400 	10399 	10404
f 10403 	10397 	10402
f 10398 	10402 	10397
f 7012 	10400 	10404
f 7113 	10400 	7012
f 10406 	7001 	7012
f 10406 	7012 	10404
f 10405 	7008 	7007
f 10401 	7009 	10405
f 10405 	7007 	10406
f 7001 	10406 	7007
f 7008 	10405 	7009
f 7011 	7009 	10401
f 7011 	10401 	7017
f 10403 	7017 	10401
f 7023 	10398 	7122
f 10398 	7023 	10402
f 7023 	10407 	10402
f 10403 	10402 	10407
f 7017 	10407 	7023
f 10403 	10407 	7017
f 7120 	7121 	7118
f 7121 	10409 	7118
f 10408 	7118 	10409
f 7057 	7124 	7069
f 7121 	7124 	7057
f 10409 	7121 	7057
f 7123 	7119 	10411
f 7118 	10408 	7119
f 10410 	7119 	10408
f 7119 	10410 	10411
f 10416 	10417 	10413
f 10413 	10412 	10416
f 10413 	10414 	10412
f 10410 	10413 	10415
f 10415 	10413 	10417
f 10410 	10415 	10411
f 10410 	10408 	10413
f 10409 	10413 	10408
f 10411 	10415 	7019
f 7019 	7123 	10411
f 10415 	10418 	7014
f 10417 	7014 	10418
f 10417 	10418 	10415
f 7019 	10415 	7016
f 7016 	10415 	7014
f 7014 	10417 	10419
f 10416 	10419 	10417
f 7032 	10419 	10412
f 10419 	7032 	7035
f 10416 	10412 	10419
f 7036 	7071 	7038
f 7036 	10412 	7071
f 10412 	7036 	7032
f 10414 	7071 	10412
f 7024 	10419 	7035
f 10419 	7024 	7006
f 10419 	7006 	7014
f 10409 	7065 	10413
f 7065 	10409 	7057
f 10420 	7065 	7071
f 7065 	10414 	10413
f 10414 	7065 	10420
f 10420 	7071 	10414
f 10421 	7055 	7052
f 10423 	7055 	10421
f 7052 	7059 	10421
f 7059 	10422 	10421
f 7058 	7055 	10424
f 7055 	10423 	10424
f 10423 	10426 	10425
f 10425 	10426 	10427
f 10429 	10423 	10425
f 10429 	10430 	10423
f 10428 	10423 	10430
f 10423 	10428 	10424
f 10423 	10421 	10426
f 10422 	10426 	10421
f 7062 	7058 	10432
f 10431 	10432 	7058
f 10432 	10424 	10428
f 10424 	10432 	10431
f 10431 	7058 	10424
f 7062 	10432 	7037
f 10433 	7037 	10432
f 10432 	10430 	10433
f 10430 	10432 	10428
f 10433 	10430 	7037
f 7062 	7037 	7067
f 7031 	7033 	10429
f 10430 	10429 	7037
f 10434 	7029 	7027
f 10425 	7027 	10429
f 7031 	10429 	7027
f 7027 	10425 	10434
f 10427 	10434 	10425
f 7037 	10429 	7033
f 7063 	10435 	7059
f 10435 	7063 	7070
f 10422 	10435 	10426
f 10435 	10422 	7059
f 7070 	7029 	10434
f 10435 	7070 	10434
f 10435 	10434 	10426
f 10427 	10426 	10434
f 7051 	7049 	10436
f 10437 	10436 	7049
f 7047 	10437 	7049
f 10438 	7051 	10436
f 7051 	10438 	7056
f 10439 	7056 	10438
f 10439 	10438 	10440
f 10439 	10440 	10445
f 10440 	10444 	10445
f 10445 	10443 	10439
f 10436 	10441 	10438
f 10442 	10440 	10438
f 10437 	10441 	10436
f 10442 	10438 	10441
f 10447 	10446 	7056
f 10446 	10439 	10443
f 10439 	10446 	10447
f 10447 	7056 	10439
f 10448 	7056 	10446
f 10448 	10446 	10449
f 10445 	10449 	10446
f 10445 	10446 	10443
f 7056 	10448 	7030
f 7030 	10448 	10449
f 7030 	10449 	7026
f 7034 	10444 	6980
f 6980 	10444 	10440
f 7028 	10449 	10445
f 10449 	7028 	7026
f 10445 	10444 	7028
f 7034 	7028 	10444
f 6975 	6980 	10440
f 10442 	7042 	10440
f 6975 	10440 	7042
f 10437 	7047 	7053
f 10450 	10441 	7053
f 7053 	10441 	10437
f 7053 	7042 	10450
f 7042 	10442 	10450
f 10441 	10450 	10442
f 10452 	10454 	10451
f 7048 	7054 	10454
f 7054 	10451 	10454
f 7060 	10451 	7054
f 10451 	7060 	10452
f 7048 	10453 	7046
f 7048 	10454 	10453
f 10455 	10453 	10454
f 10460 	10459 	10457
f 10460 	10457 	10456
f 10461 	10459 	10460
f 10452 	10457 	10459
f 10459 	10455 	10452
f 10454 	10452 	10455
f 10458 	10456 	10457
f 7039 	7046 	10462
f 10455 	10459 	10462
f 10453 	10462 	7046
f 10462 	10453 	10455
f 7039 	10463 	7041
f 10463 	7039 	10464
f 7039 	10462 	10464
f 10463 	10464 	6969
f 10463 	6969 	6976
f 10461 	6969 	10464
f 10462 	10461 	10464
f 10461 	10462 	10459
f 7041 	10463 	7040
f 10463 	6978 	7043
f 6978 	10463 	6976
f 7040 	10463 	7043
f 10460 	6960 	6966
f 10460 	6966 	10461
f 6969 	10461 	6966
f 6964 	6960 	10460
f 10456 	6974 	6964
f 6964 	10460 	10456
f 10458 	6974 	10456
f 10466 	10457 	7044
f 7044 	10465 	7060
f 10465 	7044 	10457
f 10465 	10457 	7060
f 10452 	7060 	10457
f 10466 	10458 	10457
f 7044 	6974 	10466
f 10458 	10466 	6974
f 7066 	7072 	10470
f 7072 	7066 	7068
f 10467 	10470 	7072
f 7072 	10468 	10467
f 10468 	7072 	7073
f 10470 	7061 	7066
f 10469 	7064 	7061
f 7061 	10471 	10469
f 10471 	7061 	10470
f 10474 	10472 	10473
f 10473 	10476 	10470
f 10476 	10473 	10472
f 10476 	10475 	10470
f 10478 	10470 	10475
f 10477 	10475 	10476
f 10478 	10471 	10470
f 10468 	10473 	10467
f 10470 	10467 	10473
f 7045 	10469 	10479
f 10469 	7045 	7064
f 10479 	10478 	10475
f 10478 	10479 	10469
f 10471 	10478 	10469
f 7045 	10479 	6979
f 6979 	10477 	6973
f 10479 	10477 	6979
f 10477 	10479 	10475
f 6965 	6968 	10476
f 6965 	10476 	6961
f 6973 	10477 	6968
f 6968 	10477 	10476
f 6961 	10476 	6962
f 10472 	6962 	10476
f 6962 	10472 	6967
f 10474 	6967 	10472
f 7100 	10480 	7073
f 10480 	10473 	7073
f 10468 	7073 	10473
f 6006 	6021 	6002
f 10480 	7100 	6970
f 10480 	6970 	10474
f 10480 	10474 	10473
f 6971 	6967 	10474
f 6971 	10474 	6970
f 7082 	7075 	10481
f 10482 	10481 	7075
f 7077 	7079 	10482
f 7077 	10482 	7075
f 10481 	10483 	7082
f 10483 	7084 	7083
f 7083 	7082 	10483
f 10484 	10483 	10481
f 10483 	10484 	7084
f 10482 	10487 	10485
f 10486 	10487 	10482
f 10489 	10490 	10488
f 10489 	10484 	10485
f 10484 	10481 	10485
f 10488 	10484 	10489
f 10485 	10481 	10482
f 7084 	10491 	6981
f 10491 	10484 	10488
f 10484 	10491 	7084
f 10491 	10488 	6981
f 6963 	6981 	10488
f 10490 	6963 	10488
f 6977 	6972 	10485
f 10489 	10485 	6972
f 6972 	6963 	10490
f 10489 	6972 	10490
f 6977 	10487 	6989
f 10487 	6977 	10485
f 6989 	10487 	6992
f 7092 	10482 	7079
f 10482 	7092 	10486
f 7092 	6953 	10486
f 10487 	10486 	6953
f 6953 	6992 	10487
f 7078 	7091 	10492
f 10493 	10492 	7091
f 7093 	10494 	10493
f 7093 	10493 	7091
f 7074 	10495 	7076
f 7078 	10495 	7074
f 7076 	10495 	7085
f 10495 	7078 	10496
f 7078 	10492 	10496
f 10495 	10496 	7085
f 10500 	10498 	10496
f 10497 	10496 	10498
f 10500 	10496 	10499
f 10496 	10497 	10502
f 10502 	10501 	10496
f 10496 	10492 	10499
f 10494 	10499 	10493
f 10493 	10499 	10492
f 10496 	10501 	7085
f 6954 	7085 	10501
f 6954 	10501 	6955
f 10502 	6955 	10501
f 6955 	10502 	6993
f 6987 	10502 	10497
f 10502 	6987 	6988
f 10502 	6988 	6993
f 10498 	6986 	10497
f 10497 	6986 	6987
f 10500 	6991 	10498
f 10498 	6991 	6986
f 10494 	7093 	6957
f 10494 	6957 	10499
f 6991 	10500 	10499
f 6991 	10499 	6957
f 7080 	10503 	7081
f 10503 	7080 	10504
f 7086 	10504 	7080
f 10504 	7086 	7088
f 7087 	10505 	7090
f 10505 	7087 	10503
f 7081 	10503 	7087
f 7090 	10505 	7094
f 6982 	10506 	6985
f 6982 	10508 	10506
f 10508 	6982 	10507
f 10505 	10503 	10506
f 10503 	6985 	10506
f 10504 	10509 	10503
f 6985 	10503 	10509
f 6956 	7094 	10505
f 10506 	6956 	10505
f 10508 	6958 	10506
f 6956 	10506 	6958
f 10508 	6990 	6958
f 6984 	10507 	6982
f 10507 	6984 	10508
f 6990 	10508 	6984
f 6959 	10509 	7088
f 6985 	10509 	6959
f 10504 	7088 	10509
f 7095 	10511 	10510
f 7095 	10510 	7089
f 7096 	10511 	7095
f 10512 	7089 	10510
f 7089 	10513 	7097
f 10513 	7089 	10512
f 6983 	10514 	5781
f 10515 	7098 	7099
f 10512 	10510 	5781
f 10512 	5781 	10513
f 10514 	10513 	5781
f 10511 	5781 	10510
f 10514 	6994 	10513
f 6994 	7097 	10513
f 10514 	6983 	6994
f 10511 	10515 	5781
f 10515 	7096 	7098
f 7096 	10515 	10511
f 8538 	6952 	7099
f 8539 	8538 	7099
f 8486 	6306 	8498
f 6306 	8486 	8620
f 6308 	6315 	8620
f 6306 	8620 	6315
f 6281 	8486 	8498
f 6281 	6282 	8486
f 6306 	6313 	6304
f 6312 	8591 	6313
f 8591 	6312 	8580
f 6298 	8591 	8580
f 6298 	6296 	8591
f 8581 	8633 	8590
f 8633 	8581 	8628
f 6302 	6300 	8581
f 8590 	6302 	8581
f 6320 	8633 	8628
f 8633 	6320 	6321
f 8161 	8159 	8518
f 8161 	8518 	8525
f 8674 	8525 	8518
f 8525 	8674 	8672
f 8555 	8672 	8674
f 8672 	8555 	8554
f 8556 	8557 	8555
f 8555 	8557 	8554
f 6021 	6011 	6002
f 6718 	6712 	6714
f 8461 	8424 	8462
f 8454 	8453 	8462
f 8457 	8443 	8450
f 8450 	8449 	8457
f 8432 	8436 	8420
f 8420 	8419 	8432
f 8442 	8372 	8407
f 8407 	8406 	8442
f 8027 	8024 	8026
f 7856 	7855 	7859
f 7859 	7858 	7856
f 7007 	6754 	7001
f 6306 	6312 	6313
f 6313 	6314 	6306
f 6306 	6314 	6313
f 6313 	8610 	6306
f 6715 	6717 	6711
f 6316 	8675 	8559
f 6752 	6982 	6952
f 6983 	10515 	6952
f 7099 	6952 	10515
f 10516 	10517 	10518
f 10518 	10519 	10516
f 10519 	10518 	10520
f 10520 	10521 	10519
f 10521 	10520 	10522
f 10522 	10523 	10521
f 10523 	10522 	10517
f 10517 	10516 	10523
f 10517 	10522 	10520
f 10520 	10518 	10517
f 10524 	10525 	10526
f 10526 	10527 	10524
f 10528 	10529 	5796
f 5796 	5794 	10528
f 5794 	5796 	5801
f 5801 	5798 	5794
f 5798 	5801 	10530
f 10530 	10531 	5798
f 10529 	10528 	10530
f 10531 	10530 	10528
f 10529 	10530 	5801
f 5801 	5796 	10529
f 10531 	10528 	5794
f 5794 	5798 	10531
f 10525 	10516 	10519
f 10519 	10526 	10525
f 10526 	10519 	10521
f 10521 	10527 	10526
f 10527 	10521 	10523
f 10523 	10524 	10527
f 10524 	10523 	10516
f 10516 	10525 	10524
f 10532 	10533 	10534
f 10534 	10535 	10532
f 10535 	10534 	10536
f 10536 	10537 	10535
f 10537 	10536 	10538
f 10538 	10539 	10537
f 10539 	10538 	10533
f 10533 	10532 	10539
f 10533 	10538 	10536
f 10536 	10534 	10533
f 10540 	10541 	10542
f 10542 	10543 	10540
f 10535 	10542 	10532
f 10541 	10532 	10542
f 10542 	10535 	10537
f 10537 	10543 	10542
f 10543 	10537 	10539
f 10539 	10540 	10543
f 10540 	10539 	10532
f 10532 	10541 	10540
f 10515 	6983 	5781
f 2183 	5779 	5780
f 1514 	1516 	6322
f 1514 	6322 	8673
f 3927 	1514 	8673
f 8675 	3929 	8673
f 3927 	8673 	3929
f 6316 	1507 	8675
f 3929 	8675 	1507
f 1507 	6316 	1508
f 1479 	1481 	6289
f 1479 	6289 	6710
f 1903 	1479 	6710
f 6285 	1474 	6710
f 1903 	6710 	1474
f 1474 	6285 	1475
f 3775 	3774 	3790
f 3774 	3802 	3790
f 3775 	3790 	3771
f 3771 	3772 	3775
f 3801 	1507 	1901
f 1901 	3802 	3801
f 6316 	8559 	8548
f 8548 	6708 	6316
f 8531 	3773 	8530
f 8530 	8547 	8531
f 6708 	3802 	1901
f 6708 	8548 	3802
f 3802 	8548 	8547
f 8547 	3790 	3802
f 3790 	8547 	3771
f 8547 	8530 	3771
# 20934 faces

 #end of obj_0

